slide_id,patch_id,class_label,pseudotime,pseudotime_norm,total_cells,mean_confidence,cancer_cells,lymphocytes,fibroblasts,plasmocytes,eosinophils,neutrophils,macrophages,smooth_muscle,endothelial,red_blood_cells,epithelial_normal,mitotic_figures,apoptotic_bodies,cancer_cells_prop,lymphocytes_prop,fibroblasts_prop,plasmocytes_prop,eosinophils_prop,neutrophils_prop,macrophages_prop,smooth_muscle_prop,endothelial_prop,red_blood_cells_prop,epithelial_normal_prop,mitotic_figures_prop,apoptotic_bodies_prop
0009,0013186,Adenoma low grade,0.042369294911623,0.042369294911623,48,0.9853039137243922,44,0,0,0,0,0,1,0,2,0,0,1,0,0.9166666666666666,0.0,0.0,0.0,0.0,0.0,0.020833333333333332,0.0,0.041666666666666664,0.0,0.0,0.020833333333333332,0.0
0009,0119666,Adenoma low grade,0.026549745351076126,0.026549745351076126,20,0.988888879088129,16,0,1,0,0,0,0,0,3,0,0,0,0,0.8,0.0,0.05,0.0,0.0,0.0,0.0,0.0,0.15,0.0,0.0,0.0,0.0
0009,0132186,Adenoma low grade,0.02610059455037117,0.02610059455037117,30,0.9985607571381243,30,0,0,0,0,0,0,0,0,0,0,0,0,1.0,0.0,0.0,0.0,0.0,0.0,0.0,0.0,0.0,0.0,0.0,0.0,0.0
0009,0289200,Adenoma low grade,0.027365580201148987,0.027365580201148987,41,0.9455633880199964,41,0,0,0,0,0,0,0,0,0,0,0,0,1.0,0.0,0.0,0.0,0.0,0.0,0.0,0.0,0.0,0.0,0.0,0.0,0.0
0009,0362392,Adenoma low grade,0.020786525681614876,0.020786525681614876,54,0.8853837630294109,27,13,2,5,1,0,1,0,3,0,0,2,0,0.5,0.24074074074074073,0.037037037037037035,0.09259259259259259,0.018518518518518517,0.0,0.018518518518518517,0.0,0.05555555555555555,0.0,0.0,0.037037037037037035,0.0
0009,0412486,Adenoma low grade,0.03921017050743103,0.03921017050743103,6,0.8961163261086921,1,0,2,1,0,0,2,0,0,0,0,0,0,0.16666666666666666,0.0,0.3333333333333333,0.16666666666666666,0.0,0.0,0.3333333333333333,0.0,0.0,0.0,0.0,0.0,0.0
0009,0513479,Adenoma low grade,0.026136314496397972,0.026136314496397972,24,0.9640222236728841,18,0,3,0,0,0,0,0,3,0,0,0,0,0.75,0.0,0.125,0.0,0.0,0.0,0.0,0.0,0.125,0.0,0.0,0.0,0.0
0009,0559717,Adenoma low grade,0.033544592559337616,0.033544592559337616,26,0.9794275368840805,25,0,0,0,0,0,0,0,0,0,1,0,0,0.9615384615384616,0.0,0.0,0.0,0.0,0.0,0.0,0.0,0.0,0.0,0.038461538461538464,0.0,0.0
0009,0785400,Adenoma low grade,0.04668242484331131,0.04668242484331131,16,0.999999989590833,14,0,0,0,0,0,0,0,2,0,0,0,0,0.875,0.0,0.0,0.0,0.0,0.0,0.0,0.0,0.125,0.0,0.0,0.0,0.0
0009,0797382,Adenoma low grade,0.0192415714263916,0.0192415714263916,22,0.9785714211264921,15,1,4,0,0,0,1,0,1,0,0,0,0,0.6818181818181818,0.045454545454545456,0.18181818181818182,0.0,0.0,0.0,0.045454545454545456,0.0,0.045454545454545456,0.0,0.0,0.0,0.0
0009,0819403,Adenoma low grade,0.030975157395005226,0.030975157395005226,43,0.9139793838514151,10,14,14,3,0,0,0,0,2,0,0,0,0,0.23255813953488372,0.32558139534883723,0.32558139534883723,0.06976744186046512,0.0,0.0,0.0,0.0,0.046511627906976744,0.0,0.0,0.0,0.0
0009,0889635,Adenoma low grade,0.02579033002257347,0.02579033002257347,106,0.9611382399590035,66,23,7,1,0,0,7,0,1,1,0,0,0,0.6226415094339622,0.2169811320754717,0.0660377358490566,0.009433962264150943,0.0,0.0,0.0660377358490566,0.0,0.009433962264150943,0.009433962264150943,0.0,0.0,0.0
0021,0433668,Adenoma low grade,0.02468849904835224,0.02468849904835224,38,0.9581135662676935,19,0,14,0,0,0,1,0,1,0,3,0,0,0.5,0.0,0.3684210526315789,0.0,0.0,0.0,0.02631578947368421,0.0,0.02631578947368421,0.0,0.07894736842105263,0.0,0.0
0021,0929872,Adenoma low grade,0.022820837795734406,0.022820837795734406,52,0.854282293533227,24,2,8,2,0,0,1,0,0,0,15,0,0,0.46153846153846156,0.038461538461538464,0.15384615384615385,0.038461538461538464,0.0,0.0,0.019230769230769232,0.0,0.0,0.0,0.28846153846153844,0.0,0.0
0026,0026989,Adenoma low grade,0.012727109715342522,0.012727109715342522,9,0.9150148942272376,3,0,3,0,0,0,1,0,1,1,0,0,0,0.3333333333333333,0.0,0.3333333333333333,0.0,0.0,0.0,0.1111111111111111,0.0,0.1111111111111111,0.1111111111111111,0.0,0.0,0.0
0026,0112320,Adenoma low grade,0.03094431944191456,0.03094431944191456,13,0.9621915117982366,8,0,3,0,0,0,0,0,2,0,0,0,0,0.6153846153846154,0.0,0.23076923076923078,0.0,0.0,0.0,0.0,0.0,0.15384615384615385,0.0,0.0,0.0,0.0
0026,0177003,Adenoma low grade,0.026863878592848778,0.026863878592848778,6,0.9644361875806441,6,0,0,0,0,0,0,0,0,0,0,0,0,1.0,0.0,0.0,0.0,0.0,0.0,0.0,0.0,0.0,0.0,0.0,0.0,0.0
0026,0303910,Adenoma low grade,0.009735360741615295,0.009735360741615295,38,0.966061617842187,23,2,9,0,0,0,0,0,4,0,0,0,0,0.6052631578947368,0.05263157894736842,0.23684210526315788,0.0,0.0,0.0,0.0,0.0,0.10526315789473684,0.0,0.0,0.0,0.0
0026,0427814,Adenoma low grade,0.032137613743543625,0.032137613743543625,16,0.9196435238118432,7,1,5,0,0,0,2,0,1,0,0,0,0,0.4375,0.0625,0.3125,0.0,0.0,0.0,0.125,0.0,0.0625,0.0,0.0,0.0,0.0
0026,0536425,Adenoma low grade,0.018841907382011414,0.018841907382011414,25,0.9803723415282876,17,2,3,3,0,0,0,0,0,0,0,0,0,0.68,0.08,0.12,0.12,0.0,0.0,0.0,0.0,0.0,0.0,0.0,0.0,0.0
0026,0549174,Adenoma low grade,0.03524951636791229,0.03524951636791229,6,0.9999999881421134,4,0,0,0,0,0,0,0,1,0,0,0,1,0.6666666666666666,0.0,0.0,0.0,0.0,0.0,0.0,0.0,0.16666666666666666,0.0,0.0,0.0,0.16666666666666666
0026,0813927,Adenoma low grade,0.0372433103621006,0.0372433103621006,13,0.8997594694880393,11,0,1,0,0,0,0,0,1,0,0,0,0,0.8461538461538461,0.0,0.07692307692307693,0.0,0.0,0.0,0.0,0.0,0.07692307692307693,0.0,0.0,0.0,0.0
0026,0878912,Adenoma low grade,0.05892414599657059,0.05892414599657059,25,0.9989278715087324,25,0,0,0,0,0,0,0,0,0,0,0,0,1.0,0.0,0.0,0.0,0.0,0.0,0.0,0.0,0.0,0.0,0.0,0.0,0.0
0050,0963561,Adenoma low grade,0.035414230078458786,0.035414230078458786,39,0.9919088709071827,30,1,1,0,0,0,0,0,5,1,0,0,1,0.7692307692307693,0.02564102564102564,0.02564102564102564,0.0,0.0,0.0,0.0,0.0,0.1282051282051282,0.02564102564102564,0.0,0.0,0.02564102564102564
0079,0623278,Adenoma low grade,0.0956638753414154,0.0956638753414154,40,0.990099761290993,40,0,0,0,0,0,0,0,0,0,0,0,0,1.0,0.0,0.0,0.0,0.0,0.0,0.0,0.0,0.0,0.0,0.0,0.0,0.0
0079,0971891,Adenoma low grade,0.09899251908063889,0.09899251908063889,43,0.8985107788485457,43,0,0,0,0,0,0,0,0,0,0,0,0,1.0,0.0,0.0,0.0,0.0,0.0,0.0,0.0,0.0,0.0,0.0,0.0,0.0
0088,0369635,Adenoma low grade,0.038742806762456894,0.038742806762456894,24,0.9544823836147525,1,0,5,0,0,0,0,0,0,0,18,0,0,0.041666666666666664,0.0,0.20833333333333334,0.0,0.0,0.0,0.0,0.0,0.0,0.0,0.75,0.0,0.0
0088,0728336,Adenoma low grade,0.013403174467384815,0.013403174467384815,41,0.9773809069538393,40,0,0,0,0,0,0,0,0,0,1,0,0,0.975609756097561,0.0,0.0,0.0,0.0,0.0,0.0,0.0,0.0,0.0,0.024390243902439025,0.0,0.0
0088,0968741,Adenoma low grade,0.057759612798690796,0.057759612798690796,18,0.9891883217890091,18,0,0,0,0,0,0,0,0,0,0,0,0,1.0,0.0,0.0,0.0,0.0,0.0,0.0,0.0,0.0,0.0,0.0,0.0,0.0
0098,0001425,Adenoma low grade,0.024012088775634766,0.024012088775634766,47,0.9044948414583621,29,0,0,7,0,0,5,0,0,0,6,0,0,0.6170212765957447,0.0,0.0,0.14893617021276595,0.0,0.0,0.10638297872340426,0.0,0.0,0.0,0.1276595744680851,0.0,0.0
0098,0016408,Adenoma low grade,0.03595314547419548,0.03595314547419548,23,0.8691209459886642,6,2,2,1,0,0,3,0,3,0,4,0,2,0.2608695652173913,0.08695652173913043,0.08695652173913043,0.043478260869565216,0.0,0.0,0.13043478260869565,0.0,0.13043478260869565,0.0,0.17391304347826086,0.0,0.08695652173913043
0098,0042120,Adenoma low grade,0.020249104127287865,0.020249104127287865,21,0.9701461694014497,20,0,1,0,0,0,0,0,0,0,0,0,0,0.9523809523809523,0.0,0.047619047619047616,0.0,0.0,0.0,0.0,0.0,0.0,0.0,0.0,0.0,0.0
0098,0051429,Adenoma low grade,0.020710652694106102,0.020710652694106102,40,0.9376705202698531,18,2,2,8,0,0,5,0,2,1,2,0,0,0.45,0.05,0.05,0.2,0.0,0.0,0.125,0.0,0.05,0.025,0.05,0.0,0.0
0098,0062072,Adenoma low grade,0.026900194585323334,0.026900194585323334,16,0.9932594456777124,14,1,0,0,0,0,0,0,0,1,0,0,0,0.875,0.0625,0.0,0.0,0.0,0.0,0.0,0.0,0.0,0.0625,0.0,0.0,0.0
0098,0063177,Adenoma low grade,0.022124283015727997,0.022124283015727997,22,0.926649641663403,10,1,5,0,0,0,3,0,0,0,3,0,0,0.45454545454545453,0.045454545454545456,0.22727272727272727,0.0,0.0,0.0,0.13636363636363635,0.0,0.0,0.0,0.13636363636363635,0.0,0.0
0098,0063929,Adenoma low grade,0.014904145151376724,0.014904145151376724,22,0.9968544546424748,21,0,0,0,0,0,0,0,1,0,0,0,0,0.9545454545454546,0.0,0.0,0.0,0.0,0.0,0.0,0.0,0.045454545454545456,0.0,0.0,0.0,0.0
0098,0067104,Adenoma low grade,0.01065137144178152,0.01065137144178152,30,0.9261353645598494,7,0,2,3,0,0,8,0,0,0,10,0,0,0.23333333333333334,0.0,0.06666666666666667,0.1,0.0,0.0,0.26666666666666666,0.0,0.0,0.0,0.3333333333333333,0.0,0.0
0098,0102416,Adenoma low grade,0.04623733460903168,0.04623733460903168,40,0.9125527790389091,1,7,8,1,0,0,2,0,1,0,20,0,0,0.025,0.175,0.2,0.025,0.0,0.0,0.05,0.0,0.025,0.0,0.5,0.0,0.0
0098,0114467,Adenoma low grade,0.017965013161301613,0.017965013161301613,24,0.9712685704985099,14,0,2,0,0,0,3,1,4,0,0,0,0,0.5833333333333334,0.0,0.08333333333333333,0.0,0.0,0.0,0.125,0.041666666666666664,0.16666666666666666,0.0,0.0,0.0,0.0
0098,0154536,Adenoma low grade,0.02308027260005474,0.02308027260005474,48,0.9371966574282458,24,5,5,0,0,0,4,0,0,0,10,0,0,0.5,0.10416666666666667,0.10416666666666667,0.0,0.0,0.0,0.08333333333333333,0.0,0.0,0.0,0.20833333333333334,0.0,0.0
0098,0180931,Adenoma low grade,0.038979366421699524,0.038979366421699524,24,0.8777831761961897,7,0,6,0,0,0,0,0,0,0,11,0,0,0.2916666666666667,0.0,0.25,0.0,0.0,0.0,0.0,0.0,0.0,0.0,0.4583333333333333,0.0,0.0
0098,0185612,Adenoma low grade,0.02874729409813881,0.02874729409813881,5,0.6505395646043836,4,0,0,0,0,0,0,0,0,0,1,0,0,0.8,0.0,0.0,0.0,0.0,0.0,0.0,0.0,0.0,0.0,0.2,0.0,0.0
0098,0199199,Adenoma low grade,0.03984823077917099,0.03984823077917099,45,0.8299089403156154,9,1,5,2,1,3,9,0,0,0,15,0,0,0.2,0.022222222222222223,0.1111111111111111,0.044444444444444446,0.022222222222222223,0.06666666666666667,0.2,0.0,0.0,0.0,0.3333333333333333,0.0,0.0
0098,0225531,Adenoma low grade,0.041158560663461685,0.041158560663461685,21,0.7940332234741871,10,2,1,0,0,0,0,0,3,0,5,0,0,0.47619047619047616,0.09523809523809523,0.047619047619047616,0.0,0.0,0.0,0.0,0.0,0.14285714285714285,0.0,0.23809523809523808,0.0,0.0
0098,0261349,Adenoma low grade,0.01003862265497446,0.01003862265497446,15,0.9357954275575173,2,0,2,0,0,0,0,0,1,0,10,0,0,0.13333333333333333,0.0,0.13333333333333333,0.0,0.0,0.0,0.0,0.0,0.06666666666666667,0.0,0.6666666666666666,0.0,0.0
0098,0263147,Adenoma low grade,0.033646900206804276,0.033646900206804276,41,0.9075859295405464,18,5,3,9,0,0,4,0,0,0,2,0,0,0.43902439024390244,0.12195121951219512,0.07317073170731707,0.21951219512195122,0.0,0.0,0.0975609756097561,0.0,0.0,0.0,0.04878048780487805,0.0,0.0
0098,0266181,Adenoma low grade,0.03228665143251419,0.03228665143251419,34,0.9007519718397801,23,2,3,0,0,0,1,0,4,0,1,0,0,0.6764705882352942,0.058823529411764705,0.08823529411764706,0.0,0.0,0.0,0.029411764705882353,0.0,0.11764705882352941,0.0,0.029411764705882353,0.0,0.0
0098,0285749,Adenoma low grade,0.032811734825372696,0.032811734825372696,46,0.9208642825993644,28,0,10,0,0,0,4,0,0,0,4,0,0,0.6086956521739131,0.0,0.21739130434782608,0.0,0.0,0.0,0.08695652173913043,0.0,0.0,0.0,0.08695652173913043,0.0,0.0
0098,0305113,Adenoma low grade,0.008350958116352558,0.008350958116352558,20,0.8635362883229598,12,0,0,1,0,0,1,0,1,0,5,0,0,0.6,0.0,0.0,0.05,0.0,0.0,0.05,0.0,0.05,0.0,0.25,0.0,0.0
0098,0316693,Adenoma low grade,0.03013095073401928,0.03013095073401928,53,0.9649472452676863,32,3,2,7,0,0,8,0,1,0,0,0,0,0.6037735849056604,0.05660377358490566,0.03773584905660377,0.1320754716981132,0.0,0.0,0.1509433962264151,0.0,0.018867924528301886,0.0,0.0,0.0,0.0
0098,0393880,Adenoma low grade,0.028758971020579338,0.028758971020579338,38,0.9186651550638282,16,2,5,0,0,0,6,0,1,0,8,0,0,0.42105263157894735,0.05263157894736842,0.13157894736842105,0.0,0.0,0.0,0.15789473684210525,0.0,0.02631578947368421,0.0,0.21052631578947367,0.0,0.0
0098,0457514,Adenoma low grade,0.042190615087747574,0.042190615087747574,20,0.8035113859158509,8,0,5,0,0,0,0,0,0,0,7,0,0,0.4,0.0,0.25,0.0,0.0,0.0,0.0,0.0,0.0,0.0,0.35,0.0,0.0
0098,0462048,Adenoma low grade,0.020834488794207573,0.020834488794207573,63,0.95801851345191,37,7,6,3,1,0,6,0,0,0,3,0,0,0.5873015873015873,0.1111111111111111,0.09523809523809523,0.047619047619047616,0.015873015873015872,0.0,0.09523809523809523,0.0,0.0,0.0,0.047619047619047616,0.0,0.0
0098,0463485,Adenoma low grade,0.005165412090718746,0.005165412090718746,9,0.9470858060433994,8,1,0,0,0,0,0,0,0,0,0,0,0,0.8888888888888888,0.1111111111111111,0.0,0.0,0.0,0.0,0.0,0.0,0.0,0.0,0.0,0.0,0.0
0098,0492749,Adenoma low grade,0.04808982089161873,0.04808982089161873,26,0.9278749015052339,7,1,1,3,0,0,0,0,0,0,14,0,0,0.2692307692307692,0.038461538461538464,0.038461538461538464,0.11538461538461539,0.0,0.0,0.0,0.0,0.0,0.0,0.5384615384615384,0.0,0.0
0098,0494170,Adenoma low grade,0.06132562831044197,0.06132562831044197,78,0.8994952670502813,34,11,16,6,0,0,10,0,0,0,0,0,1,0.4358974358974359,0.14102564102564102,0.20512820512820512,0.07692307692307693,0.0,0.0,0.1282051282051282,0.0,0.0,0.0,0.0,0.0,0.01282051282051282
0098,0532914,Adenoma low grade,0.02947326935827732,0.02947326935827732,37,0.9609105406256978,19,1,12,0,0,0,1,0,3,0,1,0,0,0.5135135135135135,0.02702702702702703,0.32432432432432434,0.0,0.0,0.0,0.02702702702702703,0.0,0.08108108108108109,0.0,0.02702702702702703,0.0,0.0
0098,0550802,Adenoma low grade,0.015445856377482414,0.015445856377482414,27,0.8548427711774771,6,1,4,1,0,0,1,0,0,0,14,0,0,0.2222222222222222,0.037037037037037035,0.14814814814814814,0.037037037037037035,0.0,0.0,0.037037037037037035,0.0,0.0,0.0,0.5185185185185185,0.0,0.0
0098,0561433,Adenoma low grade,0.014708198606967926,0.014708198606967926,20,0.994891370700023,16,0,3,0,0,0,1,0,0,0,0,0,0,0.8,0.0,0.15,0.0,0.0,0.0,0.05,0.0,0.0,0.0,0.0,0.0,0.0
0098,0565987,Adenoma low grade,0.048522479832172394,0.048522479832172394,12,0.7971155965450535,3,0,2,1,0,0,1,0,1,0,4,0,0,0.25,0.0,0.16666666666666666,0.08333333333333333,0.0,0.0,0.08333333333333333,0.0,0.08333333333333333,0.0,0.3333333333333333,0.0,0.0
0098,0574558,Adenoma low grade,0.04171232506632805,0.04171232506632805,33,0.9382125179403635,24,1,2,3,0,0,1,0,2,0,0,0,0,0.7272727272727273,0.030303030303030304,0.06060606060606061,0.09090909090909091,0.0,0.0,0.030303030303030304,0.0,0.06060606060606061,0.0,0.0,0.0,0.0
0098,0594898,Adenoma low grade,0.028926445171236992,0.028926445171236992,21,0.8984118515646811,7,1,2,7,0,1,2,0,0,0,0,0,1,0.3333333333333333,0.047619047619047616,0.09523809523809523,0.3333333333333333,0.0,0.047619047619047616,0.09523809523809523,0.0,0.0,0.0,0.0,0.0,0.047619047619047616
0098,0610433,Adenoma low grade,0.00832937192171812,0.00832937192171812,40,0.9058649706571394,17,4,5,0,0,0,6,0,0,2,6,0,0,0.425,0.1,0.125,0.0,0.0,0.0,0.15,0.0,0.0,0.05,0.15,0.0,0.0
0098,0685018,Adenoma low grade,0.017172852531075478,0.017172852531075478,50,0.925323046596969,27,2,3,8,1,0,2,1,5,0,0,1,0,0.54,0.04,0.06,0.16,0.02,0.0,0.04,0.02,0.1,0.0,0.0,0.02,0.0
0098,0716644,Adenoma low grade,0.01705898530781269,0.01705898530781269,47,0.8807770931625201,15,6,13,5,0,1,0,0,3,1,0,1,2,0.3191489361702128,0.1276595744680851,0.2765957446808511,0.10638297872340426,0.0,0.02127659574468085,0.0,0.0,0.06382978723404255,0.02127659574468085,0.0,0.02127659574468085,0.0425531914893617
0098,0774286,Adenoma low grade,0.03791968151926994,0.03791968151926994,39,0.9583075288175703,5,1,0,0,0,0,1,0,1,0,31,0,0,0.1282051282051282,0.02564102564102564,0.0,0.0,0.0,0.0,0.02564102564102564,0.0,0.02564102564102564,0.0,0.7948717948717948,0.0,0.0
0098,0781584,Adenoma low grade,0.026799455285072327,0.026799455285072327,17,0.849448214256884,5,0,0,0,0,0,1,0,1,0,10,0,0,0.29411764705882354,0.0,0.0,0.0,0.0,0.0,0.058823529411764705,0.0,0.058823529411764705,0.0,0.5882352941176471,0.0,0.0
0098,0789013,Adenoma low grade,0.029523640871047974,0.029523640871047974,32,0.9049005840050071,7,4,1,6,0,0,8,0,1,0,5,0,0,0.21875,0.125,0.03125,0.1875,0.0,0.0,0.25,0.0,0.03125,0.0,0.15625,0.0,0.0
0098,0835800,Adenoma low grade,0.015002360567450523,0.015002360567450523,42,0.9115834184089622,16,0,8,0,0,0,2,0,0,0,16,0,0,0.38095238095238093,0.0,0.19047619047619047,0.0,0.0,0.0,0.047619047619047616,0.0,0.0,0.0,0.38095238095238093,0.0,0.0
0098,0842732,Adenoma low grade,0.03172776475548744,0.03172776475548744,54,0.9125755701952334,17,4,6,18,0,0,4,0,1,0,3,0,1,0.3148148148148148,0.07407407407407407,0.1111111111111111,0.3333333333333333,0.0,0.0,0.07407407407407407,0.0,0.018518518518518517,0.0,0.05555555555555555,0.0,0.018518518518518517
0098,0891802,Adenoma low grade,0.010001573711633682,0.010001573711633682,49,0.9592930174231991,32,0,6,0,0,0,8,0,2,0,0,1,0,0.6530612244897959,0.0,0.12244897959183673,0.0,0.0,0.0,0.16326530612244897,0.0,0.04081632653061224,0.0,0.0,0.02040816326530612,0.0
0098,0915843,Adenoma low grade,0.024136263877153397,0.024136263877153397,9,0.7891021461882066,6,0,0,1,0,0,0,0,0,0,2,0,0,0.6666666666666666,0.0,0.0,0.1111111111111111,0.0,0.0,0.0,0.0,0.0,0.0,0.2222222222222222,0.0,0.0
0098,0916381,Adenoma low grade,0.04045045003294945,0.04045045003294945,41,0.9152864217665564,27,1,1,0,0,0,4,0,0,0,8,0,0,0.6585365853658537,0.024390243902439025,0.024390243902439025,0.0,0.0,0.0,0.0975609756097561,0.0,0.0,0.0,0.1951219512195122,0.0,0.0
0098,0919067,Adenoma low grade,0.03932160884141922,0.03932160884141922,53,0.9708870293005952,25,11,8,2,0,0,4,0,2,1,0,0,0,0.4716981132075472,0.20754716981132076,0.1509433962264151,0.03773584905660377,0.0,0.0,0.07547169811320754,0.0,0.03773584905660377,0.018867924528301886,0.0,0.0,0.0
0098,0923850,Adenoma low grade,0.024868404492735863,0.024868404492735863,21,0.867177003987259,10,1,3,1,1,0,2,1,0,1,1,0,0,0.47619047619047616,0.047619047619047616,0.14285714285714285,0.047619047619047616,0.047619047619047616,0.0,0.09523809523809523,0.047619047619047616,0.0,0.047619047619047616,0.047619047619047616,0.0,0.0
0098,0931483,Adenoma low grade,0.01613195613026619,0.01613195613026619,56,0.8871462037020205,5,9,13,9,0,0,7,0,1,2,10,0,0,0.08928571428571429,0.16071428571428573,0.23214285714285715,0.16071428571428573,0.0,0.0,0.125,0.0,0.017857142857142856,0.03571428571428571,0.17857142857142858,0.0,0.0
0098,0970704,Adenoma low grade,0.026351993903517723,0.026351993903517723,16,0.617938087736079,10,0,0,4,0,0,0,0,0,0,2,0,0,0.625,0.0,0.0,0.25,0.0,0.0,0.0,0.0,0.0,0.0,0.125,0.0,0.0
0098,0981955,Adenoma low grade,0.036679208278656006,0.036679208278656006,42,0.9128350163086352,6,5,6,17,0,0,7,0,0,0,0,0,1,0.14285714285714285,0.11904761904761904,0.14285714285714285,0.40476190476190477,0.0,0.0,0.16666666666666666,0.0,0.0,0.0,0.0,0.0,0.023809523809523808
0098,0982760,Adenoma low grade,0.030122065916657448,0.030122065916657448,41,0.8433016941266538,12,2,10,1,0,0,7,0,5,2,1,0,1,0.2926829268292683,0.04878048780487805,0.24390243902439024,0.024390243902439025,0.0,0.0,0.17073170731707318,0.0,0.12195121951219512,0.04878048780487805,0.024390243902439025,0.0,0.024390243902439025
0124,0077007,Adenoma low grade,0.003114270744845271,0.003114270744845271,39,0.8959849328497572,8,11,3,9,0,0,6,0,0,0,0,0,2,0.20512820512820512,0.28205128205128205,0.07692307692307693,0.23076923076923078,0.0,0.0,0.15384615384615385,0.0,0.0,0.0,0.0,0.0,0.05128205128205128
0124,0155610,Adenoma low grade,0.04942069575190544,0.04942069575190544,3,0.8685445884505544,3,0,0,0,0,0,0,0,0,0,0,0,0,1.0,0.0,0.0,0.0,0.0,0.0,0.0,0.0,0.0,0.0,0.0,0.0,0.0
0124,0169273,Adenoma low grade,0.03373625874519348,0.03373625874519348,17,0.9114164881575668,10,1,2,1,0,0,2,0,0,0,0,1,0,0.5882352941176471,0.058823529411764705,0.11764705882352941,0.058823529411764705,0.0,0.0,0.11764705882352941,0.0,0.0,0.0,0.0,0.058823529411764705,0.0
0124,0212072,Adenoma low grade,0.024590328335762024,0.024590328335762024,14,0.9792358712620944,13,1,0,0,0,0,0,0,0,0,0,0,0,0.9285714285714286,0.07142857142857142,0.0,0.0,0.0,0.0,0.0,0.0,0.0,0.0,0.0,0.0,0.0
0124,0366058,Adenoma low grade,0.04435345157980919,0.04435345157980919,11,0.7877591577694786,7,1,0,0,0,0,0,0,0,0,3,0,0,0.6363636363636364,0.09090909090909091,0.0,0.0,0.0,0.0,0.0,0.0,0.0,0.0,0.2727272727272727,0.0,0.0
0124,0366930,Adenoma low grade,0.021225646138191223,0.021225646138191223,64,0.9688589815031434,48,6,2,1,0,0,6,0,0,0,0,0,1,0.75,0.09375,0.03125,0.015625,0.0,0.0,0.09375,0.0,0.0,0.0,0.0,0.0,0.015625
0124,0434064,Adenoma low grade,0.05676676332950592,0.05676676332950592,6,0.8884238605270084,6,0,0,0,0,0,0,0,0,0,0,0,0,1.0,0.0,0.0,0.0,0.0,0.0,0.0,0.0,0.0,0.0,0.0,0.0,0.0
0124,0439689,Adenoma low grade,0.007384652737528086,0.007384652737528086,47,0.9483387522345453,2,10,6,1,0,0,8,0,0,0,18,0,2,0.0425531914893617,0.2127659574468085,0.1276595744680851,0.02127659574468085,0.0,0.0,0.1702127659574468,0.0,0.0,0.0,0.3829787234042553,0.0,0.0425531914893617
0124,0590982,Adenoma low grade,0.03246258199214935,0.03246258199214935,12,0.9278035673280821,9,1,1,0,0,0,0,0,0,0,0,0,1,0.75,0.08333333333333333,0.08333333333333333,0.0,0.0,0.0,0.0,0.0,0.0,0.0,0.0,0.0,0.08333333333333333
0124,0817320,Adenoma low grade,0.02165176160633564,0.02165176160633564,4,0.9201007241795219,3,0,0,0,0,0,1,0,0,0,0,0,0,0.75,0.0,0.0,0.0,0.0,0.0,0.25,0.0,0.0,0.0,0.0,0.0,0.0
0124,0823199,Adenoma low grade,0.031631115823984146,0.031631115823984146,27,0.8842492011178498,10,8,1,0,0,0,5,0,3,0,0,0,0,0.37037037037037035,0.2962962962962963,0.037037037037037035,0.0,0.0,0.0,0.18518518518518517,0.0,0.1111111111111111,0.0,0.0,0.0,0.0
0124,0936803,Adenoma low grade,0.01100253313779831,0.01100253313779831,12,0.9924242341244608,12,0,0,0,0,0,0,0,0,0,0,0,0,1.0,0.0,0.0,0.0,0.0,0.0,0.0,0.0,0.0,0.0,0.0,0.0,0.0
0172,0108416,Adenoma low grade,0.05675875023007393,0.05675875023007393,53,0.9998219921143838,52,1,0,0,0,0,0,0,0,0,0,0,0,0.9811320754716981,0.018867924528301886,0.0,0.0,0.0,0.0,0.0,0.0,0.0,0.0,0.0,0.0,0.0
0176,0246615,Adenoma low grade,0.017567802220582962,0.017567802220582962,74,0.9589899145452734,14,12,41,0,3,1,2,0,0,0,0,0,1,0.1891891891891892,0.16216216216216217,0.5540540540540541,0.0,0.04054054054054054,0.013513513513513514,0.02702702702702703,0.0,0.0,0.0,0.0,0.0,0.013513513513513514
0176,0454816,Adenoma low grade,0.03537865728139877,0.03537865728139877,43,0.9290986610833489,13,0,13,0,0,0,0,0,0,0,17,0,0,0.3023255813953488,0.0,0.3023255813953488,0.0,0.0,0.0,0.0,0.0,0.0,0.0,0.3953488372093023,0.0,0.0
0177,0025486,Adenoma low grade,0.014140743762254715,0.014140743762254715,25,0.8788587724203947,5,0,0,1,0,0,1,0,1,0,17,0,0,0.2,0.0,0.0,0.04,0.0,0.0,0.04,0.0,0.04,0.0,0.68,0.0,0.0
0177,0052541,Adenoma low grade,0.016813594847917557,0.016813594847917557,36,0.8580678995348858,27,0,1,1,0,0,0,0,0,0,7,0,0,0.75,0.0,0.027777777777777776,0.027777777777777776,0.0,0.0,0.0,0.0,0.0,0.0,0.19444444444444445,0.0,0.0
0177,0256805,Adenoma low grade,0.021334180608391762,0.021334180608391762,52,0.9214462485573454,25,0,16,2,0,0,1,0,0,0,8,0,0,0.4807692307692308,0.0,0.3076923076923077,0.038461538461538464,0.0,0.0,0.019230769230769232,0.0,0.0,0.0,0.15384615384615385,0.0,0.0
0177,0340344,Adenoma low grade,0.11780674755573273,0.11780674755573273,33,0.9782528064045451,32,0,0,0,0,0,0,0,0,0,0,0,1,0.9696969696969697,0.0,0.0,0.0,0.0,0.0,0.0,0.0,0.0,0.0,0.0,0.0,0.030303030303030304
0177,0450430,Adenoma low grade,0.012353915721178055,0.012353915721178055,48,0.9716157222255841,42,0,3,0,0,0,1,0,2,0,0,0,0,0.875,0.0,0.0625,0.0,0.0,0.0,0.020833333333333332,0.0,0.041666666666666664,0.0,0.0,0.0,0.0
0177,0535145,Adenoma low grade,0.011709674261510372,0.011709674261510372,65,0.9239078547568028,10,0,6,8,0,0,1,0,0,0,39,0,1,0.15384615384615385,0.0,0.09230769230769231,0.12307692307692308,0.0,0.0,0.015384615384615385,0.0,0.0,0.0,0.6,0.0,0.015384615384615385
0177,0569381,Adenoma low grade,0.006894739810377359,0.006894739810377359,34,0.9455437446789146,24,1,5,0,0,0,3,0,0,0,0,0,1,0.7058823529411765,0.029411764705882353,0.14705882352941177,0.0,0.0,0.0,0.08823529411764706,0.0,0.0,0.0,0.0,0.0,0.029411764705882353
0177,0779503,Adenoma low grade,0.005451891105622053,0.005451891105622053,23,0.9847258915684608,16,0,3,0,0,0,2,0,1,0,0,0,1,0.6956521739130435,0.0,0.13043478260869565,0.0,0.0,0.0,0.08695652173913043,0.0,0.043478260869565216,0.0,0.0,0.0,0.043478260869565216
0177,0807679,Adenoma low grade,0.005215924698859453,0.005215924698859453,44,0.9915523698806584,38,0,5,0,0,0,0,0,1,0,0,0,0,0.8636363636363636,0.0,0.11363636363636363,0.0,0.0,0.0,0.0,0.0,0.022727272727272728,0.0,0.0,0.0,0.0
0177,0841678,Adenoma low grade,0.03255514055490494,0.03255514055490494,48,0.8924250532004953,27,0,5,0,0,0,8,0,4,0,1,0,3,0.5625,0.0,0.10416666666666667,0.0,0.0,0.0,0.16666666666666666,0.0,0.08333333333333333,0.0,0.020833333333333332,0.0,0.0625
0177,0994129,Adenoma low grade,0.0064589641988277435,0.0064589641988277435,37,0.8634813507629583,29,1,1,0,0,0,0,0,0,0,6,0,0,0.7837837837837838,0.02702702702702703,0.02702702702702703,0.0,0.0,0.0,0.0,0.0,0.0,0.0,0.16216216216216217,0.0,0.0
0195,0018385,Adenoma low grade,0.06871296465396881,0.06871296465396881,66,0.9979201599370526,62,1,0,0,0,0,2,0,1,0,0,0,0,0.9393939393939394,0.015151515151515152,0.0,0.0,0.0,0.0,0.030303030303030304,0.0,0.015151515151515152,0.0,0.0,0.0,0.0
0195,0023691,Adenoma low grade,0.05535458028316498,0.05535458028316498,86,0.9959070295706532,82,3,1,0,0,0,0,0,0,0,0,0,0,0.9534883720930233,0.03488372093023256,0.011627906976744186,0.0,0.0,0.0,0.0,0.0,0.0,0.0,0.0,0.0,0.0
0195,0042154,Adenoma low grade,0.04303238168358803,0.04303238168358803,51,0.9149879876240413,41,0,0,0,0,0,0,0,0,0,10,0,0,0.803921568627451,0.0,0.0,0.0,0.0,0.0,0.0,0.0,0.0,0.0,0.19607843137254902,0.0,0.0
0195,0060776,Adenoma low grade,0.019460715353488922,0.019460715353488922,47,0.9482176854682067,38,3,5,0,0,0,0,0,0,0,0,1,0,0.8085106382978723,0.06382978723404255,0.10638297872340426,0.0,0.0,0.0,0.0,0.0,0.0,0.0,0.0,0.02127659574468085,0.0
0195,0093317,Adenoma low grade,0.07243165373802185,0.07243165373802185,63,0.9990051589931875,57,0,6,0,0,0,0,0,0,0,0,0,0,0.9047619047619048,0.0,0.09523809523809523,0.0,0.0,0.0,0.0,0.0,0.0,0.0,0.0,0.0,0.0
0195,0220816,Adenoma low grade,0.010036546736955643,0.010036546736955643,42,0.9564975648451502,26,2,9,0,0,0,0,0,1,0,3,1,0,0.6190476190476191,0.047619047619047616,0.21428571428571427,0.0,0.0,0.0,0.0,0.0,0.023809523809523808,0.0,0.07142857142857142,0.023809523809523808,0.0
0195,0244777,Adenoma low grade,0.017572583630681038,0.017572583630681038,45,0.9738559415660852,35,1,6,0,0,0,0,0,3,0,0,0,0,0.7777777777777778,0.022222222222222223,0.13333333333333333,0.0,0.0,0.0,0.0,0.0,0.06666666666666667,0.0,0.0,0.0,0.0
0195,0273732,Adenoma low grade,0.0181474220007658,0.0181474220007658,53,0.9636251934866124,29,10,9,1,0,0,3,0,1,0,0,0,0,0.5471698113207547,0.18867924528301888,0.16981132075471697,0.018867924528301886,0.0,0.0,0.05660377358490566,0.0,0.018867924528301886,0.0,0.0,0.0,0.0
0195,0294910,Adenoma low grade,0.03963005542755127,0.03963005542755127,21,0.9679669188299149,20,0,0,0,0,0,0,0,0,0,0,1,0,0.9523809523809523,0.0,0.0,0.0,0.0,0.0,0.0,0.0,0.0,0.0,0.0,0.047619047619047616,0.0
0195,0303858,Adenoma low grade,0.04049772024154663,0.04049772024154663,50,0.9647362446045882,33,6,10,0,0,0,1,0,0,0,0,0,0,0.66,0.12,0.2,0.0,0.0,0.0,0.02,0.0,0.0,0.0,0.0,0.0,0.0
0195,0332280,Adenoma low grade,0.034298256039619446,0.034298256039619446,42,0.9812664515800454,41,0,1,0,0,0,0,0,0,0,0,0,0,0.9761904761904762,0.0,0.023809523809523808,0.0,0.0,0.0,0.0,0.0,0.0,0.0,0.0,0.0,0.0
0195,0368246,Adenoma low grade,0.022975515574216843,0.022975515574216843,76,0.9702000460837074,64,1,7,0,0,0,0,0,1,0,2,0,1,0.8421052631578947,0.013157894736842105,0.09210526315789473,0.0,0.0,0.0,0.0,0.0,0.013157894736842105,0.0,0.02631578947368421,0.0,0.013157894736842105
0195,0414480,Adenoma low grade,0.015986653044819832,0.015986653044819832,35,0.9985288822699274,33,1,1,0,0,0,0,0,0,0,0,0,0,0.9428571428571428,0.02857142857142857,0.02857142857142857,0.0,0.0,0.0,0.0,0.0,0.0,0.0,0.0,0.0,0.0
0195,0477317,Adenoma low grade,0.03258618339896202,0.03258618339896202,92,0.9729265648948966,82,1,7,0,0,0,0,0,0,0,1,0,1,0.8913043478260869,0.010869565217391304,0.07608695652173914,0.0,0.0,0.0,0.0,0.0,0.0,0.0,0.010869565217391304,0.0,0.010869565217391304
0195,0540745,Adenoma low grade,0.01917140930891037,0.01917140930891037,49,0.9841675336957195,28,13,3,1,0,0,4,0,0,0,0,0,0,0.5714285714285714,0.2653061224489796,0.061224489795918366,0.02040816326530612,0.0,0.0,0.08163265306122448,0.0,0.0,0.0,0.0,0.0,0.0
0195,0544933,Adenoma low grade,0.007349616382271051,0.007349616382271051,67,0.9960078593371945,51,8,5,0,0,0,3,0,0,0,0,0,0,0.7611940298507462,0.11940298507462686,0.07462686567164178,0.0,0.0,0.0,0.04477611940298507,0.0,0.0,0.0,0.0,0.0,0.0
0195,0586797,Adenoma low grade,0.01477521937340498,0.01477521937340498,45,0.9767149565013823,40,2,1,0,0,0,1,0,0,0,0,0,1,0.8888888888888888,0.044444444444444446,0.022222222222222223,0.0,0.0,0.0,0.022222222222222223,0.0,0.0,0.0,0.0,0.0,0.022222222222222223
0195,0628003,Adenoma low grade,0.10927611589431763,0.10927611589431763,68,0.8956024988642743,64,1,0,3,0,0,0,0,0,0,0,0,0,0.9411764705882353,0.014705882352941176,0.0,0.04411764705882353,0.0,0.0,0.0,0.0,0.0,0.0,0.0,0.0,0.0
0195,0673280,Adenoma low grade,0.06310559064149857,0.06310559064149857,93,0.9930025541546046,91,0,0,1,0,0,0,0,1,0,0,0,0,0.978494623655914,0.0,0.0,0.010752688172043012,0.0,0.0,0.0,0.0,0.010752688172043012,0.0,0.0,0.0,0.0
0195,0679378,Adenoma low grade,0.010766247287392616,0.010766247287392616,56,0.9458626939426676,33,2,15,1,0,0,0,0,0,0,5,0,0,0.5892857142857143,0.03571428571428571,0.26785714285714285,0.017857142857142856,0.0,0.0,0.0,0.0,0.0,0.0,0.08928571428571429,0.0,0.0
0195,0783844,Adenoma low grade,0.027052341029047966,0.027052341029047966,79,0.9779102539603194,69,3,3,0,0,0,1,0,3,0,0,0,0,0.8734177215189873,0.0379746835443038,0.0379746835443038,0.0,0.0,0.0,0.012658227848101266,0.0,0.0379746835443038,0.0,0.0,0.0,0.0
0195,0805611,Adenoma low grade,0.0032824084628373384,0.0032824084628373384,55,0.9686869777399694,27,13,7,7,0,0,0,0,1,0,0,0,0,0.4909090909090909,0.23636363636363636,0.12727272727272726,0.12727272727272726,0.0,0.0,0.0,0.0,0.01818181818181818,0.0,0.0,0.0,0.0
0195,0821558,Adenoma low grade,0.021514305844902992,0.021514305844902992,68,0.9690193570221768,56,2,1,1,0,0,0,0,7,0,1,0,0,0.8235294117647058,0.029411764705882353,0.014705882352941176,0.014705882352941176,0.0,0.0,0.0,0.0,0.10294117647058823,0.0,0.014705882352941176,0.0,0.0
0195,0900254,Adenoma low grade,0.017282692715525627,0.017282692715525627,29,0.9519648787771586,21,0,1,0,0,0,0,0,0,0,7,0,0,0.7241379310344828,0.0,0.034482758620689655,0.0,0.0,0.0,0.0,0.0,0.0,0.0,0.2413793103448276,0.0,0.0
0195,0901151,Adenoma low grade,0.02457289956510067,0.02457289956510067,50,0.9068083530920162,32,1,1,0,0,0,0,0,1,0,15,0,0,0.64,0.02,0.02,0.0,0.0,0.0,0.0,0.0,0.02,0.0,0.3,0.0,0.0
0195,1001242,Adenoma low grade,0.008818394504487514,0.008818394504487514,54,0.9603234262805834,41,6,4,0,0,0,1,0,1,0,0,1,0,0.7592592592592593,0.1111111111111111,0.07407407407407407,0.0,0.0,0.0,0.018518518518518517,0.0,0.018518518518518517,0.0,0.0,0.018518518518518517,0.0
0197,0269008,Adenoma low grade,0.023044345900416374,0.023044345900416374,40,0.9673688417704861,27,1,11,1,0,0,0,0,0,0,0,0,0,0.675,0.025,0.275,0.025,0.0,0.0,0.0,0.0,0.0,0.0,0.0,0.0,0.0
0197,0275465,Adenoma low grade,0.018473243340849876,0.018473243340849876,47,0.9759582187831033,38,0,6,0,0,0,0,0,3,0,0,0,0,0.8085106382978723,0.0,0.1276595744680851,0.0,0.0,0.0,0.0,0.0,0.06382978723404255,0.0,0.0,0.0,0.0
0197,0294172,Adenoma low grade,0.019742656499147415,0.019742656499147415,19,0.9499797023631876,13,1,5,0,0,0,0,0,0,0,0,0,0,0.6842105263157895,0.05263157894736842,0.2631578947368421,0.0,0.0,0.0,0.0,0.0,0.0,0.0,0.0,0.0,0.0
0197,0324215,Adenoma low grade,0.01067532878369093,0.01067532878369093,28,0.9768778678846239,19,0,1,0,0,0,0,0,8,0,0,0,0,0.6785714285714286,0.0,0.03571428571428571,0.0,0.0,0.0,0.0,0.0,0.2857142857142857,0.0,0.0,0.0,0.0
0197,0642767,Adenoma low grade,0.03482142835855484,0.03482142835855484,57,0.9806473529049037,51,0,5,0,0,0,1,0,0,0,0,0,0,0.8947368421052632,0.0,0.08771929824561403,0.0,0.0,0.0,0.017543859649122806,0.0,0.0,0.0,0.0,0.0,0.0
0197,0667962,Adenoma low grade,0.027139894664287567,0.027139894664287567,49,0.99672912750697,47,0,2,0,0,0,0,0,0,0,0,0,0,0.9591836734693877,0.0,0.04081632653061224,0.0,0.0,0.0,0.0,0.0,0.0,0.0,0.0,0.0,0.0
0197,0690603,Adenoma low grade,0.04612133651971817,0.04612133651971817,42,0.9810239588996692,35,0,4,0,0,0,0,0,3,0,0,0,0,0.8333333333333334,0.0,0.09523809523809523,0.0,0.0,0.0,0.0,0.0,0.07142857142857142,0.0,0.0,0.0,0.0
0197,0975165,Adenoma low grade,0.04478176683187485,0.04478176683187485,45,0.9206674247643714,8,21,7,0,0,0,8,0,1,0,0,0,0,0.17777777777777778,0.4666666666666667,0.15555555555555556,0.0,0.0,0.0,0.17777777777777778,0.0,0.022222222222222223,0.0,0.0,0.0,0.0
0202,0041435,Adenoma low grade,0.02186349220573902,0.02186349220573902,49,0.9239109103515086,35,4,5,0,0,0,1,0,1,1,2,0,0,0.7142857142857143,0.08163265306122448,0.10204081632653061,0.0,0.0,0.0,0.02040816326530612,0.0,0.02040816326530612,0.02040816326530612,0.04081632653061224,0.0,0.0
0202,0087357,Adenoma low grade,0.018603622913360596,0.018603622913360596,58,0.949244017106176,41,3,3,0,0,0,0,0,2,1,8,0,0,0.7068965517241379,0.05172413793103448,0.05172413793103448,0.0,0.0,0.0,0.0,0.0,0.034482758620689655,0.017241379310344827,0.13793103448275862,0.0,0.0
0202,0122871,Adenoma low grade,0.010700997896492481,0.010700997896492481,42,0.9251382683994374,2,0,0,1,0,0,0,0,0,0,38,0,1,0.047619047619047616,0.0,0.0,0.023809523809523808,0.0,0.0,0.0,0.0,0.0,0.0,0.9047619047619048,0.0,0.023809523809523808
0202,0166134,Adenoma low grade,0.03620149940252304,0.03620149940252304,23,0.9263165413058053,4,11,3,0,0,0,1,0,2,2,0,0,0,0.17391304347826086,0.4782608695652174,0.13043478260869565,0.0,0.0,0.0,0.043478260869565216,0.0,0.08695652173913043,0.08695652173913043,0.0,0.0,0.0
0202,0168120,Adenoma low grade,0.021067822352051735,0.021067822352051735,32,0.8895883406988874,5,0,0,1,0,0,0,0,0,0,26,0,0,0.15625,0.0,0.0,0.03125,0.0,0.0,0.0,0.0,0.0,0.0,0.8125,0.0,0.0
0202,0189901,Adenoma low grade,0.03430507332086563,0.03430507332086563,49,0.9529265383324259,6,7,5,0,0,0,0,0,4,0,27,0,0,0.12244897959183673,0.14285714285714285,0.10204081632653061,0.0,0.0,0.0,0.0,0.0,0.08163265306122448,0.0,0.5510204081632653,0.0,0.0
0202,0253556,Adenoma low grade,0.01346850860863924,0.01346850860863924,31,0.8928850543707063,6,2,0,0,0,0,0,0,0,0,23,0,0,0.1935483870967742,0.06451612903225806,0.0,0.0,0.0,0.0,0.0,0.0,0.0,0.0,0.7419354838709677,0.0,0.0
0202,0284246,Adenoma low grade,0.03238871693611145,0.03238871693611145,43,0.9411791646946983,21,15,0,1,1,0,1,0,4,0,0,0,0,0.4883720930232558,0.3488372093023256,0.0,0.023255813953488372,0.023255813953488372,0.0,0.023255813953488372,0.0,0.09302325581395349,0.0,0.0,0.0,0.0
0202,0318423,Adenoma low grade,0.025052303448319435,0.025052303448319435,13,0.9018932139333267,8,3,0,0,0,0,0,0,0,0,2,0,0,0.6153846153846154,0.23076923076923078,0.0,0.0,0.0,0.0,0.0,0.0,0.0,0.0,0.15384615384615385,0.0,0.0
0202,0332987,Adenoma low grade,0.028397835791110992,0.028397835791110992,48,0.9135921384128967,19,7,5,1,0,0,2,0,4,0,10,0,0,0.3958333333333333,0.14583333333333334,0.10416666666666667,0.020833333333333332,0.0,0.0,0.041666666666666664,0.0,0.08333333333333333,0.0,0.20833333333333334,0.0,0.0
0202,0343463,Adenoma low grade,0.02915974147617817,0.02915974147617817,42,0.9935694733801794,26,2,10,0,0,0,0,0,3,0,0,1,0,0.6190476190476191,0.047619047619047616,0.23809523809523808,0.0,0.0,0.0,0.0,0.0,0.07142857142857142,0.0,0.0,0.023809523809523808,0.0
0202,0362441,Adenoma low grade,0.024319881573319435,0.024319881573319435,43,0.9229575720796881,27,1,6,0,0,0,0,0,0,0,9,0,0,0.627906976744186,0.023255813953488372,0.13953488372093023,0.0,0.0,0.0,0.0,0.0,0.0,0.0,0.20930232558139536,0.0,0.0
0202,0411075,Adenoma low grade,0.02264641784131527,0.02264641784131527,71,0.8706556358190761,30,8,5,19,0,0,0,0,1,0,8,0,0,0.4225352112676056,0.11267605633802817,0.07042253521126761,0.2676056338028169,0.0,0.0,0.0,0.0,0.014084507042253521,0.0,0.11267605633802817,0.0,0.0
0202,0425133,Adenoma low grade,0.02903648279607296,0.02903648279607296,20,0.9746770877024453,12,1,3,1,0,0,0,0,3,0,0,0,0,0.6,0.05,0.15,0.05,0.0,0.0,0.0,0.0,0.15,0.0,0.0,0.0,0.0
0202,0427554,Adenoma low grade,0.03312540426850319,0.03312540426850319,58,0.8856178012049047,26,10,3,3,0,0,0,0,2,2,12,0,0,0.4482758620689655,0.1724137931034483,0.05172413793103448,0.05172413793103448,0.0,0.0,0.0,0.0,0.034482758620689655,0.034482758620689655,0.20689655172413793,0.0,0.0
0202,0448896,Adenoma low grade,0.014288388192653656,0.014288388192653656,9,0.8638376862979253,7,0,1,0,0,0,0,0,0,0,1,0,0,0.7777777777777778,0.0,0.1111111111111111,0.0,0.0,0.0,0.0,0.0,0.0,0.0,0.1111111111111111,0.0,0.0
0202,0505099,Adenoma low grade,0.04352409765124321,0.04352409765124321,21,0.9624327103737974,16,2,3,0,0,0,0,0,0,0,0,0,0,0.7619047619047619,0.09523809523809523,0.14285714285714285,0.0,0.0,0.0,0.0,0.0,0.0,0.0,0.0,0.0,0.0
0202,0549067,Adenoma low grade,0.023467721417546272,0.023467721417546272,36,0.9586134287279945,27,1,4,0,0,0,0,0,1,0,2,1,0,0.75,0.027777777777777776,0.1111111111111111,0.0,0.0,0.0,0.0,0.0,0.027777777777777776,0.0,0.05555555555555555,0.027777777777777776,0.0
0202,0609890,Adenoma low grade,0.02618328109383583,0.02618328109383583,49,0.936518564235451,30,8,3,7,0,0,0,0,1,0,0,0,0,0.6122448979591837,0.16326530612244897,0.061224489795918366,0.14285714285714285,0.0,0.0,0.0,0.0,0.02040816326530612,0.0,0.0,0.0,0.0
0202,0617637,Adenoma low grade,0.034358758479356766,0.034358758479356766,20,0.8574886578789064,2,0,0,0,0,0,0,0,0,0,18,0,0,0.1,0.0,0.0,0.0,0.0,0.0,0.0,0.0,0.0,0.0,0.9,0.0,0.0
0202,0682621,Adenoma low grade,0.03248344734311104,0.03248344734311104,24,0.9262924229994217,14,2,3,0,0,0,2,0,2,0,1,0,0,0.5833333333333334,0.08333333333333333,0.125,0.0,0.0,0.0,0.08333333333333333,0.0,0.08333333333333333,0.0,0.041666666666666664,0.0,0.0
0202,0685666,Adenoma low grade,0.023441988974809647,0.023441988974809647,46,0.9101847960548127,20,3,1,0,0,0,0,0,5,0,17,0,0,0.43478260869565216,0.06521739130434782,0.021739130434782608,0.0,0.0,0.0,0.0,0.0,0.10869565217391304,0.0,0.3695652173913043,0.0,0.0
0202,0706933,Adenoma low grade,0.026085132732987404,0.026085132732987404,65,0.9247551173331264,17,4,6,1,0,0,1,0,1,0,33,1,1,0.26153846153846155,0.06153846153846154,0.09230769230769231,0.015384615384615385,0.0,0.0,0.015384615384615385,0.0,0.015384615384615385,0.0,0.5076923076923077,0.015384615384615385,0.015384615384615385
0202,0707431,Adenoma low grade,0.021028796210885048,0.021028796210885048,32,0.8092848218120947,18,2,1,0,0,0,0,0,0,0,11,0,0,0.5625,0.0625,0.03125,0.0,0.0,0.0,0.0,0.0,0.0,0.0,0.34375,0.0,0.0
0202,0806902,Adenoma low grade,0.036886319518089294,0.036886319518089294,41,0.9380595389734172,2,14,2,2,0,0,0,0,2,0,19,0,0,0.04878048780487805,0.34146341463414637,0.04878048780487805,0.04878048780487805,0.0,0.0,0.0,0.0,0.04878048780487805,0.0,0.4634146341463415,0.0,0.0
0202,0810458,Adenoma low grade,0.017130576074123383,0.017130576074123383,28,0.9481848165390094,18,2,3,0,0,0,0,0,1,0,4,0,0,0.6428571428571429,0.07142857142857142,0.10714285714285714,0.0,0.0,0.0,0.0,0.0,0.03571428571428571,0.0,0.14285714285714285,0.0,0.0
0202,0905279,Adenoma low grade,0.029455678537487984,0.029455678537487984,45,0.8798434592885733,31,3,5,0,0,0,0,0,2,0,4,0,0,0.6888888888888889,0.06666666666666667,0.1111111111111111,0.0,0.0,0.0,0.0,0.0,0.044444444444444446,0.0,0.08888888888888889,0.0,0.0
0202,0939886,Adenoma low grade,0.03331449627876282,0.03331449627876282,29,0.9048915064084052,13,0,3,0,0,0,0,0,1,0,12,0,0,0.4482758620689655,0.0,0.10344827586206896,0.0,0.0,0.0,0.0,0.0,0.034482758620689655,0.0,0.41379310344827586,0.0,0.0
0202,0971443,Adenoma low grade,0.025434188544750214,0.025434188544750214,80,0.8786732453659678,21,35,5,12,0,0,1,0,5,0,0,0,1,0.2625,0.4375,0.0625,0.15,0.0,0.0,0.0125,0.0,0.0625,0.0,0.0,0.0,0.0125
0205,0001607,Adenoma low grade,0.10821199417114258,0.10821199417114258,39,0.9892587574067306,36,0,2,0,0,0,0,0,0,0,0,1,0,0.9230769230769231,0.0,0.05128205128205128,0.0,0.0,0.0,0.0,0.0,0.0,0.0,0.0,0.02564102564102564,0.0
0205,0035481,Adenoma low grade,0.058777887374162674,0.058777887374162674,67,0.954827058086322,33,13,4,1,0,0,15,0,1,0,0,0,0,0.4925373134328358,0.19402985074626866,0.05970149253731343,0.014925373134328358,0.0,0.0,0.22388059701492538,0.0,0.014925373134328358,0.0,0.0,0.0,0.0
0205,0102314,Adenoma low grade,0.09847375005483627,0.09847375005483627,34,0.9476102161434722,29,0,1,0,0,0,1,0,1,0,0,1,1,0.8529411764705882,0.0,0.029411764705882353,0.0,0.0,0.0,0.029411764705882353,0.0,0.029411764705882353,0.0,0.0,0.029411764705882353,0.029411764705882353
0205,0143315,Adenoma low grade,0.054818958044052124,0.054818958044052124,27,0.8826678398049579,7,0,6,5,0,0,5,0,3,0,0,0,1,0.25925925925925924,0.0,0.2222222222222222,0.18518518518518517,0.0,0.0,0.18518518518518517,0.0,0.1111111111111111,0.0,0.0,0.0,0.037037037037037035
0205,0199369,Adenoma low grade,0.055698998272418976,0.055698998272418976,32,0.9639676112116153,32,0,0,0,0,0,0,0,0,0,0,0,0,1.0,0.0,0.0,0.0,0.0,0.0,0.0,0.0,0.0,0.0,0.0,0.0,0.0
0205,0222108,Adenoma low grade,0.043023936450481415,0.043023936450481415,40,0.94469406493481,33,0,2,3,0,0,1,0,0,0,0,0,1,0.825,0.0,0.05,0.075,0.0,0.0,0.025,0.0,0.0,0.0,0.0,0.0,0.025
0205,0249733,Adenoma low grade,0.06434580683708191,0.06434580683708191,54,0.9655816080451417,22,12,3,13,0,0,3,0,1,0,0,0,0,0.4074074074074074,0.2222222222222222,0.05555555555555555,0.24074074074074073,0.0,0.0,0.05555555555555555,0.0,0.018518518518518517,0.0,0.0,0.0,0.0
0205,0297560,Adenoma low grade,0.06116907298564911,0.06116907298564911,52,0.9050105068688012,31,11,3,1,0,0,5,0,1,0,0,0,0,0.5961538461538461,0.21153846153846154,0.057692307692307696,0.019230769230769232,0.0,0.0,0.09615384615384616,0.0,0.019230769230769232,0.0,0.0,0.0,0.0
0205,0314703,Adenoma low grade,0.018828053027391434,0.018828053027391434,36,0.9537095315118533,14,6,6,10,0,0,0,0,0,0,0,0,0,0.3888888888888889,0.16666666666666666,0.16666666666666666,0.2777777777777778,0.0,0.0,0.0,0.0,0.0,0.0,0.0,0.0,0.0
0205,0315508,Adenoma low grade,0.045748401433229446,0.045748401433229446,63,0.9794648185560937,41,9,0,5,0,3,5,0,0,0,0,0,0,0.6507936507936508,0.14285714285714285,0.0,0.07936507936507936,0.0,0.047619047619047616,0.07936507936507936,0.0,0.0,0.0,0.0,0.0,0.0
0205,0319109,Adenoma low grade,0.03929290175437927,0.03929290175437927,70,0.9567133729613072,40,15,5,2,0,0,6,0,2,0,0,0,0,0.5714285714285714,0.21428571428571427,0.07142857142857142,0.02857142857142857,0.0,0.0,0.08571428571428572,0.0,0.02857142857142857,0.0,0.0,0.0,0.0
0205,0345706,Adenoma low grade,0.07475968450307846,0.07475968450307846,64,0.9743235391093574,35,8,2,8,0,0,9,0,2,0,0,0,0,0.546875,0.125,0.03125,0.125,0.0,0.0,0.140625,0.0,0.03125,0.0,0.0,0.0,0.0
0205,0370875,Adenoma low grade,0.02597561478614807,0.02597561478614807,37,0.9333443831481968,13,9,2,9,0,0,4,0,0,0,0,0,0,0.35135135135135137,0.24324324324324326,0.05405405405405406,0.24324324324324326,0.0,0.0,0.10810810810810811,0.0,0.0,0.0,0.0,0.0,0.0
0205,0431604,Adenoma low grade,0.06166098639369011,0.06166098639369011,47,0.9427143244525583,27,8,5,2,0,0,5,0,0,0,0,0,0,0.574468085106383,0.1702127659574468,0.10638297872340426,0.0425531914893617,0.0,0.0,0.10638297872340426,0.0,0.0,0.0,0.0,0.0,0.0
0205,0450683,Adenoma low grade,0.03934751823544502,0.03934751823544502,59,0.9494632957383444,35,6,5,6,0,0,5,0,1,0,0,0,1,0.5932203389830508,0.1016949152542373,0.0847457627118644,0.1016949152542373,0.0,0.0,0.0847457627118644,0.0,0.01694915254237288,0.0,0.0,0.0,0.01694915254237288
0205,0462984,Adenoma low grade,0.03862377256155014,0.03862377256155014,48,0.8891384472544429,26,9,3,1,0,0,6,0,3,0,0,0,0,0.5416666666666666,0.1875,0.0625,0.020833333333333332,0.0,0.0,0.125,0.0,0.0625,0.0,0.0,0.0,0.0
0205,0521061,Adenoma low grade,0.050677116960287094,0.050677116960287094,51,0.9643539430433521,36,5,3,2,0,0,1,0,4,0,0,0,0,0.7058823529411765,0.09803921568627451,0.058823529411764705,0.0392156862745098,0.0,0.0,0.0196078431372549,0.0,0.0784313725490196,0.0,0.0,0.0,0.0
0205,0591356,Adenoma low grade,0.035645343363285065,0.035645343363285065,54,0.9722124443116127,30,5,6,9,0,0,4,0,0,0,0,0,0,0.5555555555555556,0.09259259259259259,0.1111111111111111,0.16666666666666666,0.0,0.0,0.07407407407407407,0.0,0.0,0.0,0.0,0.0,0.0
0205,0630724,Adenoma low grade,0.13617980480194092,0.13617980480194092,66,0.9755930007745719,58,0,6,0,0,0,0,0,2,0,0,0,0,0.8787878787878788,0.0,0.09090909090909091,0.0,0.0,0.0,0.0,0.0,0.030303030303030304,0.0,0.0,0.0,0.0
0205,0632025,Adenoma low grade,0.04761141538619995,0.04761141538619995,51,0.9654843919193773,30,7,2,7,0,0,5,0,0,0,0,0,0,0.5882352941176471,0.13725490196078433,0.0392156862745098,0.13725490196078433,0.0,0.0,0.09803921568627451,0.0,0.0,0.0,0.0,0.0,0.0
0205,0708250,Adenoma low grade,0.04393746331334114,0.04393746331334114,40,0.9601240245161232,38,0,1,0,0,0,0,0,1,0,0,0,0,0.95,0.0,0.025,0.0,0.0,0.0,0.0,0.0,0.025,0.0,0.0,0.0,0.0
0205,0867911,Adenoma low grade,0.03280419856309891,0.03280419856309891,65,0.9447737860969236,29,18,6,5,0,0,5,0,1,0,0,0,1,0.4461538461538462,0.27692307692307694,0.09230769230769231,0.07692307692307693,0.0,0.0,0.07692307692307693,0.0,0.015384615384615385,0.0,0.0,0.0,0.015384615384615385
0205,0875212,Adenoma low grade,0.04104578495025635,0.04104578495025635,35,0.9368762065714112,18,3,4,0,0,0,2,0,7,0,0,1,0,0.5142857142857142,0.08571428571428572,0.11428571428571428,0.0,0.0,0.0,0.05714285714285714,0.0,0.2,0.0,0.0,0.02857142857142857,0.0
0205,0890295,Adenoma low grade,0.03927146643400192,0.03927146643400192,45,0.9288604248241126,35,1,7,1,0,0,1,0,0,0,0,0,0,0.7777777777777778,0.022222222222222223,0.15555555555555556,0.022222222222222223,0.0,0.0,0.022222222222222223,0.0,0.0,0.0,0.0,0.0,0.0
0205,0906196,Adenoma low grade,0.022457147017121315,0.022457147017121315,9,0.9527710684379025,5,1,1,0,0,0,0,0,2,0,0,0,0,0.5555555555555556,0.1111111111111111,0.1111111111111111,0.0,0.0,0.0,0.0,0.0,0.2222222222222222,0.0,0.0,0.0,0.0
0205,0915834,Adenoma low grade,0.051925938576459885,0.051925938576459885,36,0.975642688397937,36,0,0,0,0,0,0,0,0,0,0,0,0,1.0,0.0,0.0,0.0,0.0,0.0,0.0,0.0,0.0,0.0,0.0,0.0,0.0
0205,0943577,Adenoma low grade,0.1293787658214569,0.1293787658214569,34,0.9764740724763383,31,0,0,0,0,0,1,0,2,0,0,0,0,0.9117647058823529,0.0,0.0,0.0,0.0,0.0,0.029411764705882353,0.0,0.058823529411764705,0.0,0.0,0.0,0.0
0205,0960099,Adenoma low grade,0.06405755132436752,0.06405755132436752,61,0.9162260409487113,25,11,8,4,0,0,10,0,2,0,0,0,1,0.4098360655737705,0.18032786885245902,0.13114754098360656,0.06557377049180328,0.0,0.0,0.16393442622950818,0.0,0.03278688524590164,0.0,0.0,0.0,0.01639344262295082
0205,0993311,Adenoma low grade,0.11909540742635727,0.11909540742635727,60,0.9572553280097853,52,0,6,0,0,0,0,0,2,0,0,0,0,0.8666666666666667,0.0,0.1,0.0,0.0,0.0,0.0,0.0,0.03333333333333333,0.0,0.0,0.0,0.0
0206,0087350,Adenoma low grade,0.02415572851896286,0.02415572851896286,62,0.9049523442488285,26,9,7,2,0,0,17,0,1,0,0,0,0,0.41935483870967744,0.14516129032258066,0.11290322580645161,0.03225806451612903,0.0,0.0,0.27419354838709675,0.0,0.016129032258064516,0.0,0.0,0.0,0.0
0206,0404134,Adenoma low grade,0.1198134645819664,0.1198134645819664,108,0.9225538680096141,65,15,10,7,0,0,6,3,0,0,0,2,0,0.6018518518518519,0.1388888888888889,0.09259259259259259,0.06481481481481481,0.0,0.0,0.05555555555555555,0.027777777777777776,0.0,0.0,0.0,0.018518518518518517,0.0
0206,0527128,Adenoma low grade,0.018528766930103302,0.018528766930103302,90,0.9293202608317951,49,11,8,11,0,0,8,0,3,0,0,0,0,0.5444444444444444,0.12222222222222222,0.08888888888888889,0.12222222222222222,0.0,0.0,0.08888888888888889,0.0,0.03333333333333333,0.0,0.0,0.0,0.0
0209,0039430,Adenoma low grade,0.037610944360494614,0.037610944360494614,44,0.9031659913042258,27,8,0,5,0,0,2,0,0,0,0,1,1,0.6136363636363636,0.18181818181818182,0.0,0.11363636363636363,0.0,0.0,0.045454545454545456,0.0,0.0,0.0,0.0,0.022727272727272728,0.022727272727272728
0209,0419306,Adenoma low grade,0.043638233095407486,0.043638233095407486,64,0.9271452976434058,25,15,5,16,0,0,0,0,3,0,0,0,0,0.390625,0.234375,0.078125,0.25,0.0,0.0,0.0,0.0,0.046875,0.0,0.0,0.0,0.0
0209,0436675,Adenoma low grade,0.03823550418019295,0.03823550418019295,53,0.9072539721913798,23,19,5,5,0,0,1,0,0,0,0,0,0,0.4339622641509434,0.3584905660377358,0.09433962264150944,0.09433962264150944,0.0,0.0,0.018867924528301886,0.0,0.0,0.0,0.0,0.0,0.0
0209,0537855,Adenoma low grade,0.03857913240790367,0.03857913240790367,71,0.9369222526906928,31,12,4,20,0,0,0,0,2,2,0,0,0,0.43661971830985913,0.16901408450704225,0.056338028169014086,0.28169014084507044,0.0,0.0,0.0,0.0,0.028169014084507043,0.028169014084507043,0.0,0.0,0.0
0209,0612259,Adenoma low grade,0.02311255782842636,0.02311255782842636,102,0.9229941730102523,27,42,12,13,1,1,4,1,0,0,0,1,0,0.2647058823529412,0.4117647058823529,0.11764705882352941,0.12745098039215685,0.00980392156862745,0.00980392156862745,0.0392156862745098,0.00980392156862745,0.0,0.0,0.0,0.00980392156862745,0.0
0209,0856430,Adenoma low grade,0.026739871129393578,0.026739871129393578,46,0.9025743801624574,10,26,2,3,0,0,4,0,1,0,0,0,0,0.21739130434782608,0.5652173913043478,0.043478260869565216,0.06521739130434782,0.0,0.0,0.08695652173913043,0.0,0.021739130434782608,0.0,0.0,0.0,0.0
0209,0905046,Adenoma low grade,0.045625362545251846,0.045625362545251846,43,0.9131947737988849,22,9,2,4,1,0,0,0,3,1,0,0,1,0.5116279069767442,0.20930232558139536,0.046511627906976744,0.09302325581395349,0.023255813953488372,0.0,0.0,0.0,0.06976744186046512,0.023255813953488372,0.0,0.0,0.023255813953488372
0209,0956572,Adenoma low grade,0.06630229204893112,0.06630229204893112,32,0.9904660930615168,31,0,1,0,0,0,0,0,0,0,0,0,0,0.96875,0.0,0.03125,0.0,0.0,0.0,0.0,0.0,0.0,0.0,0.0,0.0,0.0
0209,0995298,Adenoma low grade,0.05958852916955948,0.05958852916955948,58,0.9611964223846798,39,5,11,0,0,0,3,0,0,0,0,0,0,0.6724137931034483,0.08620689655172414,0.1896551724137931,0.0,0.0,0.0,0.05172413793103448,0.0,0.0,0.0,0.0,0.0,0.0
0214,0186587,Adenoma low grade,0.016288742423057556,0.016288742423057556,53,0.9727931773447758,37,4,9,0,0,0,3,0,0,0,0,0,0,0.6981132075471698,0.07547169811320754,0.16981132075471697,0.0,0.0,0.0,0.05660377358490566,0.0,0.0,0.0,0.0,0.0,0.0
0214,0415197,Adenoma low grade,0.0366661436855793,0.0366661436855793,72,0.9398379849751473,29,9,17,1,0,0,15,0,0,0,0,0,1,0.4027777777777778,0.125,0.2361111111111111,0.013888888888888888,0.0,0.0,0.20833333333333334,0.0,0.0,0.0,0.0,0.0,0.013888888888888888
0214,0442136,Adenoma low grade,0.05433059483766556,0.05433059483766556,84,0.9449731599574207,46,14,11,1,0,2,8,0,0,0,0,0,2,0.5476190476190477,0.16666666666666666,0.13095238095238096,0.011904761904761904,0.0,0.023809523809523808,0.09523809523809523,0.0,0.0,0.0,0.0,0.0,0.023809523809523808
0214,0468289,Adenoma low grade,0.019463660195469856,0.019463660195469856,45,0.9664942247589414,36,1,3,0,0,0,5,0,0,0,0,0,0,0.8,0.022222222222222223,0.06666666666666667,0.0,0.0,0.0,0.1111111111111111,0.0,0.0,0.0,0.0,0.0,0.0
0214,0734966,Adenoma low grade,0.06737207621335983,0.06737207621335983,63,0.9999999920257432,63,0,0,0,0,0,0,0,0,0,0,0,0,1.0,0.0,0.0,0.0,0.0,0.0,0.0,0.0,0.0,0.0,0.0,0.0,0.0
0214,0869556,Adenoma low grade,0.09109586477279663,0.09109586477279663,57,0.9583953956481138,42,3,1,0,0,0,8,0,0,0,0,0,3,0.7368421052631579,0.05263157894736842,0.017543859649122806,0.0,0.0,0.0,0.14035087719298245,0.0,0.0,0.0,0.0,0.0,0.05263157894736842
0214,0965746,Adenoma low grade,0.057997554540634155,0.057997554540634155,76,0.94957071436582,60,3,3,1,0,1,5,0,0,0,0,0,3,0.7894736842105263,0.039473684210526314,0.039473684210526314,0.013157894736842105,0.0,0.013157894736842105,0.06578947368421052,0.0,0.0,0.0,0.0,0.0,0.039473684210526314
0225,0089781,Adenoma low grade,0.01592971198260784,0.01592971198260784,39,0.9666969648321486,16,16,4,0,0,0,3,0,0,0,0,0,0,0.41025641025641024,0.41025641025641024,0.10256410256410256,0.0,0.0,0.0,0.07692307692307693,0.0,0.0,0.0,0.0,0.0,0.0
0225,0135058,Adenoma low grade,0.016145719215273857,0.016145719215273857,59,0.9700562661654255,36,9,4,1,0,0,9,0,0,0,0,0,0,0.6101694915254238,0.15254237288135594,0.06779661016949153,0.01694915254237288,0.0,0.0,0.15254237288135594,0.0,0.0,0.0,0.0,0.0,0.0
0225,0197762,Adenoma low grade,0.013809554278850555,0.013809554278850555,22,0.9304632858331451,16,0,1,1,0,0,0,0,3,0,1,0,0,0.7272727272727273,0.0,0.045454545454545456,0.045454545454545456,0.0,0.0,0.0,0.0,0.13636363636363635,0.0,0.045454545454545456,0.0,0.0
0225,0198991,Adenoma low grade,0.023723501712083817,0.023723501712083817,29,0.8550843923210244,15,3,1,0,0,0,1,0,0,0,9,0,0,0.5172413793103449,0.10344827586206896,0.034482758620689655,0.0,0.0,0.0,0.034482758620689655,0.0,0.0,0.0,0.3103448275862069,0.0,0.0
0225,0226804,Adenoma low grade,0.014230666682124138,0.014230666682124138,28,0.9998168413574637,27,1,0,0,0,0,0,0,0,0,0,0,0,0.9642857142857143,0.03571428571428571,0.0,0.0,0.0,0.0,0.0,0.0,0.0,0.0,0.0,0.0,0.0
0225,0303436,Adenoma low grade,0.023735662922263145,0.023735662922263145,17,0.9726920435157955,12,2,1,0,0,0,1,0,0,0,0,0,1,0.7058823529411765,0.11764705882352941,0.058823529411764705,0.0,0.0,0.0,0.058823529411764705,0.0,0.0,0.0,0.0,0.0,0.058823529411764705
0225,0322097,Adenoma low grade,0.014913235791027546,0.014913235791027546,30,0.8066605079757572,14,0,1,0,0,0,0,0,0,0,15,0,0,0.4666666666666667,0.0,0.03333333333333333,0.0,0.0,0.0,0.0,0.0,0.0,0.0,0.5,0.0,0.0
0225,0537190,Adenoma low grade,0.02170659601688385,0.02170659601688385,31,0.9969233005029972,31,0,0,0,0,0,0,0,0,0,0,0,0,1.0,0.0,0.0,0.0,0.0,0.0,0.0,0.0,0.0,0.0,0.0,0.0,0.0
0225,0570445,Adenoma low grade,0.010581932961940765,0.010581932961940765,19,0.8971871011765806,18,0,0,0,0,0,0,0,0,1,0,0,0,0.9473684210526315,0.0,0.0,0.0,0.0,0.0,0.0,0.0,0.0,0.05263157894736842,0.0,0.0,0.0
0225,0753041,Adenoma low grade,0.009219315834343433,0.009219315834343433,25,0.9967113619070492,25,0,0,0,0,0,0,0,0,0,0,0,0,1.0,0.0,0.0,0.0,0.0,0.0,0.0,0.0,0.0,0.0,0.0,0.0,0.0
0225,0812897,Adenoma low grade,0.01229177601635456,0.01229177601635456,16,0.9250429055160871,13,0,0,1,0,0,0,0,0,0,1,0,1,0.8125,0.0,0.0,0.0625,0.0,0.0,0.0,0.0,0.0,0.0,0.0625,0.0,0.0625
0225,0828270,Adenoma low grade,0.016947709023952484,0.016947709023952484,29,0.858692310343097,7,1,1,0,0,0,0,0,0,0,20,0,0,0.2413793103448276,0.034482758620689655,0.034482758620689655,0.0,0.0,0.0,0.0,0.0,0.0,0.0,0.6896551724137931,0.0,0.0
0225,0889818,Adenoma low grade,0.02876167558133602,0.02876167558133602,26,0.9188605492206753,20,1,2,0,0,0,1,0,0,0,2,0,0,0.7692307692307693,0.038461538461538464,0.07692307692307693,0.0,0.0,0.0,0.038461538461538464,0.0,0.0,0.0,0.07692307692307693,0.0,0.0
0225,1008747,Adenoma low grade,0.012368148192763329,0.012368148192763329,25,0.9549023079047805,20,0,0,0,0,0,0,0,4,0,0,0,1,0.8,0.0,0.0,0.0,0.0,0.0,0.0,0.0,0.16,0.0,0.0,0.0,0.04
0234,0126879,Adenoma low grade,0.055819395929574966,0.055819395929574966,45,0.9796512567318759,41,0,4,0,0,0,0,0,0,0,0,0,0,0.9111111111111111,0.0,0.08888888888888889,0.0,0.0,0.0,0.0,0.0,0.0,0.0,0.0,0.0,0.0
0234,0130949,Adenoma low grade,0.02388959750533104,0.02388959750533104,65,0.9438432383579872,25,4,17,0,0,0,1,0,1,0,17,0,0,0.38461538461538464,0.06153846153846154,0.26153846153846155,0.0,0.0,0.0,0.015384615384615385,0.0,0.015384615384615385,0.0,0.26153846153846155,0.0,0.0
0234,0196158,Adenoma low grade,0.011022231541574001,0.011022231541574001,44,0.9855240178018573,31,1,9,0,0,0,2,0,1,0,0,0,0,0.7045454545454546,0.022727272727272728,0.20454545454545456,0.0,0.0,0.0,0.045454545454545456,0.0,0.022727272727272728,0.0,0.0,0.0,0.0
0234,0381407,Adenoma low grade,0.05024729296565056,0.05024729296565056,18,0.9770683562863359,16,1,0,0,0,0,0,0,0,0,0,0,1,0.8888888888888888,0.05555555555555555,0.0,0.0,0.0,0.0,0.0,0.0,0.0,0.0,0.0,0.0,0.05555555555555555
0234,0524566,Adenoma low grade,0.022825060412287712,0.022825060412287712,36,0.9922499936669618,33,1,1,0,0,0,0,0,1,0,0,0,0,0.9166666666666666,0.027777777777777776,0.027777777777777776,0.0,0.0,0.0,0.0,0.0,0.027777777777777776,0.0,0.0,0.0,0.0
0234,0554617,Adenoma low grade,0.02029312215745449,0.02029312215745449,37,0.9417759011853764,28,0,5,0,0,0,0,0,0,0,4,0,0,0.7567567567567568,0.0,0.13513513513513514,0.0,0.0,0.0,0.0,0.0,0.0,0.0,0.10810810810810811,0.0,0.0
0234,0614258,Adenoma low grade,0.013889449648559093,0.013889449648559093,65,0.9347917385090535,38,0,3,2,0,0,6,0,0,0,15,1,0,0.5846153846153846,0.0,0.046153846153846156,0.03076923076923077,0.0,0.0,0.09230769230769231,0.0,0.0,0.0,0.23076923076923078,0.015384615384615385,0.0
0234,0700677,Adenoma low grade,0.014321088790893555,0.014321088790893555,22,0.9707787497931819,21,0,1,0,0,0,0,0,0,0,0,0,0,0.9545454545454546,0.0,0.045454545454545456,0.0,0.0,0.0,0.0,0.0,0.0,0.0,0.0,0.0,0.0
0234,0719123,Adenoma low grade,0.030252056196331978,0.030252056196331978,39,0.9269308154453438,31,1,5,0,0,0,0,0,0,0,2,0,0,0.7948717948717948,0.02564102564102564,0.1282051282051282,0.0,0.0,0.0,0.0,0.0,0.0,0.0,0.05128205128205128,0.0,0.0
0234,0923216,Adenoma low grade,0.02345743030309677,0.02345743030309677,43,0.9758562876259588,37,0,2,2,0,0,1,0,1,0,0,0,0,0.8604651162790697,0.0,0.046511627906976744,0.046511627906976744,0.0,0.0,0.023255813953488372,0.0,0.023255813953488372,0.0,0.0,0.0,0.0
0234,0975945,Adenoma low grade,0.020221777260303497,0.020221777260303497,55,0.9546785799787635,26,6,17,1,0,0,0,1,2,1,0,1,0,0.4727272727272727,0.10909090909090909,0.3090909090909091,0.01818181818181818,0.0,0.0,0.0,0.01818181818181818,0.03636363636363636,0.01818181818181818,0.0,0.01818181818181818,0.0
0234,0997348,Adenoma low grade,0.01973145827651024,0.01973145827651024,5,0.9743589644555695,5,0,0,0,0,0,0,0,0,0,0,0,0,1.0,0.0,0.0,0.0,0.0,0.0,0.0,0.0,0.0,0.0,0.0,0.0,0.0
0248,0009597,Adenoma low grade,0.0036139036528766155,0.0036139036528766155,46,0.9681863996214178,41,2,0,0,0,0,0,0,0,0,2,0,1,0.8913043478260869,0.043478260869565216,0.0,0.0,0.0,0.0,0.0,0.0,0.0,0.0,0.043478260869565216,0.0,0.021739130434782608
0248,0019512,Adenoma low grade,0.14902850985527039,0.14902850985527039,27,0.947094340415168,26,0,0,0,0,0,0,0,0,0,0,0,1,0.9629629629629629,0.0,0.0,0.0,0.0,0.0,0.0,0.0,0.0,0.0,0.0,0.0,0.037037037037037035
0248,0023614,Adenoma low grade,0.017430225387215614,0.017430225387215614,33,0.954191756444219,26,0,3,1,0,0,0,0,3,0,0,0,0,0.7878787878787878,0.0,0.09090909090909091,0.030303030303030304,0.0,0.0,0.0,0.0,0.09090909090909091,0.0,0.0,0.0,0.0
0248,0043530,Adenoma low grade,0.10447217524051666,0.10447217524051666,21,0.968187935016855,19,0,2,0,0,0,0,0,0,0,0,0,0,0.9047619047619048,0.0,0.09523809523809523,0.0,0.0,0.0,0.0,0.0,0.0,0.0,0.0,0.0,0.0
0248,0073095,Adenoma low grade,0.11295249313116074,0.11295249313116074,43,0.9888349959583841,43,0,0,0,0,0,0,0,0,0,0,0,0,1.0,0.0,0.0,0.0,0.0,0.0,0.0,0.0,0.0,0.0,0.0,0.0,0.0
0248,0114461,Adenoma low grade,0.02011312171816826,0.02011312171816826,56,0.8985299777655066,23,15,14,1,0,0,2,0,1,0,0,0,0,0.4107142857142857,0.26785714285714285,0.25,0.017857142857142856,0.0,0.0,0.03571428571428571,0.0,0.017857142857142856,0.0,0.0,0.0,0.0
0248,0115665,Adenoma low grade,0.1432255059480667,0.1432255059480667,31,0.9868413884815079,31,0,0,0,0,0,0,0,0,0,0,0,0,1.0,0.0,0.0,0.0,0.0,0.0,0.0,0.0,0.0,0.0,0.0,0.0,0.0
0248,0117164,Adenoma low grade,0.018331265076994896,0.018331265076994896,36,0.9589917327008466,27,0,9,0,0,0,0,0,0,0,0,0,0,0.75,0.0,0.25,0.0,0.0,0.0,0.0,0.0,0.0,0.0,0.0,0.0,0.0
0248,0120275,Adenoma low grade,0.09565967321395874,0.09565967321395874,28,0.9959415481983074,28,0,0,0,0,0,0,0,0,0,0,0,0,1.0,0.0,0.0,0.0,0.0,0.0,0.0,0.0,0.0,0.0,0.0,0.0,0.0
0248,0127264,Adenoma low grade,0.10339293628931046,0.10339293628931046,1,0.9448818823237647,1,0,0,0,0,0,0,0,0,0,0,0,0,1.0,0.0,0.0,0.0,0.0,0.0,0.0,0.0,0.0,0.0,0.0,0.0,0.0
0248,0177869,Adenoma low grade,0.10442257672548294,0.10442257672548294,9,0.9265988521765358,9,0,0,0,0,0,0,0,0,0,0,0,0,1.0,0.0,0.0,0.0,0.0,0.0,0.0,0.0,0.0,0.0,0.0,0.0,0.0
0248,0178787,Adenoma low grade,0.1384505331516266,0.1384505331516266,49,0.971114876906314,49,0,0,0,0,0,0,0,0,0,0,0,0,1.0,0.0,0.0,0.0,0.0,0.0,0.0,0.0,0.0,0.0,0.0,0.0,0.0
0248,0225762,Adenoma low grade,0.11056914925575256,0.11056914925575256,61,0.9686916669049347,33,3,24,0,0,0,0,0,1,0,0,0,0,0.5409836065573771,0.04918032786885246,0.39344262295081966,0.0,0.0,0.0,0.0,0.0,0.01639344262295082,0.0,0.0,0.0,0.0
0248,0272172,Adenoma low grade,0.14685572683811188,0.14685572683811188,59,0.9976050022793966,57,0,0,0,0,0,0,0,0,0,0,0,2,0.9661016949152542,0.0,0.0,0.0,0.0,0.0,0.0,0.0,0.0,0.0,0.0,0.0,0.03389830508474576
0248,0288224,Adenoma low grade,0.10441116988658905,0.10441116988658905,9,0.8836310753724983,7,0,0,2,0,0,0,0,0,0,0,0,0,0.7777777777777778,0.0,0.0,0.2222222222222222,0.0,0.0,0.0,0.0,0.0,0.0,0.0,0.0,0.0
0248,0319679,Adenoma low grade,0.11059849709272385,0.11059849709272385,34,0.99636677154357,30,0,4,0,0,0,0,0,0,0,0,0,0,0.8823529411764706,0.0,0.11764705882352941,0.0,0.0,0.0,0.0,0.0,0.0,0.0,0.0,0.0,0.0
0248,0335052,Adenoma low grade,0.11729312688112259,0.11729312688112259,61,0.9889235843885958,60,0,0,0,0,0,0,0,0,1,0,0,0,0.9836065573770492,0.0,0.0,0.0,0.0,0.0,0.0,0.0,0.0,0.01639344262295082,0.0,0.0,0.0
0248,0348062,Adenoma low grade,0.08921262621879578,0.08921262621879578,9,0.9681029562427546,8,0,0,1,0,0,0,0,0,0,0,0,0,0.8888888888888888,0.0,0.0,0.1111111111111111,0.0,0.0,0.0,0.0,0.0,0.0,0.0,0.0,0.0
0248,0348193,Adenoma low grade,0.12034255266189575,0.12034255266189575,81,0.9739839593876258,63,1,17,0,0,0,0,0,0,0,0,0,0,0.7777777777777778,0.012345679012345678,0.20987654320987653,0.0,0.0,0.0,0.0,0.0,0.0,0.0,0.0,0.0,0.0
0248,0364098,Adenoma low grade,0.05372559651732445,0.05372559651732445,68,0.9341705655922777,39,13,2,8,0,0,6,0,0,0,0,0,0,0.5735294117647058,0.19117647058823528,0.029411764705882353,0.11764705882352941,0.0,0.0,0.08823529411764706,0.0,0.0,0.0,0.0,0.0,0.0
0248,0384353,Adenoma low grade,0.008844033814966679,0.008844033814966679,50,0.9545265152837605,29,4,5,10,0,0,2,0,0,0,0,0,0,0.58,0.08,0.1,0.2,0.0,0.0,0.04,0.0,0.0,0.0,0.0,0.0,0.0
0248,0399117,Adenoma low grade,0.12581510841846466,0.12581510841846466,27,0.9935829104577371,26,0,0,0,0,0,0,0,0,0,0,0,1,0.9629629629629629,0.0,0.0,0.0,0.0,0.0,0.0,0.0,0.0,0.0,0.0,0.0,0.037037037037037035
0248,0434616,Adenoma low grade,0.04478243738412857,0.04478243738412857,61,0.9342035603757993,29,17,6,2,0,0,6,0,0,0,0,0,1,0.47540983606557374,0.2786885245901639,0.09836065573770492,0.03278688524590164,0.0,0.0,0.09836065573770492,0.0,0.0,0.0,0.0,0.0,0.01639344262295082
0248,0458957,Adenoma low grade,0.1479613184928894,0.1479613184928894,53,0.9721727363863105,52,0,0,1,0,0,0,0,0,0,0,0,0,0.9811320754716981,0.0,0.0,0.018867924528301886,0.0,0.0,0.0,0.0,0.0,0.0,0.0,0.0,0.0
0248,0497280,Adenoma low grade,0.1468115597963333,0.1468115597963333,45,0.9584601502629053,44,0,0,1,0,0,0,0,0,0,0,0,0,0.9777777777777777,0.0,0.0,0.022222222222222223,0.0,0.0,0.0,0.0,0.0,0.0,0.0,0.0,0.0
0248,0522669,Adenoma low grade,0.0898493081331253,0.0898493081331253,22,0.9950637985531166,21,0,1,0,0,0,0,0,0,0,0,0,0,0.9545454545454546,0.0,0.045454545454545456,0.0,0.0,0.0,0.0,0.0,0.0,0.0,0.0,0.0,0.0
0248,0528983,Adenoma low grade,0.14242766797542572,0.14242766797542572,55,0.8829487390139394,51,0,0,4,0,0,0,0,0,0,0,0,0,0.9272727272727272,0.0,0.0,0.07272727272727272,0.0,0.0,0.0,0.0,0.0,0.0,0.0,0.0,0.0
0248,0578161,Adenoma low grade,0.11905662715435028,0.11905662715435028,46,0.9738150708852388,31,1,9,1,0,0,4,0,0,0,0,0,0,0.6739130434782609,0.021739130434782608,0.1956521739130435,0.021739130434782608,0.0,0.0,0.08695652173913043,0.0,0.0,0.0,0.0,0.0,0.0
0248,0587288,Adenoma low grade,0.03794063627719879,0.03794063627719879,38,0.9641251763801916,21,1,14,0,0,0,0,0,1,0,0,0,1,0.5526315789473685,0.02631578947368421,0.3684210526315789,0.0,0.0,0.0,0.0,0.0,0.02631578947368421,0.0,0.0,0.0,0.02631578947368421
0248,0590436,Adenoma low grade,0.12359971553087234,0.12359971553087234,80,0.9890157497458223,74,0,6,0,0,0,0,0,0,0,0,0,0,0.925,0.0,0.075,0.0,0.0,0.0,0.0,0.0,0.0,0.0,0.0,0.0,0.0
0248,0649725,Adenoma low grade,0.016750330105423927,0.016750330105423927,50,0.9051420206037823,25,8,7,4,0,1,3,0,1,0,0,0,1,0.5,0.16,0.14,0.08,0.0,0.02,0.06,0.0,0.02,0.0,0.0,0.0,0.02
0248,0688250,Adenoma low grade,0.10068155080080032,0.10068155080080032,29,0.9954931408780762,28,0,0,0,0,0,1,0,0,0,0,0,0,0.9655172413793104,0.0,0.0,0.0,0.0,0.0,0.034482758620689655,0.0,0.0,0.0,0.0,0.0,0.0
0248,0696143,Adenoma low grade,0.1466692090034485,0.1466692090034485,69,0.999999991703538,69,0,0,0,0,0,0,0,0,0,0,0,0,1.0,0.0,0.0,0.0,0.0,0.0,0.0,0.0,0.0,0.0,0.0,0.0,0.0
0248,0715330,Adenoma low grade,0.1043521985411644,0.1043521985411644,53,0.9852658821041511,45,1,6,0,0,0,1,0,0,0,0,0,0,0.8490566037735849,0.018867924528301886,0.11320754716981132,0.0,0.0,0.0,0.018867924528301886,0.0,0.0,0.0,0.0,0.0,0.0
0248,0724372,Adenoma low grade,0.14826996624469757,0.14826996624469757,46,0.9896730815118956,46,0,0,0,0,0,0,0,0,0,0,0,0,1.0,0.0,0.0,0.0,0.0,0.0,0.0,0.0,0.0,0.0,0.0,0.0,0.0
0248,0760331,Adenoma low grade,0.07296118140220642,0.07296118140220642,1,0.4057970955681581,0,0,0,0,0,0,0,0,0,1,0,0,0,0.0,0.0,0.0,0.0,0.0,0.0,0.0,0.0,0.0,1.0,0.0,0.0,0.0
0248,0779159,Adenoma low grade,0.10739149898290634,0.10739149898290634,22,0.965853747422581,22,0,0,0,0,0,0,0,0,0,0,0,0,1.0,0.0,0.0,0.0,0.0,0.0,0.0,0.0,0.0,0.0,0.0,0.0,0.0
0248,0801335,Adenoma low grade,0.09531285613775253,0.09531285613775253,67,0.973128127851067,46,8,6,4,0,0,3,0,0,0,0,0,0,0.6865671641791045,0.11940298507462686,0.08955223880597014,0.05970149253731343,0.0,0.0,0.04477611940298507,0.0,0.0,0.0,0.0,0.0,0.0
0248,0859040,Adenoma low grade,0.0747700035572052,0.0747700035572052,60,0.959330194934573,53,2,1,0,0,0,2,0,0,0,2,0,0,0.8833333333333333,0.03333333333333333,0.016666666666666666,0.0,0.0,0.0,0.03333333333333333,0.0,0.0,0.0,0.03333333333333333,0.0,0.0
0248,0912074,Adenoma low grade,0.11636649817228317,0.11636649817228317,17,0.9754406311117017,9,0,0,0,0,0,0,0,8,0,0,0,0,0.5294117647058824,0.0,0.0,0.0,0.0,0.0,0.0,0.0,0.47058823529411764,0.0,0.0,0.0,0.0
0248,0925725,Adenoma low grade,0.07264178991317749,0.07264178991317749,6,0.8432891722073826,5,0,0,0,0,0,0,0,0,0,0,0,1,0.8333333333333334,0.0,0.0,0.0,0.0,0.0,0.0,0.0,0.0,0.0,0.0,0.0,0.16666666666666666
0248,0926703,Adenoma low grade,0.08159370720386505,0.08159370720386505,29,0.9537822392208436,23,1,1,0,0,0,3,0,0,1,0,0,0,0.7931034482758621,0.034482758620689655,0.034482758620689655,0.0,0.0,0.0,0.10344827586206896,0.0,0.0,0.034482758620689655,0.0,0.0,0.0
0248,0941085,Adenoma low grade,0.02455667220056057,0.02455667220056057,39,0.9599102139828783,37,1,1,0,0,0,0,0,0,0,0,0,0,0.9487179487179487,0.02564102564102564,0.02564102564102564,0.0,0.0,0.0,0.0,0.0,0.0,0.0,0.0,0.0,0.0
0248,0943666,Adenoma low grade,0.13677248358726501,0.13677248358726501,34,0.9483472270135251,33,0,0,1,0,0,0,0,0,0,0,0,0,0.9705882352941176,0.0,0.0,0.029411764705882353,0.0,0.0,0.0,0.0,0.0,0.0,0.0,0.0,0.0
0248,0973745,Adenoma low grade,0.1274072378873825,0.1274072378873825,14,0.8856649787559873,14,0,0,0,0,0,0,0,0,0,0,0,0,1.0,0.0,0.0,0.0,0.0,0.0,0.0,0.0,0.0,0.0,0.0,0.0,0.0
0248,0973993,Adenoma low grade,0.15219686925411224,0.15219686925411224,54,0.9929430178364698,54,0,0,0,0,0,0,0,0,0,0,0,0,1.0,0.0,0.0,0.0,0.0,0.0,0.0,0.0,0.0,0.0,0.0,0.0,0.0
0248,1005010,Adenoma low grade,0.08819232881069183,0.08819232881069183,3,0.548340435686659,2,0,0,1,0,0,0,0,0,0,0,0,0,0.6666666666666666,0.0,0.0,0.3333333333333333,0.0,0.0,0.0,0.0,0.0,0.0,0.0,0.0,0.0
0248,1007076,Adenoma low grade,0.01824258081614971,0.01824258081614971,57,0.9998513138559498,57,0,0,0,0,0,0,0,0,0,0,0,0,1.0,0.0,0.0,0.0,0.0,0.0,0.0,0.0,0.0,0.0,0.0,0.0,0.0
0248,1009688,Adenoma low grade,0.11890745162963867,0.11890745162963867,48,0.9617514536823547,36,0,1,0,0,0,0,0,10,1,0,0,0,0.75,0.0,0.020833333333333332,0.0,0.0,0.0,0.0,0.0,0.20833333333333334,0.020833333333333332,0.0,0.0,0.0
0248,1018942,Adenoma low grade,0.12930777668952942,0.12930777668952942,41,0.9999251751023915,41,0,0,0,0,0,0,0,0,0,0,0,0,1.0,0.0,0.0,0.0,0.0,0.0,0.0,0.0,0.0,0.0,0.0,0.0,0.0
0252,0004891,Adenoma low grade,0.028832299634814262,0.028832299634814262,65,0.8462891928984622,15,10,10,8,0,0,1,0,0,0,21,0,0,0.23076923076923078,0.15384615384615385,0.15384615384615385,0.12307692307692308,0.0,0.0,0.015384615384615385,0.0,0.0,0.0,0.3230769230769231,0.0,0.0
0252,0057566,Adenoma low grade,0.03900936245918274,0.03900936245918274,60,0.8390073989805799,15,6,5,10,0,1,14,0,3,0,5,0,1,0.25,0.1,0.08333333333333333,0.16666666666666666,0.0,0.016666666666666666,0.23333333333333334,0.0,0.05,0.0,0.08333333333333333,0.0,0.016666666666666666
0252,0062085,Adenoma low grade,0.03952709957957268,0.03952709957957268,38,0.8536000596579186,11,0,3,1,0,0,4,0,2,0,16,0,1,0.2894736842105263,0.0,0.07894736842105263,0.02631578947368421,0.0,0.0,0.10526315789473684,0.0,0.05263157894736842,0.0,0.42105263157894735,0.0,0.02631578947368421
0252,0098226,Adenoma low grade,0.030227022245526314,0.030227022245526314,53,0.8780306749875882,25,1,12,0,0,0,2,0,2,0,10,0,1,0.4716981132075472,0.018867924528301886,0.22641509433962265,0.0,0.0,0.0,0.03773584905660377,0.0,0.03773584905660377,0.0,0.18867924528301888,0.0,0.018867924528301886
0252,0153784,Adenoma low grade,0.04135477915406227,0.04135477915406227,36,0.8965186705754119,7,0,4,0,0,0,3,0,1,0,21,0,0,0.19444444444444445,0.0,0.1111111111111111,0.0,0.0,0.0,0.08333333333333333,0.0,0.027777777777777776,0.0,0.5833333333333334,0.0,0.0
0252,0168986,Adenoma low grade,0.035078201442956924,0.035078201442956924,48,0.8763329394800903,7,5,9,3,1,0,12,0,0,0,10,0,1,0.14583333333333334,0.10416666666666667,0.1875,0.0625,0.020833333333333332,0.0,0.25,0.0,0.0,0.0,0.20833333333333334,0.0,0.020833333333333332
0252,0177214,Adenoma low grade,0.04444019868969917,0.04444019868969917,27,0.8813059950586123,21,0,2,0,0,0,1,0,0,0,3,0,0,0.7777777777777778,0.0,0.07407407407407407,0.0,0.0,0.0,0.037037037037037035,0.0,0.0,0.0,0.1111111111111111,0.0,0.0
0252,0210107,Adenoma low grade,0.04537668824195862,0.04537668824195862,70,0.9047546461284165,21,3,6,4,0,0,17,0,7,0,10,0,2,0.3,0.04285714285714286,0.08571428571428572,0.05714285714285714,0.0,0.0,0.24285714285714285,0.0,0.1,0.0,0.14285714285714285,0.0,0.02857142857142857
0252,0211265,Adenoma low grade,0.04147675633430481,0.04147675633430481,58,0.8692462115216519,4,11,5,5,0,0,9,0,1,0,23,0,0,0.06896551724137931,0.1896551724137931,0.08620689655172414,0.08620689655172414,0.0,0.0,0.15517241379310345,0.0,0.017241379310344827,0.0,0.39655172413793105,0.0,0.0
0252,0219619,Adenoma low grade,0.020782018080353737,0.020782018080353737,36,0.8645768742348524,11,4,4,0,0,0,1,0,0,0,16,0,0,0.3055555555555556,0.1111111111111111,0.1111111111111111,0.0,0.0,0.0,0.027777777777777776,0.0,0.0,0.0,0.4444444444444444,0.0,0.0
0252,0221100,Adenoma low grade,0.03625907003879547,0.03625907003879547,36,0.9742444156449425,26,0,3,0,0,0,1,0,5,0,1,0,0,0.7222222222222222,0.0,0.08333333333333333,0.0,0.0,0.0,0.027777777777777776,0.0,0.1388888888888889,0.0,0.027777777777777776,0.0,0.0
0252,0247228,Adenoma low grade,0.043116211891174316,0.043116211891174316,44,0.9212443027275619,5,1,2,0,1,0,0,0,3,0,32,0,0,0.11363636363636363,0.022727272727272728,0.045454545454545456,0.0,0.022727272727272728,0.0,0.0,0.0,0.06818181818181818,0.0,0.7272727272727273,0.0,0.0
0252,0328861,Adenoma low grade,0.03949790820479393,0.03949790820479393,26,0.9283004483792853,14,0,7,0,0,0,2,0,2,0,0,0,1,0.5384615384615384,0.0,0.2692307692307692,0.0,0.0,0.0,0.07692307692307693,0.0,0.07692307692307693,0.0,0.0,0.0,0.038461538461538464
0252,0384416,Adenoma low grade,0.02960866317152977,0.02960866317152977,41,0.9115359926593033,20,0,5,1,0,0,3,0,7,0,5,0,0,0.4878048780487805,0.0,0.12195121951219512,0.024390243902439025,0.0,0.0,0.07317073170731707,0.0,0.17073170731707318,0.0,0.12195121951219512,0.0,0.0
0252,0436712,Adenoma low grade,0.04254529997706413,0.04254529997706413,62,0.8675022342191698,27,5,12,3,0,0,10,0,2,0,3,0,0,0.43548387096774194,0.08064516129032258,0.1935483870967742,0.04838709677419355,0.0,0.0,0.16129032258064516,0.0,0.03225806451612903,0.0,0.04838709677419355,0.0,0.0
0252,0540755,Adenoma low grade,0.043936923146247864,0.043936923146247864,40,0.8410821965886253,18,1,10,1,1,1,5,0,1,0,2,0,0,0.45,0.025,0.25,0.025,0.025,0.025,0.125,0.0,0.025,0.0,0.05,0.0,0.0
0252,0544411,Adenoma low grade,0.04406851902604103,0.04406851902604103,74,0.9401376518628161,11,23,4,0,0,0,5,0,0,0,31,0,0,0.14864864864864866,0.3108108108108108,0.05405405405405406,0.0,0.0,0.0,0.06756756756756757,0.0,0.0,0.0,0.4189189189189189,0.0,0.0
0252,0555051,Adenoma low grade,0.023891475051641464,0.023891475051641464,34,0.9336660925488063,18,0,9,0,0,0,5,0,2,0,0,0,0,0.5294117647058824,0.0,0.2647058823529412,0.0,0.0,0.0,0.14705882352941177,0.0,0.058823529411764705,0.0,0.0,0.0,0.0
0252,0599411,Adenoma low grade,0.04005478695034981,0.04005478695034981,29,0.8963390301091011,11,0,5,0,0,0,1,0,0,0,11,0,1,0.3793103448275862,0.0,0.1724137931034483,0.0,0.0,0.0,0.034482758620689655,0.0,0.0,0.0,0.3793103448275862,0.0,0.034482758620689655
0252,0619316,Adenoma low grade,0.04634171724319458,0.04634171724319458,46,0.9109765425606655,17,4,4,0,0,0,1,0,0,0,20,0,0,0.3695652173913043,0.08695652173913043,0.08695652173913043,0.0,0.0,0.0,0.021739130434782608,0.0,0.0,0.0,0.43478260869565216,0.0,0.0
0252,0622242,Adenoma low grade,0.04301242530345917,0.04301242530345917,40,0.9458717276141579,28,2,6,0,0,0,1,0,1,0,2,0,0,0.7,0.05,0.15,0.0,0.0,0.0,0.025,0.0,0.025,0.0,0.05,0.0,0.0
0252,0703475,Adenoma low grade,0.029834700748324394,0.029834700748324394,28,0.9788870871457676,20,0,1,0,0,0,3,0,4,0,0,0,0,0.7142857142857143,0.0,0.03571428571428571,0.0,0.0,0.0,0.10714285714285714,0.0,0.14285714285714285,0.0,0.0,0.0,0.0
0252,0764869,Adenoma low grade,0.03262881189584732,0.03262881189584732,53,0.8197864492355533,18,15,5,0,0,0,4,1,3,0,5,0,2,0.33962264150943394,0.2830188679245283,0.09433962264150944,0.0,0.0,0.0,0.07547169811320754,0.018867924528301886,0.05660377358490566,0.0,0.09433962264150944,0.0,0.03773584905660377
0252,0771644,Adenoma low grade,0.037083279341459274,0.037083279341459274,39,0.9495357492525431,27,1,4,0,0,0,1,0,3,0,3,0,0,0.6923076923076923,0.02564102564102564,0.10256410256410256,0.0,0.0,0.0,0.02564102564102564,0.0,0.07692307692307693,0.0,0.07692307692307693,0.0,0.0
0252,0783364,Adenoma low grade,0.03720012307167053,0.03720012307167053,65,0.9299704782680008,28,21,8,1,0,0,7,0,0,0,0,0,0,0.4307692307692308,0.3230769230769231,0.12307692307692308,0.015384615384615385,0.0,0.0,0.1076923076923077,0.0,0.0,0.0,0.0,0.0,0.0
0252,0821141,Adenoma low grade,0.0326986201107502,0.0326986201107502,38,0.9266892983931134,27,1,3,0,0,0,3,0,3,0,0,0,1,0.7105263157894737,0.02631578947368421,0.07894736842105263,0.0,0.0,0.0,0.07894736842105263,0.0,0.07894736842105263,0.0,0.0,0.0,0.02631578947368421
0252,0827815,Adenoma low grade,0.02007126808166504,0.02007126808166504,56,0.9167719049379618,33,2,3,0,0,0,3,0,0,0,15,0,0,0.5892857142857143,0.03571428571428571,0.05357142857142857,0.0,0.0,0.0,0.05357142857142857,0.0,0.0,0.0,0.26785714285714285,0.0,0.0
0252,0828674,Adenoma low grade,0.04444853961467743,0.04444853961467743,37,0.8929966301392093,17,5,8,1,0,0,2,0,2,0,2,0,0,0.4594594594594595,0.13513513513513514,0.21621621621621623,0.02702702702702703,0.0,0.0,0.05405405405405406,0.0,0.05405405405405406,0.0,0.05405405405405406,0.0,0.0
0252,0900233,Adenoma low grade,0.018946606665849686,0.018946606665849686,42,0.9374541401908312,26,2,6,0,0,0,5,0,0,0,0,1,2,0.6190476190476191,0.047619047619047616,0.14285714285714285,0.0,0.0,0.0,0.11904761904761904,0.0,0.0,0.0,0.0,0.023809523809523808,0.047619047619047616
0252,0909741,Adenoma low grade,0.030926359817385674,0.030926359817385674,51,0.9643211334818522,36,1,3,0,0,0,11,0,0,0,0,0,0,0.7058823529411765,0.0196078431372549,0.058823529411764705,0.0,0.0,0.0,0.21568627450980393,0.0,0.0,0.0,0.0,0.0,0.0
0252,0920708,Adenoma low grade,0.03498001769185066,0.03498001769185066,51,0.9216095287058911,27,9,5,1,0,0,5,0,2,0,2,0,0,0.5294117647058824,0.17647058823529413,0.09803921568627451,0.0196078431372549,0.0,0.0,0.09803921568627451,0.0,0.0392156862745098,0.0,0.0392156862745098,0.0,0.0
0252,1038929,Adenoma low grade,0.041071753948926926,0.041071753948926926,50,0.9207356212143523,7,2,7,2,0,0,1,0,0,0,31,0,0,0.14,0.04,0.14,0.04,0.0,0.0,0.02,0.0,0.0,0.0,0.62,0.0,0.0
0266,0000785,Adenoma low grade,0.011377912014722824,0.011377912014722824,72,0.9652537582712846,3,1,4,0,1,0,3,0,0,0,60,0,0,0.041666666666666664,0.013888888888888888,0.05555555555555555,0.0,0.013888888888888888,0.0,0.041666666666666664,0.0,0.0,0.0,0.8333333333333334,0.0,0.0
0266,0032950,Adenoma low grade,0.022793928161263466,0.022793928161263466,37,0.9738507751888761,31,0,2,0,0,0,4,0,0,0,0,0,0,0.8378378378378378,0.0,0.05405405405405406,0.0,0.0,0.0,0.10810810810810811,0.0,0.0,0.0,0.0,0.0,0.0
0266,0038083,Adenoma low grade,0.033206190913915634,0.033206190913915634,17,0.847428213448699,16,0,0,0,0,0,0,0,0,0,1,0,0,0.9411764705882353,0.0,0.0,0.0,0.0,0.0,0.0,0.0,0.0,0.0,0.058823529411764705,0.0,0.0
0266,0050224,Adenoma low grade,0.03759907931089401,0.03759907931089401,18,0.999322483582087,17,0,1,0,0,0,0,0,0,0,0,0,0,0.9444444444444444,0.0,0.05555555555555555,0.0,0.0,0.0,0.0,0.0,0.0,0.0,0.0,0.0,0.0
0266,0092661,Adenoma low grade,0.03152254968881607,0.03152254968881607,37,0.9472225325337754,26,0,3,0,0,0,0,0,4,0,3,0,1,0.7027027027027027,0.0,0.08108108108108109,0.0,0.0,0.0,0.0,0.0,0.10810810810810811,0.0,0.08108108108108109,0.0,0.02702702702702703
0266,0100408,Adenoma low grade,0.017410462722182274,0.017410462722182274,75,0.9290173738520612,37,8,19,0,1,1,8,0,0,0,0,1,0,0.49333333333333335,0.10666666666666667,0.25333333333333335,0.0,0.013333333333333334,0.013333333333333334,0.10666666666666667,0.0,0.0,0.0,0.0,0.013333333333333334,0.0
0266,0103604,Adenoma low grade,0.04121294990181923,0.04121294990181923,61,0.910761660451438,25,1,5,14,0,0,5,0,0,0,11,0,0,0.4098360655737705,0.01639344262295082,0.08196721311475409,0.22950819672131148,0.0,0.0,0.08196721311475409,0.0,0.0,0.0,0.18032786885245902,0.0,0.0
0266,0119843,Adenoma low grade,0.020522676408290863,0.020522676408290863,16,0.9223596327038971,2,1,0,0,0,0,5,0,0,0,8,0,0,0.125,0.0625,0.0,0.0,0.0,0.0,0.3125,0.0,0.0,0.0,0.5,0.0,0.0
0266,0120725,Adenoma low grade,0.020056219771504402,0.020056219771504402,64,0.8951607060307092,22,4,10,0,0,0,1,0,0,0,27,0,0,0.34375,0.0625,0.15625,0.0,0.0,0.0,0.015625,0.0,0.0,0.0,0.421875,0.0,0.0
0266,0135317,Adenoma low grade,0.03561634570360184,0.03561634570360184,53,0.8872056166649746,12,4,5,11,0,0,16,1,0,0,4,0,0,0.22641509433962265,0.07547169811320754,0.09433962264150944,0.20754716981132076,0.0,0.0,0.3018867924528302,0.018867924528301886,0.0,0.0,0.07547169811320754,0.0,0.0
0266,0153888,Adenoma low grade,0.023189909756183624,0.023189909756183624,17,0.8402481648056982,14,0,0,0,0,0,0,0,0,0,3,0,0,0.8235294117647058,0.0,0.0,0.0,0.0,0.0,0.0,0.0,0.0,0.0,0.17647058823529413,0.0,0.0
0266,0170249,Adenoma low grade,0.036567945033311844,0.036567945033311844,17,0.8438186956473618,7,0,5,0,0,0,0,0,2,0,3,0,0,0.4117647058823529,0.0,0.29411764705882354,0.0,0.0,0.0,0.0,0.0,0.11764705882352941,0.0,0.17647058823529413,0.0,0.0
0266,0192833,Adenoma low grade,0.062192805111408234,0.062192805111408234,59,0.8875497459840235,50,0,0,0,0,0,0,0,0,0,9,0,0,0.847457627118644,0.0,0.0,0.0,0.0,0.0,0.0,0.0,0.0,0.0,0.15254237288135594,0.0,0.0
0266,0206496,Adenoma low grade,0.03627187758684158,0.03627187758684158,74,0.9424429435481237,23,33,2,10,0,0,4,0,2,0,0,0,0,0.3108108108108108,0.44594594594594594,0.02702702702702703,0.13513513513513514,0.0,0.0,0.05405405405405406,0.0,0.02702702702702703,0.0,0.0,0.0,0.0
0266,0213555,Adenoma low grade,0.020517738536000252,0.020517738536000252,91,0.914912428893274,8,4,22,0,0,0,2,0,0,0,55,0,0,0.08791208791208792,0.04395604395604396,0.24175824175824176,0.0,0.0,0.0,0.02197802197802198,0.0,0.0,0.0,0.6043956043956044,0.0,0.0
0266,0262354,Adenoma low grade,0.05529676750302315,0.05529676750302315,42,0.9901178251815831,0,0,0,0,0,0,0,0,0,0,42,0,0,0.0,0.0,0.0,0.0,0.0,0.0,0.0,0.0,0.0,0.0,1.0,0.0,0.0
0266,0269362,Adenoma low grade,0.03661009669303894,0.03661009669303894,10,0.9387325512202132,7,0,0,0,0,0,1,0,0,0,1,0,1,0.7,0.0,0.0,0.0,0.0,0.0,0.1,0.0,0.0,0.0,0.1,0.0,0.1
0266,0270081,Adenoma low grade,0.0442216582596302,0.0442216582596302,29,0.9065845069243785,13,6,5,0,0,0,2,0,1,1,1,0,0,0.4482758620689655,0.20689655172413793,0.1724137931034483,0.0,0.0,0.0,0.06896551724137931,0.0,0.034482758620689655,0.034482758620689655,0.034482758620689655,0.0,0.0
0266,0272278,Adenoma low grade,0.05657448247075081,0.05657448247075081,46,0.8680657995149376,21,1,2,1,0,0,2,0,0,0,19,0,0,0.45652173913043476,0.021739130434782608,0.043478260869565216,0.021739130434782608,0.0,0.0,0.043478260869565216,0.0,0.0,0.0,0.41304347826086957,0.0,0.0
0266,0294026,Adenoma low grade,0.02425604686141014,0.02425604686141014,30,0.8451219605193567,21,0,0,0,0,0,0,0,0,0,9,0,0,0.7,0.0,0.0,0.0,0.0,0.0,0.0,0.0,0.0,0.0,0.3,0.0,0.0
0266,0304671,Adenoma low grade,0.028794769197702408,0.028794769197702408,66,0.9057569645639318,28,7,12,3,0,0,16,0,0,0,0,0,0,0.42424242424242425,0.10606060606060606,0.18181818181818182,0.045454545454545456,0.0,0.0,0.24242424242424243,0.0,0.0,0.0,0.0,0.0,0.0
0266,0359497,Adenoma low grade,0.03268679976463318,0.03268679976463318,47,0.8549991503454747,12,18,4,3,0,0,9,0,0,0,0,0,1,0.2553191489361702,0.3829787234042553,0.0851063829787234,0.06382978723404255,0.0,0.0,0.19148936170212766,0.0,0.0,0.0,0.0,0.0,0.02127659574468085
0266,0375200,Adenoma low grade,0.034207794815301895,0.034207794815301895,78,0.9549154555131003,19,37,4,4,0,0,11,0,2,0,0,0,1,0.24358974358974358,0.47435897435897434,0.05128205128205128,0.05128205128205128,0.0,0.0,0.14102564102564102,0.0,0.02564102564102564,0.0,0.0,0.0,0.01282051282051282
0266,0388834,Adenoma low grade,0.008920659311115742,0.008920659311115742,7,0.9950738817712718,7,0,0,0,0,0,0,0,0,0,0,0,0,1.0,0.0,0.0,0.0,0.0,0.0,0.0,0.0,0.0,0.0,0.0,0.0,0.0
0266,0406196,Adenoma low grade,0.03798266500234604,0.03798266500234604,39,0.921957153473354,17,11,5,5,0,0,1,0,0,0,0,0,0,0.4358974358974359,0.28205128205128205,0.1282051282051282,0.1282051282051282,0.0,0.0,0.02564102564102564,0.0,0.0,0.0,0.0,0.0,0.0
0266,0408830,Adenoma low grade,0.026229988783597946,0.026229988783597946,38,0.9237502480161083,4,0,0,0,0,0,0,0,0,0,34,0,0,0.10526315789473684,0.0,0.0,0.0,0.0,0.0,0.0,0.0,0.0,0.0,0.8947368421052632,0.0,0.0
0266,0464906,Adenoma low grade,0.021362461149692535,0.021362461149692535,39,0.971892648153441,32,2,2,3,0,0,0,0,0,0,0,0,0,0.8205128205128205,0.05128205128205128,0.05128205128205128,0.07692307692307693,0.0,0.0,0.0,0.0,0.0,0.0,0.0,0.0,0.0
0266,0471364,Adenoma low grade,0.03116677887737751,0.03116677887737751,8,0.808681055951294,5,0,0,0,0,0,2,0,0,0,1,0,0,0.625,0.0,0.0,0.0,0.0,0.0,0.25,0.0,0.0,0.0,0.125,0.0,0.0
0266,0484233,Adenoma low grade,0.01288776658475399,0.01288776658475399,29,0.9450937016927367,0,0,0,0,0,0,0,1,0,0,28,0,0,0.0,0.0,0.0,0.0,0.0,0.0,0.0,0.034482758620689655,0.0,0.0,0.9655172413793104,0.0,0.0
0266,0491195,Adenoma low grade,0.020113255828619003,0.020113255828619003,50,0.9488004076511526,3,4,3,0,1,0,1,0,0,0,38,0,0,0.06,0.08,0.06,0.0,0.02,0.0,0.02,0.0,0.0,0.0,0.76,0.0,0.0
0266,0520168,Adenoma low grade,0.04027218744158745,0.04027218744158745,64,0.9288763632629917,18,12,3,6,0,0,15,1,7,0,0,0,2,0.28125,0.1875,0.046875,0.09375,0.0,0.0,0.234375,0.015625,0.109375,0.0,0.0,0.0,0.03125
0266,0540942,Adenoma low grade,0.03845774382352829,0.03845774382352829,50,0.9031779595613045,12,5,1,2,0,0,8,0,1,0,20,0,1,0.24,0.1,0.02,0.04,0.0,0.0,0.16,0.0,0.02,0.0,0.4,0.0,0.02
0266,0552270,Adenoma low grade,0.025027582421898842,0.025027582421898842,63,0.9379749088083765,33,9,5,9,0,0,6,0,1,0,0,0,0,0.5238095238095238,0.14285714285714285,0.07936507936507936,0.14285714285714285,0.0,0.0,0.09523809523809523,0.0,0.015873015873015872,0.0,0.0,0.0,0.0
0266,0590441,Adenoma low grade,0.025839049369096756,0.025839049369096756,18,0.9569828159463787,0,0,0,0,0,0,0,0,0,0,17,0,1,0.0,0.0,0.0,0.0,0.0,0.0,0.0,0.0,0.0,0.0,0.9444444444444444,0.0,0.05555555555555555
0266,0618457,Adenoma low grade,0.009370630607008934,0.009370630607008934,101,0.8826098469113076,7,19,10,19,1,0,11,0,0,0,31,0,3,0.06930693069306931,0.18811881188118812,0.09900990099009901,0.18811881188118812,0.009900990099009901,0.0,0.10891089108910891,0.0,0.0,0.0,0.3069306930693069,0.0,0.0297029702970297
0266,0620227,Adenoma low grade,0.013401019386947155,0.013401019386947155,80,0.9644733993364432,41,16,6,2,2,1,8,0,3,0,0,0,1,0.5125,0.2,0.075,0.025,0.025,0.0125,0.1,0.0,0.0375,0.0,0.0,0.0,0.0125
0266,0658259,Adenoma low grade,0.009087660349905491,0.009087660349905491,38,0.8326824371698555,8,3,2,0,0,0,1,0,0,0,24,0,0,0.21052631578947367,0.07894736842105263,0.05263157894736842,0.0,0.0,0.0,0.02631578947368421,0.0,0.0,0.0,0.631578947368421,0.0,0.0
0266,0671899,Adenoma low grade,0.03295394778251648,0.03295394778251648,0,0.0,0,0,0,0,0,0,0,0,0,0,0,0,0,0.0,0.0,0.0,0.0,0.0,0.0,0.0,0.0,0.0,0.0,0.0,0.0,0.0
0266,0674709,Adenoma low grade,0.02799605019390583,0.02799605019390583,12,0.9704406718199796,6,3,0,0,0,2,0,0,0,0,1,0,0,0.5,0.25,0.0,0.0,0.0,0.16666666666666666,0.0,0.0,0.0,0.0,0.08333333333333333,0.0,0.0
0266,0685514,Adenoma low grade,0.043513599783182144,0.043513599783182144,32,0.88871537348887,17,0,1,1,0,0,7,0,0,0,6,0,0,0.53125,0.0,0.03125,0.03125,0.0,0.0,0.21875,0.0,0.0,0.0,0.1875,0.0,0.0
0266,0703135,Adenoma low grade,0.017873423174023628,0.017873423174023628,71,0.9739865239109472,50,9,3,0,1,0,6,1,1,0,0,0,0,0.704225352112676,0.1267605633802817,0.04225352112676056,0.0,0.014084507042253521,0.0,0.08450704225352113,0.014084507042253521,0.014084507042253521,0.0,0.0,0.0,0.0
0266,0775385,Adenoma low grade,0.0300267543643713,0.0300267543643713,24,0.9776087282858725,4,10,0,0,1,0,9,0,0,0,0,0,0,0.16666666666666666,0.4166666666666667,0.0,0.0,0.041666666666666664,0.0,0.375,0.0,0.0,0.0,0.0,0.0,0.0
0266,0787432,Adenoma low grade,0.01257194485515356,0.01257194485515356,79,0.9280256965020209,52,2,9,6,0,0,1,0,0,0,7,0,2,0.6582278481012658,0.02531645569620253,0.11392405063291139,0.0759493670886076,0.0,0.0,0.012658227848101266,0.0,0.0,0.0,0.08860759493670886,0.0,0.02531645569620253
0266,0807009,Adenoma low grade,0.02054484188556671,0.02054484188556671,73,0.8970073012810639,1,28,7,13,1,11,5,0,0,0,7,0,0,0.0136986301369863,0.3835616438356164,0.0958904109589041,0.1780821917808219,0.0136986301369863,0.1506849315068493,0.0684931506849315,0.0,0.0,0.0,0.0958904109589041,0.0,0.0
0266,0815814,Adenoma low grade,0.02207878977060318,0.02207878977060318,89,0.8949569796614674,23,36,9,1,0,0,4,0,0,0,16,0,0,0.25842696629213485,0.4044943820224719,0.10112359550561797,0.011235955056179775,0.0,0.0,0.0449438202247191,0.0,0.0,0.0,0.1797752808988764,0.0,0.0
0266,0845204,Adenoma low grade,0.036757417023181915,0.036757417023181915,56,0.9635780375057743,10,11,4,2,1,0,10,0,0,0,18,0,0,0.17857142857142858,0.19642857142857142,0.07142857142857142,0.03571428571428571,0.017857142857142856,0.0,0.17857142857142858,0.0,0.0,0.0,0.32142857142857145,0.0,0.0
0266,0870621,Adenoma low grade,0.005505214910954237,0.005505214910954237,10,0.847789157707304,5,0,1,1,0,0,0,0,0,0,3,0,0,0.5,0.0,0.1,0.1,0.0,0.0,0.0,0.0,0.0,0.0,0.3,0.0,0.0
0266,0932537,Adenoma low grade,0.04869674891233444,0.04869674891233444,25,0.9649104279619243,17,0,1,0,0,0,4,0,2,0,1,0,0,0.68,0.0,0.04,0.0,0.0,0.0,0.16,0.0,0.08,0.0,0.04,0.0,0.0
0266,0938859,Adenoma low grade,0.03387553244829178,0.03387553244829178,47,0.8689035383011335,18,1,3,3,1,0,7,0,2,0,12,0,0,0.3829787234042553,0.02127659574468085,0.06382978723404255,0.06382978723404255,0.02127659574468085,0.0,0.14893617021276595,0.0,0.0425531914893617,0.0,0.2553191489361702,0.0,0.0
0266,0979848,Adenoma low grade,0.035404253751039505,0.035404253751039505,5,0.9919999883171101,3,0,1,0,0,0,0,0,1,0,0,0,0,0.6,0.0,0.2,0.0,0.0,0.0,0.0,0.0,0.2,0.0,0.0,0.0,0.0
0271,0093017,Adenoma low grade,0.0403188094496727,0.0403188094496727,35,0.9756157883346153,0,0,5,0,0,0,1,0,0,0,29,0,0,0.0,0.0,0.14285714285714285,0.0,0.0,0.0,0.02857142857142857,0.0,0.0,0.0,0.8285714285714286,0.0,0.0
0271,0703429,Adenoma low grade,0.037417907267808914,0.037417907267808914,18,0.946114667477699,18,0,0,0,0,0,0,0,0,0,0,0,0,1.0,0.0,0.0,0.0,0.0,0.0,0.0,0.0,0.0,0.0,0.0,0.0,0.0
0272,0044808,Adenoma low grade,0.13928858935832977,0.13928858935832977,20,0.9976053984258106,18,0,2,0,0,0,0,0,0,0,0,0,0,0.9,0.0,0.1,0.0,0.0,0.0,0.0,0.0,0.0,0.0,0.0,0.0,0.0
0272,0607604,Adenoma low grade,0.10228424519300461,0.10228424519300461,56,0.9636177887918125,35,7,6,0,0,0,8,0,0,0,0,0,0,0.625,0.125,0.10714285714285714,0.0,0.0,0.0,0.14285714285714285,0.0,0.0,0.0,0.0,0.0,0.0
0272,0695232,Adenoma low grade,0.043442897498607635,0.043442897498607635,27,0.9471854012441558,10,0,1,0,0,0,7,0,0,1,8,0,0,0.37037037037037035,0.0,0.037037037037037035,0.0,0.0,0.0,0.25925925925925924,0.0,0.0,0.037037037037037035,0.2962962962962963,0.0,0.0
0272,1002497,Adenoma low grade,0.06661360710859299,0.06661360710859299,47,0.9667153617360397,27,7,7,0,0,0,3,0,2,0,0,0,1,0.574468085106383,0.14893617021276595,0.14893617021276595,0.0,0.0,0.0,0.06382978723404255,0.0,0.0425531914893617,0.0,0.0,0.0,0.02127659574468085
0282,0103890,Adenoma low grade,0.0283362939953804,0.0283362939953804,46,0.9092139360218914,3,4,8,4,0,0,3,0,0,0,24,0,0,0.06521739130434782,0.08695652173913043,0.17391304347826086,0.08695652173913043,0.0,0.0,0.06521739130434782,0.0,0.0,0.0,0.5217391304347826,0.0,0.0
0282,0175907,Adenoma low grade,0.014009562321007252,0.014009562321007252,58,0.9610628424251513,2,1,5,10,0,0,4,0,0,0,36,0,0,0.034482758620689655,0.017241379310344827,0.08620689655172414,0.1724137931034483,0.0,0.0,0.06896551724137931,0.0,0.0,0.0,0.6206896551724138,0.0,0.0
0282,0205206,Adenoma low grade,0.15147072076797485,0.15147072076797485,38,0.9813206333157976,34,0,0,0,0,0,0,0,4,0,0,0,0,0.8947368421052632,0.0,0.0,0.0,0.0,0.0,0.0,0.0,0.10526315789473684,0.0,0.0,0.0,0.0
0282,0243466,Adenoma low grade,0.03309731185436249,0.03309731185436249,49,0.9704559233323635,36,1,8,0,0,0,4,0,0,0,0,0,0,0.7346938775510204,0.02040816326530612,0.16326530612244897,0.0,0.0,0.0,0.08163265306122448,0.0,0.0,0.0,0.0,0.0,0.0
0282,0358199,Adenoma low grade,0.026342054829001427,0.026342054829001427,54,0.9215516783160604,4,4,3,9,0,0,5,0,4,0,25,0,0,0.07407407407407407,0.07407407407407407,0.05555555555555555,0.16666666666666666,0.0,0.0,0.09259259259259259,0.0,0.07407407407407407,0.0,0.46296296296296297,0.0,0.0
0282,0359694,Adenoma low grade,0.13720157742500305,0.13720157742500305,35,0.9865725392906559,35,0,0,0,0,0,0,0,0,0,0,0,0,1.0,0.0,0.0,0.0,0.0,0.0,0.0,0.0,0.0,0.0,0.0,0.0,0.0
0282,0514720,Adenoma low grade,0.02774883061647415,0.02774883061647415,52,0.8990595776683571,23,3,3,7,0,0,4,0,0,0,12,0,0,0.4423076923076923,0.057692307692307696,0.057692307692307696,0.1346153846153846,0.0,0.0,0.07692307692307693,0.0,0.0,0.0,0.23076923076923078,0.0,0.0
0282,0531363,Adenoma low grade,0.14831973612308502,0.14831973612308502,49,0.9920923894708603,47,0,1,0,0,0,1,0,0,0,0,0,0,0.9591836734693877,0.0,0.02040816326530612,0.0,0.0,0.0,0.02040816326530612,0.0,0.0,0.0,0.0,0.0,0.0
0282,0592783,Adenoma low grade,0.02623853087425232,0.02623853087425232,58,0.8940067397728375,22,5,6,10,1,0,6,0,1,0,7,0,0,0.3793103448275862,0.08620689655172414,0.10344827586206896,0.1724137931034483,0.017241379310344827,0.0,0.10344827586206896,0.0,0.017241379310344827,0.0,0.1206896551724138,0.0,0.0
0282,0699048,Adenoma low grade,0.12464774399995804,0.12464774399995804,34,0.9226573499766436,21,1,8,0,0,0,4,0,0,0,0,0,0,0.6176470588235294,0.029411764705882353,0.23529411764705882,0.0,0.0,0.0,0.11764705882352941,0.0,0.0,0.0,0.0,0.0,0.0
0282,0737152,Adenoma low grade,0.01272810809314251,0.01272810809314251,78,0.9229205699535498,38,11,5,11,1,0,10,0,0,0,1,0,1,0.48717948717948717,0.14102564102564102,0.0641025641025641,0.14102564102564102,0.01282051282051282,0.0,0.1282051282051282,0.0,0.0,0.0,0.01282051282051282,0.0,0.01282051282051282
0282,0756172,Adenoma low grade,0.1121269091963768,0.1121269091963768,17,0.8795673585801164,7,1,1,0,0,0,1,0,4,3,0,0,0,0.4117647058823529,0.058823529411764705,0.058823529411764705,0.0,0.0,0.0,0.058823529411764705,0.0,0.23529411764705882,0.17647058823529413,0.0,0.0,0.0
0282,0767128,Adenoma low grade,0.1440327912569046,0.1440327912569046,39,0.9544070812462015,39,0,0,0,0,0,0,0,0,0,0,0,0,1.0,0.0,0.0,0.0,0.0,0.0,0.0,0.0,0.0,0.0,0.0,0.0,0.0
0282,0842129,Adenoma low grade,0.021129807457327843,0.021129807457327843,35,0.9156903506030277,2,1,4,3,0,0,3,0,2,0,20,0,0,0.05714285714285714,0.02857142857142857,0.11428571428571428,0.08571428571428572,0.0,0.0,0.08571428571428572,0.0,0.05714285714285714,0.0,0.5714285714285714,0.0,0.0
0282,1017674,Adenoma low grade,0.15848791599273682,0.15848791599273682,47,0.9561796035628329,40,0,0,0,0,0,4,0,3,0,0,0,0,0.851063829787234,0.0,0.0,0.0,0.0,0.0,0.0851063829787234,0.0,0.06382978723404255,0.0,0.0,0.0,0.0
0283,0062693,Adenoma low grade,0.1174144297838211,0.1174144297838211,15,0.9810681201424177,14,0,1,0,0,0,0,0,0,0,0,0,0,0.9333333333333333,0.0,0.06666666666666667,0.0,0.0,0.0,0.0,0.0,0.0,0.0,0.0,0.0,0.0
0283,0239060,Adenoma low grade,0.0914149358868599,0.0914149358868599,43,0.9953507194437878,37,4,1,0,0,0,1,0,0,0,0,0,0,0.8604651162790697,0.09302325581395349,0.023255813953488372,0.0,0.0,0.0,0.023255813953488372,0.0,0.0,0.0,0.0,0.0,0.0
0283,0948027,Adenoma low grade,0.14004674553871155,0.14004674553871155,13,0.9026659535297556,13,0,0,0,0,0,0,0,0,0,0,0,0,1.0,0.0,0.0,0.0,0.0,0.0,0.0,0.0,0.0,0.0,0.0,0.0,0.0
0283,0951569,Adenoma low grade,0.1284601241350174,0.1284601241350174,67,0.9629164950055289,58,2,0,0,0,0,2,0,4,0,0,0,1,0.8656716417910447,0.029850746268656716,0.0,0.0,0.0,0.0,0.029850746268656716,0.0,0.05970149253731343,0.0,0.0,0.0,0.014925373134328358
0290,0004800,Adenoma low grade,0.03374120965600014,0.03374120965600014,30,0.9568354873519245,21,0,7,0,0,0,0,0,2,0,0,0,0,0.7,0.0,0.23333333333333334,0.0,0.0,0.0,0.0,0.0,0.06666666666666667,0.0,0.0,0.0,0.0
0290,0329829,Adenoma low grade,0.03323822841048241,0.03323822841048241,40,0.9497292306993019,31,0,2,2,0,0,1,0,0,0,4,0,0,0.775,0.0,0.05,0.05,0.0,0.0,0.025,0.0,0.0,0.0,0.1,0.0,0.0
0290,0456191,Adenoma low grade,0.03476448357105255,0.03476448357105255,60,0.9292757061319441,39,0,9,5,0,0,0,0,1,0,6,0,0,0.65,0.0,0.15,0.08333333333333333,0.0,0.0,0.0,0.0,0.016666666666666666,0.0,0.1,0.0,0.0
0316,0192265,Adenoma low grade,0.025702383369207382,0.025702383369207382,32,0.8844041403737687,9,7,7,0,0,0,4,0,0,0,5,0,0,0.28125,0.21875,0.21875,0.0,0.0,0.0,0.125,0.0,0.0,0.0,0.15625,0.0,0.0
0316,0215954,Adenoma low grade,0.0217989981174469,0.0217989981174469,32,0.9942747981208755,28,0,4,0,0,0,0,0,0,0,0,0,0,0.875,0.0,0.125,0.0,0.0,0.0,0.0,0.0,0.0,0.0,0.0,0.0,0.0
0316,0220394,Adenoma low grade,0.030445190146565437,0.030445190146565437,46,0.8002500876104159,29,0,0,0,0,0,0,0,0,0,15,1,1,0.6304347826086957,0.0,0.0,0.0,0.0,0.0,0.0,0.0,0.0,0.0,0.32608695652173914,0.021739130434782608,0.021739130434782608
0316,0264373,Adenoma low grade,0.03002956323325634,0.03002956323325634,44,0.8464248276550461,24,6,2,3,0,0,2,0,0,0,7,0,0,0.5454545454545454,0.13636363636363635,0.045454545454545456,0.06818181818181818,0.0,0.0,0.045454545454545456,0.0,0.0,0.0,0.1590909090909091,0.0,0.0
0316,0264960,Adenoma low grade,0.036758702248334885,0.036758702248334885,36,0.9745371111676202,24,0,2,10,0,0,0,0,0,0,0,0,0,0.6666666666666666,0.0,0.05555555555555555,0.2777777777777778,0.0,0.0,0.0,0.0,0.0,0.0,0.0,0.0,0.0
0316,0267100,Adenoma low grade,0.022402368485927582,0.022402368485927582,47,0.9539902062167498,39,1,4,0,0,0,0,1,1,0,0,1,0,0.8297872340425532,0.02127659574468085,0.0851063829787234,0.0,0.0,0.0,0.0,0.02127659574468085,0.02127659574468085,0.0,0.0,0.02127659574468085,0.0
0316,0277991,Adenoma low grade,0.030150318518280983,0.030150318518280983,63,0.8610576951127404,25,10,2,7,0,0,2,0,0,0,16,1,0,0.3968253968253968,0.15873015873015872,0.031746031746031744,0.1111111111111111,0.0,0.0,0.031746031746031744,0.0,0.0,0.0,0.25396825396825395,0.015873015873015872,0.0
0316,0318301,Adenoma low grade,0.02326974645256996,0.02326974645256996,50,0.9908839971567653,47,1,1,0,0,0,0,0,1,0,0,0,0,0.94,0.02,0.02,0.0,0.0,0.0,0.0,0.0,0.02,0.0,0.0,0.0,0.0
0316,0337933,Adenoma low grade,0.02639034017920494,0.02639034017920494,15,0.9804334478045678,11,0,0,1,0,0,3,0,0,0,0,0,0,0.7333333333333333,0.0,0.0,0.06666666666666667,0.0,0.0,0.2,0.0,0.0,0.0,0.0,0.0,0.0
0316,0344003,Adenoma low grade,0.012431838549673557,0.012431838549673557,37,0.8709152569327072,25,2,3,1,0,0,0,0,0,0,6,0,0,0.6756756756756757,0.05405405405405406,0.08108108108108109,0.02702702702702703,0.0,0.0,0.0,0.0,0.0,0.0,0.16216216216216217,0.0,0.0
0316,0365981,Adenoma low grade,0.029075467959046364,0.029075467959046364,30,0.925283688314169,26,1,1,0,0,0,1,0,1,0,0,0,0,0.8666666666666667,0.03333333333333333,0.03333333333333333,0.0,0.0,0.0,0.03333333333333333,0.0,0.03333333333333333,0.0,0.0,0.0,0.0
0316,0373081,Adenoma low grade,0.019694805145263672,0.019694805145263672,31,0.9085008111812121,27,0,1,0,0,0,0,0,0,0,3,0,0,0.8709677419354839,0.0,0.03225806451612903,0.0,0.0,0.0,0.0,0.0,0.0,0.0,0.0967741935483871,0.0,0.0
0316,0402096,Adenoma low grade,0.034734271466732025,0.034734271466732025,35,0.8422541072840022,21,1,1,2,0,0,6,0,0,0,4,0,0,0.6,0.02857142857142857,0.02857142857142857,0.05714285714285714,0.0,0.0,0.17142857142857143,0.0,0.0,0.0,0.11428571428571428,0.0,0.0
0316,0478627,Adenoma low grade,0.017172779887914658,0.017172779887914658,21,0.8989276881245748,19,0,0,1,0,0,0,0,0,0,1,0,0,0.9047619047619048,0.0,0.0,0.047619047619047616,0.0,0.0,0.0,0.0,0.0,0.0,0.047619047619047616,0.0,0.0
0316,0515480,Adenoma low grade,0.021478183567523956,0.021478183567523956,25,0.999466655353853,25,0,0,0,0,0,0,0,0,0,0,0,0,1.0,0.0,0.0,0.0,0.0,0.0,0.0,0.0,0.0,0.0,0.0,0.0,0.0
0316,0616816,Adenoma low grade,0.022448768839240074,0.022448768839240074,5,0.9999999905683581,5,0,0,0,0,0,0,0,0,0,0,0,0,1.0,0.0,0.0,0.0,0.0,0.0,0.0,0.0,0.0,0.0,0.0,0.0,0.0
0316,0619992,Adenoma low grade,0.011751675046980381,0.011751675046980381,30,0.9983454980898789,30,0,0,0,0,0,0,0,0,0,0,0,0,1.0,0.0,0.0,0.0,0.0,0.0,0.0,0.0,0.0,0.0,0.0,0.0,0.0
0316,0664262,Adenoma low grade,0.022954287007451057,0.022954287007451057,30,0.9844091277176168,22,1,7,0,0,0,0,0,0,0,0,0,0,0.7333333333333333,0.03333333333333333,0.23333333333333334,0.0,0.0,0.0,0.0,0.0,0.0,0.0,0.0,0.0,0.0
0316,0712171,Adenoma low grade,0.020491722971200943,0.020491722971200943,37,0.9375091883896584,25,4,1,4,1,0,0,0,1,0,0,1,0,0.6756756756756757,0.10810810810810811,0.02702702702702703,0.10810810810810811,0.02702702702702703,0.0,0.0,0.0,0.02702702702702703,0.0,0.0,0.02702702702702703,0.0
0316,0733921,Adenoma low grade,0.017991596832871437,0.017991596832871437,42,0.9156555007156781,14,12,7,3,0,1,4,0,0,0,1,0,0,0.3333333333333333,0.2857142857142857,0.16666666666666666,0.07142857142857142,0.0,0.023809523809523808,0.09523809523809523,0.0,0.0,0.0,0.023809523809523808,0.0,0.0
0316,0800793,Adenoma low grade,0.018782733008265495,0.018782733008265495,42,0.9296105943793158,9,0,1,3,0,0,3,0,0,0,26,0,0,0.21428571428571427,0.0,0.023809523809523808,0.07142857142857142,0.0,0.0,0.07142857142857142,0.0,0.0,0.0,0.6190476190476191,0.0,0.0
0316,0820176,Adenoma low grade,0.004957137163728476,0.004957137163728476,47,0.9709437175891752,38,2,4,0,0,0,1,0,1,0,0,1,0,0.8085106382978723,0.0425531914893617,0.0851063829787234,0.0,0.0,0.0,0.02127659574468085,0.0,0.02127659574468085,0.0,0.0,0.02127659574468085,0.0
0316,0867494,Adenoma low grade,0.01631220057606697,0.01631220057606697,25,0.9853856006192393,20,0,4,0,0,0,1,0,0,0,0,0,0,0.8,0.0,0.16,0.0,0.0,0.0,0.04,0.0,0.0,0.0,0.0,0.0,0.0
0316,0945851,Adenoma low grade,0.03009610064327717,0.03009610064327717,24,0.8628359657849612,6,0,0,0,0,0,1,0,0,0,17,0,0,0.25,0.0,0.0,0.0,0.0,0.0,0.041666666666666664,0.0,0.0,0.0,0.7083333333333334,0.0,0.0
0316,0946698,Adenoma low grade,0.011544974520802498,0.011544974520802498,31,0.9870469455122446,31,0,0,0,0,0,0,0,0,0,0,0,0,1.0,0.0,0.0,0.0,0.0,0.0,0.0,0.0,0.0,0.0,0.0,0.0,0.0
0327,0291908,Adenoma low grade,0.03264839947223663,0.03264839947223663,14,0.9355353044471167,8,0,2,0,0,0,1,0,2,0,1,0,0,0.5714285714285714,0.0,0.14285714285714285,0.0,0.0,0.0,0.07142857142857142,0.0,0.14285714285714285,0.0,0.07142857142857142,0.0,0.0
0331,0026582,Adenoma low grade,0.03988795727491379,0.03988795727491379,36,0.9838802770956439,26,0,4,0,0,0,2,0,4,0,0,0,0,0.7222222222222222,0.0,0.1111111111111111,0.0,0.0,0.0,0.05555555555555555,0.0,0.1111111111111111,0.0,0.0,0.0,0.0
0331,0040222,Adenoma low grade,0.0331757627427578,0.0331757627427578,70,0.9361276011727481,65,0,1,0,0,0,1,0,0,0,3,0,0,0.9285714285714286,0.0,0.014285714285714285,0.0,0.0,0.0,0.014285714285714285,0.0,0.0,0.0,0.04285714285714286,0.0,0.0
0331,0134140,Adenoma low grade,0.08468475192785263,0.08468475192785263,34,0.899527622732707,34,0,0,0,0,0,0,0,0,0,0,0,0,1.0,0.0,0.0,0.0,0.0,0.0,0.0,0.0,0.0,0.0,0.0,0.0,0.0
0331,0318975,Adenoma low grade,0.021727563813328743,0.021727563813328743,19,0.9740476719136552,11,0,7,0,0,0,0,0,1,0,0,0,0,0.5789473684210527,0.0,0.3684210526315789,0.0,0.0,0.0,0.0,0.0,0.05263157894736842,0.0,0.0,0.0,0.0
0331,0347247,Adenoma low grade,0.027135426178574562,0.027135426178574562,2,0.9087626279348249,2,0,0,0,0,0,0,0,0,0,0,0,0,1.0,0.0,0.0,0.0,0.0,0.0,0.0,0.0,0.0,0.0,0.0,0.0,0.0
0331,0356193,Adenoma low grade,0.0229183342307806,0.0229183342307806,43,0.9863834006681611,30,0,5,0,0,0,7,0,0,0,1,0,0,0.6976744186046512,0.0,0.11627906976744186,0.0,0.0,0.0,0.16279069767441862,0.0,0.0,0.0,0.023255813953488372,0.0,0.0
0331,0787503,Adenoma low grade,0.036091484129428864,0.036091484129428864,50,0.8232565803894539,36,0,0,0,0,0,0,0,0,0,14,0,0,0.72,0.0,0.0,0.0,0.0,0.0,0.0,0.0,0.0,0.0,0.28,0.0,0.0
0331,0806143,Adenoma low grade,0.01134447567164898,0.01134447567164898,31,0.9786392328629749,23,0,3,0,0,0,4,0,0,0,0,0,1,0.7419354838709677,0.0,0.0967741935483871,0.0,0.0,0.0,0.12903225806451613,0.0,0.0,0.0,0.0,0.0,0.03225806451612903
0331,0814323,Adenoma low grade,0.06532570719718933,0.06532570719718933,44,0.9759706908214008,28,1,7,0,0,0,7,0,1,0,0,0,0,0.6363636363636364,0.022727272727272728,0.1590909090909091,0.0,0.0,0.0,0.1590909090909091,0.0,0.022727272727272728,0.0,0.0,0.0,0.0
0353,0004299,Adenoma low grade,0.03443673625588417,0.03443673625588417,59,0.960524835580783,31,16,7,0,0,0,2,0,3,0,0,0,0,0.5254237288135594,0.2711864406779661,0.11864406779661017,0.0,0.0,0.0,0.03389830508474576,0.0,0.05084745762711865,0.0,0.0,0.0,0.0
0353,0092977,Adenoma low grade,0.02785053290426731,0.02785053290426731,36,0.9440296756031089,35,0,0,0,0,0,0,0,0,0,1,0,0,0.9722222222222222,0.0,0.0,0.0,0.0,0.0,0.0,0.0,0.0,0.0,0.027777777777777776,0.0,0.0
0353,0240839,Adenoma low grade,0.03349876031279564,0.03349876031279564,74,0.917574544812202,9,6,2,12,2,1,3,0,1,0,37,0,1,0.12162162162162163,0.08108108108108109,0.02702702702702703,0.16216216216216217,0.02702702702702703,0.013513513513513514,0.04054054054054054,0.0,0.013513513513513514,0.0,0.5,0.0,0.013513513513513514
0353,0360330,Adenoma low grade,0.028529340401291847,0.028529340401291847,54,0.9500496056444113,36,10,2,0,0,0,1,0,3,0,2,0,0,0.6666666666666666,0.18518518518518517,0.037037037037037035,0.0,0.0,0.0,0.018518518518518517,0.0,0.05555555555555555,0.0,0.037037037037037035,0.0,0.0
0353,0519490,Adenoma low grade,0.03602151945233345,0.03602151945233345,60,0.9511290391653432,55,0,3,0,0,0,0,0,0,0,2,0,0,0.9166666666666666,0.0,0.05,0.0,0.0,0.0,0.0,0.0,0.0,0.0,0.03333333333333333,0.0,0.0
0353,0720097,Adenoma low grade,0.03544931858778,0.03544931858778,15,0.9297087102822882,1,0,2,0,0,0,0,0,2,0,10,0,0,0.06666666666666667,0.0,0.13333333333333333,0.0,0.0,0.0,0.0,0.0,0.13333333333333333,0.0,0.6666666666666666,0.0,0.0
0353,0734806,Adenoma low grade,0.026822371408343315,0.026822371408343315,46,0.9193052232588844,16,11,13,1,0,0,1,0,3,0,0,0,1,0.34782608695652173,0.2391304347826087,0.2826086956521739,0.021739130434782608,0.0,0.0,0.021739130434782608,0.0,0.06521739130434782,0.0,0.0,0.0,0.021739130434782608
0353,0863504,Adenoma low grade,0.044897813349962234,0.044897813349962234,8,0.923297405024152,8,0,0,0,0,0,0,0,0,0,0,0,0,1.0,0.0,0.0,0.0,0.0,0.0,0.0,0.0,0.0,0.0,0.0,0.0,0.0
0377,0595715,Adenoma low grade,0.06626035273075104,0.06626035273075104,111,0.957219248822764,111,0,0,0,0,0,0,0,0,0,0,0,0,1.0,0.0,0.0,0.0,0.0,0.0,0.0,0.0,0.0,0.0,0.0,0.0,0.0
0414,0383408,Adenoma low grade,0.020993495360016823,0.020993495360016823,68,0.8939453530977325,14,11,5,2,0,0,12,0,0,0,23,0,1,0.20588235294117646,0.16176470588235295,0.07352941176470588,0.029411764705882353,0.0,0.0,0.17647058823529413,0.0,0.0,0.0,0.3382352941176471,0.0,0.014705882352941176
0439,0243717,Adenoma low grade,0.029674265533685684,0.029674265533685684,26,0.9018102187454582,17,4,3,0,0,0,2,0,0,0,0,0,0,0.6538461538461539,0.15384615384615385,0.11538461538461539,0.0,0.0,0.0,0.07692307692307693,0.0,0.0,0.0,0.0,0.0,0.0
0439,0416900,Adenoma low grade,0.03314489871263504,0.03314489871263504,17,0.9562817332433068,7,1,0,1,0,0,0,0,3,0,4,0,1,0.4117647058823529,0.058823529411764705,0.0,0.058823529411764705,0.0,0.0,0.0,0.0,0.17647058823529413,0.0,0.23529411764705882,0.0,0.058823529411764705
0439,0501713,Adenoma low grade,0.030585967004299164,0.030585967004299164,18,0.9832041251304191,13,2,2,0,0,0,1,0,0,0,0,0,0,0.7222222222222222,0.1111111111111111,0.1111111111111111,0.0,0.0,0.0,0.05555555555555555,0.0,0.0,0.0,0.0,0.0,0.0
0439,0718579,Adenoma low grade,0.017323290929198265,0.017323290929198265,21,0.9593351842801121,17,1,1,0,0,0,2,0,0,0,0,0,0,0.8095238095238095,0.047619047619047616,0.047619047619047616,0.0,0.0,0.0,0.09523809523809523,0.0,0.0,0.0,0.0,0.0,0.0
0439,0996700,Adenoma low grade,0.055964041501283646,0.055964041501283646,43,0.9803348445593677,36,0,5,0,0,0,2,0,0,0,0,0,0,0.8372093023255814,0.0,0.11627906976744186,0.0,0.0,0.0,0.046511627906976744,0.0,0.0,0.0,0.0,0.0,0.0
0441,0153065,Adenoma low grade,0.0237939041107893,0.0237939041107893,71,0.8841253485262343,14,4,2,1,1,0,2,0,0,0,47,0,0,0.19718309859154928,0.056338028169014086,0.028169014084507043,0.014084507042253521,0.014084507042253521,0.0,0.028169014084507043,0.0,0.0,0.0,0.6619718309859155,0.0,0.0
0443,0083471,Adenoma low grade,0.06231166049838066,0.06231166049838066,65,0.9892684137753557,64,0,0,0,0,0,0,0,0,0,0,1,0,0.9846153846153847,0.0,0.0,0.0,0.0,0.0,0.0,0.0,0.0,0.0,0.0,0.015384615384615385,0.0
0443,0181189,Adenoma low grade,0.058566901832818985,0.058566901832818985,75,0.9074791199121353,34,5,12,15,1,0,5,0,2,0,0,1,0,0.4533333333333333,0.06666666666666667,0.16,0.2,0.013333333333333334,0.0,0.06666666666666667,0.0,0.02666666666666667,0.0,0.0,0.013333333333333334,0.0
0443,0194155,Adenoma low grade,0.03142624348402023,0.03142624348402023,13,0.9560975358742108,2,0,2,0,0,0,1,0,8,0,0,0,0,0.15384615384615385,0.0,0.15384615384615385,0.0,0.0,0.0,0.07692307692307693,0.0,0.6153846153846154,0.0,0.0,0.0,0.0
0443,0228113,Adenoma low grade,0.03696401044726372,0.03696401044726372,31,0.9266240531872166,18,2,4,0,0,0,0,0,7,0,0,0,0,0.5806451612903226,0.06451612903225806,0.12903225806451613,0.0,0.0,0.0,0.0,0.0,0.22580645161290322,0.0,0.0,0.0,0.0
0443,0268525,Adenoma low grade,0.059929460287094116,0.059929460287094116,25,0.9433920077267508,25,0,0,0,0,0,0,0,0,0,0,0,0,1.0,0.0,0.0,0.0,0.0,0.0,0.0,0.0,0.0,0.0,0.0,0.0,0.0
0443,0540388,Adenoma low grade,0.0350201278924942,0.0350201278924942,34,0.9433979242164031,14,1,8,0,0,0,0,0,11,0,0,0,0,0.4117647058823529,0.029411764705882353,0.23529411764705882,0.0,0.0,0.0,0.0,0.0,0.3235294117647059,0.0,0.0,0.0,0.0
0443,0791944,Adenoma low grade,0.04570861905813217,0.04570861905813217,54,0.9664319731181981,40,4,5,1,0,0,1,0,3,0,0,0,0,0.7407407407407407,0.07407407407407407,0.09259259259259259,0.018518518518518517,0.0,0.0,0.018518518518518517,0.0,0.05555555555555555,0.0,0.0,0.0,0.0
0443,0985394,Adenoma low grade,0.08900047838687897,0.08900047838687897,37,0.9787242962206921,37,0,0,0,0,0,0,0,0,0,0,0,0,1.0,0.0,0.0,0.0,0.0,0.0,0.0,0.0,0.0,0.0,0.0,0.0,0.0
0443,1027696,Adenoma low grade,0.033915936946868896,0.033915936946868896,36,0.9773866152801993,28,0,4,0,0,0,0,0,3,0,0,1,0,0.7777777777777778,0.0,0.1111111111111111,0.0,0.0,0.0,0.0,0.0,0.08333333333333333,0.0,0.0,0.027777777777777776,0.0
0472,0120743,Adenoma low grade,0.022791024297475815,0.022791024297475815,35,0.889753990384526,7,3,2,1,0,0,5,0,6,3,8,0,0,0.2,0.08571428571428572,0.05714285714285714,0.02857142857142857,0.0,0.0,0.14285714285714285,0.0,0.17142857142857143,0.08571428571428572,0.22857142857142856,0.0,0.0
0472,0282104,Adenoma low grade,0.026922786608338356,0.026922786608338356,13,0.8232501534169727,12,0,0,0,0,0,0,0,0,0,1,0,0,0.9230769230769231,0.0,0.0,0.0,0.0,0.0,0.0,0.0,0.0,0.0,0.07692307692307693,0.0,0.0
0472,0998758,Adenoma low grade,0.03334246203303337,0.03334246203303337,6,0.9413283822273245,2,0,0,0,0,0,0,0,1,0,3,0,0,0.3333333333333333,0.0,0.0,0.0,0.0,0.0,0.0,0.0,0.16666666666666666,0.0,0.5,0.0,0.0
0475,0173220,Adenoma low grade,0.03745560720562935,0.03745560720562935,17,0.9716369349517029,6,0,0,0,0,0,0,0,2,0,9,0,0,0.35294117647058826,0.0,0.0,0.0,0.0,0.0,0.0,0.0,0.11764705882352941,0.0,0.5294117647058824,0.0,0.0
0475,0471008,Adenoma low grade,0.03165397793054581,0.03165397793054581,5,0.9440665063352889,3,0,1,0,0,0,0,0,0,0,0,0,1,0.6,0.0,0.2,0.0,0.0,0.0,0.0,0.0,0.0,0.0,0.0,0.0,0.2
0475,0987729,Adenoma low grade,0.03196738287806511,0.03196738287806511,54,0.9215863134639987,33,10,5,1,1,0,3,0,0,0,1,0,0,0.6111111111111112,0.18518518518518517,0.09259259259259259,0.018518518518518517,0.018518518518518517,0.0,0.05555555555555555,0.0,0.0,0.0,0.018518518518518517,0.0,0.0
0475,1026498,Adenoma low grade,0.03141218051314354,0.03141218051314354,18,0.9190356375691974,14,0,1,0,0,0,0,0,1,1,1,0,0,0.7777777777777778,0.0,0.05555555555555555,0.0,0.0,0.0,0.0,0.0,0.05555555555555555,0.05555555555555555,0.05555555555555555,0.0,0.0
0475,1031828,Adenoma low grade,0.040716804563999176,0.040716804563999176,33,0.93083245367098,3,8,3,0,1,0,4,0,0,0,14,0,0,0.09090909090909091,0.24242424242424243,0.09090909090909091,0.0,0.030303030303030304,0.0,0.12121212121212122,0.0,0.0,0.0,0.42424242424242425,0.0,0.0
0484,0654267,Adenoma low grade,0.03480707108974457,0.03480707108974457,63,0.9512953799603611,3,4,1,0,1,0,1,0,0,0,53,0,0,0.047619047619047616,0.06349206349206349,0.015873015873015872,0.0,0.015873015873015872,0.0,0.015873015873015872,0.0,0.0,0.0,0.8412698412698413,0.0,0.0
0487,0011224,Adenoma low grade,0.11717899888753891,0.11717899888753891,55,0.9823224424277512,50,0,2,0,0,0,2,0,1,0,0,0,0,0.9090909090909091,0.0,0.03636363636363636,0.0,0.0,0.0,0.03636363636363636,0.0,0.01818181818181818,0.0,0.0,0.0,0.0
0487,0061992,Adenoma low grade,0.10271598398685455,0.10271598398685455,37,0.9997139925772961,36,0,0,0,0,0,0,0,0,0,0,1,0,0.972972972972973,0.0,0.0,0.0,0.0,0.0,0.0,0.0,0.0,0.0,0.0,0.02702702702702703,0.0
0487,0099320,Adenoma low grade,0.0964045524597168,0.0964045524597168,45,0.9980884093445266,45,0,0,0,0,0,0,0,0,0,0,0,0,1.0,0.0,0.0,0.0,0.0,0.0,0.0,0.0,0.0,0.0,0.0,0.0,0.0
0487,0138549,Adenoma low grade,0.11070922762155533,0.11070922762155533,20,0.9928218199498303,20,0,0,0,0,0,0,0,0,0,0,0,0,1.0,0.0,0.0,0.0,0.0,0.0,0.0,0.0,0.0,0.0,0.0,0.0,0.0
0487,0154594,Adenoma low grade,0.11564873158931732,0.11564873158931732,44,0.9772173984745017,34,0,2,0,0,0,0,0,8,0,0,0,0,0.7727272727272727,0.0,0.045454545454545456,0.0,0.0,0.0,0.0,0.0,0.18181818181818182,0.0,0.0,0.0,0.0
0487,0156348,Adenoma low grade,0.11453139036893845,0.11453139036893845,23,0.9981353052621426,22,0,0,1,0,0,0,0,0,0,0,0,0,0.9565217391304348,0.0,0.0,0.043478260869565216,0.0,0.0,0.0,0.0,0.0,0.0,0.0,0.0,0.0
0487,0193336,Adenoma low grade,0.11196208745241165,0.11196208745241165,26,0.9418704085541578,26,0,0,0,0,0,0,0,0,0,0,0,0,1.0,0.0,0.0,0.0,0.0,0.0,0.0,0.0,0.0,0.0,0.0,0.0,0.0
0487,0347061,Adenoma low grade,0.125258669257164,0.125258669257164,34,0.9787066412708992,34,0,0,0,0,0,0,0,0,0,0,0,0,1.0,0.0,0.0,0.0,0.0,0.0,0.0,0.0,0.0,0.0,0.0,0.0,0.0
0487,0375734,Adenoma low grade,0.07552413642406464,0.07552413642406464,54,0.9981277345953887,54,0,0,0,0,0,0,0,0,0,0,0,0,1.0,0.0,0.0,0.0,0.0,0.0,0.0,0.0,0.0,0.0,0.0,0.0,0.0
0487,0391558,Adenoma low grade,0.09652592241764069,0.09652592241764069,66,0.9884100377260616,61,0,3,0,0,0,1,0,1,0,0,0,0,0.9242424242424242,0.0,0.045454545454545456,0.0,0.0,0.0,0.015151515151515152,0.0,0.015151515151515152,0.0,0.0,0.0,0.0
0487,0430629,Adenoma low grade,0.11927229166030884,0.11927229166030884,29,0.9778921487301425,29,0,0,0,0,0,0,0,0,0,0,0,0,1.0,0.0,0.0,0.0,0.0,0.0,0.0,0.0,0.0,0.0,0.0,0.0,0.0
0487,0441266,Adenoma low grade,0.12247385084629059,0.12247385084629059,37,0.9882358462610352,36,0,0,0,0,0,0,0,0,0,0,0,1,0.972972972972973,0.0,0.0,0.0,0.0,0.0,0.0,0.0,0.0,0.0,0.0,0.0,0.02702702702702703
0487,0494934,Adenoma low grade,0.11516133695840836,0.11516133695840836,54,0.9845374334015183,54,0,0,0,0,0,0,0,0,0,0,0,0,1.0,0.0,0.0,0.0,0.0,0.0,0.0,0.0,0.0,0.0,0.0,0.0,0.0
0487,0541663,Adenoma low grade,0.11103396117687225,0.11103396117687225,35,0.9808136387349927,34,0,0,0,0,0,0,0,0,0,0,0,1,0.9714285714285714,0.0,0.0,0.0,0.0,0.0,0.0,0.0,0.0,0.0,0.0,0.0,0.02857142857142857
0487,0650201,Adenoma low grade,0.1025371253490448,0.1025371253490448,29,0.9999999912089308,29,0,0,0,0,0,0,0,0,0,0,0,0,1.0,0.0,0.0,0.0,0.0,0.0,0.0,0.0,0.0,0.0,0.0,0.0,0.0
0487,0670034,Adenoma low grade,0.11160144209861755,0.11160144209861755,28,0.9539319444325208,28,0,0,0,0,0,0,0,0,0,0,0,0,1.0,0.0,0.0,0.0,0.0,0.0,0.0,0.0,0.0,0.0,0.0,0.0,0.0
0487,0686923,Adenoma low grade,0.10932151973247528,0.10932151973247528,43,0.9841437529534929,43,0,0,0,0,0,0,0,0,0,0,0,0,1.0,0.0,0.0,0.0,0.0,0.0,0.0,0.0,0.0,0.0,0.0,0.0,0.0
0487,0707498,Adenoma low grade,0.10911991447210312,0.10911991447210312,52,0.9538972441361656,51,0,0,0,0,0,0,0,0,0,0,0,1,0.9807692307692307,0.0,0.0,0.0,0.0,0.0,0.0,0.0,0.0,0.0,0.0,0.0,0.019230769230769232
0487,0801161,Adenoma low grade,0.11711034178733826,0.11711034178733826,43,0.9398448358870889,43,0,0,0,0,0,0,0,0,0,0,0,0,1.0,0.0,0.0,0.0,0.0,0.0,0.0,0.0,0.0,0.0,0.0,0.0,0.0
0487,0808715,Adenoma low grade,0.09213440865278244,0.09213440865278244,37,0.986031244627168,37,0,0,0,0,0,0,0,0,0,0,0,0,1.0,0.0,0.0,0.0,0.0,0.0,0.0,0.0,0.0,0.0,0.0,0.0,0.0
0487,0853242,Adenoma low grade,0.09403491020202637,0.09403491020202637,18,0.831968741813805,17,0,0,1,0,0,0,0,0,0,0,0,0,0.9444444444444444,0.0,0.0,0.05555555555555555,0.0,0.0,0.0,0.0,0.0,0.0,0.0,0.0,0.0
0487,0921851,Adenoma low grade,0.11062607914209366,0.11062607914209366,80,0.9999999880344852,80,0,0,0,0,0,0,0,0,0,0,0,0,1.0,0.0,0.0,0.0,0.0,0.0,0.0,0.0,0.0,0.0,0.0,0.0,0.0
0487,0959786,Adenoma low grade,0.12075716257095337,0.12075716257095337,29,0.998467425739465,29,0,0,0,0,0,0,0,0,0,0,0,0,1.0,0.0,0.0,0.0,0.0,0.0,0.0,0.0,0.0,0.0,0.0,0.0,0.0
0521,0321387,Adenoma low grade,0.0187294390052557,0.0187294390052557,24,0.9609137138099865,24,0,0,0,0,0,0,0,0,0,0,0,0,1.0,0.0,0.0,0.0,0.0,0.0,0.0,0.0,0.0,0.0,0.0,0.0,0.0
0523,0087012,Adenoma low grade,0.03559184446930885,0.03559184446930885,102,0.9319060473439102,6,24,12,6,1,0,4,0,0,0,49,0,0,0.058823529411764705,0.23529411764705882,0.11764705882352941,0.058823529411764705,0.00980392156862745,0.0,0.0392156862745098,0.0,0.0,0.0,0.4803921568627451,0.0,0.0
0523,0126521,Adenoma low grade,0.03635043650865555,0.03635043650865555,49,0.9742607750025085,40,1,6,0,0,0,0,0,0,0,2,0,0,0.8163265306122449,0.02040816326530612,0.12244897959183673,0.0,0.0,0.0,0.0,0.0,0.0,0.0,0.04081632653061224,0.0,0.0
0523,0282840,Adenoma low grade,0.03564344346523285,0.03564344346523285,76,0.9535654571855602,57,5,12,0,0,0,0,0,0,0,2,0,0,0.75,0.06578947368421052,0.15789473684210525,0.0,0.0,0.0,0.0,0.0,0.0,0.0,0.02631578947368421,0.0,0.0
0523,0441278,Adenoma low grade,0.036775194108486176,0.036775194108486176,80,0.9112316830972178,31,18,20,2,0,0,1,0,0,0,8,0,0,0.3875,0.225,0.25,0.025,0.0,0.0,0.0125,0.0,0.0,0.0,0.1,0.0,0.0
0523,0899286,Adenoma low grade,0.0246739499270916,0.0246739499270916,48,0.9110446813645606,28,5,3,0,0,0,0,0,0,0,12,0,0,0.5833333333333334,0.10416666666666667,0.0625,0.0,0.0,0.0,0.0,0.0,0.0,0.0,0.25,0.0,0.0
0523,1000306,Adenoma low grade,0.03212136775255203,0.03212136775255203,96,0.9180897185372219,9,28,11,5,0,0,1,0,0,0,42,0,0,0.09375,0.2916666666666667,0.11458333333333333,0.052083333333333336,0.0,0.0,0.010416666666666666,0.0,0.0,0.0,0.4375,0.0,0.0
0527,0082069,Adenoma low grade,0.11580010503530502,0.11580010503530502,27,0.9885623531376818,27,0,0,0,0,0,0,0,0,0,0,0,0,1.0,0.0,0.0,0.0,0.0,0.0,0.0,0.0,0.0,0.0,0.0,0.0,0.0
0527,0089814,Adenoma low grade,0.09776246547698975,0.09776246547698975,61,0.9964287144884895,61,0,0,0,0,0,0,0,0,0,0,0,0,1.0,0.0,0.0,0.0,0.0,0.0,0.0,0.0,0.0,0.0,0.0,0.0,0.0
0527,0117191,Adenoma low grade,0.0973692238330841,0.0973692238330841,35,0.9777823060503987,29,1,0,0,0,0,2,0,0,0,2,0,1,0.8285714285714286,0.02857142857142857,0.0,0.0,0.0,0.0,0.05714285714285714,0.0,0.0,0.0,0.05714285714285714,0.0,0.02857142857142857
0527,0155617,Adenoma low grade,0.07347549498081207,0.07347549498081207,41,0.9883350942842742,40,0,0,1,0,0,0,0,0,0,0,0,0,0.975609756097561,0.0,0.0,0.024390243902439025,0.0,0.0,0.0,0.0,0.0,0.0,0.0,0.0,0.0
0527,0256870,Adenoma low grade,0.061737075448036194,0.061737075448036194,45,0.8394442969195158,18,0,0,0,0,0,0,0,0,0,27,0,0,0.4,0.0,0.0,0.0,0.0,0.0,0.0,0.0,0.0,0.0,0.6,0.0,0.0
0527,0279737,Adenoma low grade,0.1424832046031952,0.1424832046031952,43,0.989719950498361,41,0,1,0,0,0,0,0,1,0,0,0,0,0.9534883720930233,0.0,0.023255813953488372,0.0,0.0,0.0,0.0,0.0,0.023255813953488372,0.0,0.0,0.0,0.0
0527,0311100,Adenoma low grade,0.10475756973028183,0.10475756973028183,41,0.99805740555776,40,1,0,0,0,0,0,0,0,0,0,0,0,0.975609756097561,0.024390243902439025,0.0,0.0,0.0,0.0,0.0,0.0,0.0,0.0,0.0,0.0,0.0
0527,0344557,Adenoma low grade,0.11480803787708282,0.11480803787708282,47,0.9915736757785368,44,0,0,0,0,0,0,0,3,0,0,0,0,0.9361702127659575,0.0,0.0,0.0,0.0,0.0,0.0,0.0,0.06382978723404255,0.0,0.0,0.0,0.0
0527,0364295,Adenoma low grade,0.1296233981847763,0.1296233981847763,40,0.974659602861685,40,0,0,0,0,0,0,0,0,0,0,0,0,1.0,0.0,0.0,0.0,0.0,0.0,0.0,0.0,0.0,0.0,0.0,0.0,0.0
0527,0398656,Adenoma low grade,0.099951833486557,0.099951833486557,30,0.9991134674899818,29,0,0,0,0,0,0,0,0,0,0,1,0,0.9666666666666667,0.0,0.0,0.0,0.0,0.0,0.0,0.0,0.0,0.0,0.0,0.03333333333333333,0.0
0527,0400182,Adenoma low grade,0.0962873250246048,0.0962873250246048,64,0.9646119324827191,64,0,0,0,0,0,0,0,0,0,0,0,0,1.0,0.0,0.0,0.0,0.0,0.0,0.0,0.0,0.0,0.0,0.0,0.0,0.0
0527,0448534,Adenoma low grade,0.09976193308830261,0.09976193308830261,51,0.9927785533197597,51,0,0,0,0,0,0,0,0,0,0,0,0,1.0,0.0,0.0,0.0,0.0,0.0,0.0,0.0,0.0,0.0,0.0,0.0,0.0
0527,0452478,Adenoma low grade,0.07341255247592926,0.07341255247592926,49,0.8656981150043292,20,0,2,0,0,0,0,0,0,0,27,0,0,0.40816326530612246,0.0,0.04081632653061224,0.0,0.0,0.0,0.0,0.0,0.0,0.0,0.5510204081632653,0.0,0.0
0527,0466121,Adenoma low grade,0.08947794884443283,0.08947794884443283,34,0.996229253687761,33,0,1,0,0,0,0,0,0,0,0,0,0,0.9705882352941176,0.0,0.029411764705882353,0.0,0.0,0.0,0.0,0.0,0.0,0.0,0.0,0.0,0.0
0527,0472088,Adenoma low grade,0.1108369454741478,0.1108369454741478,39,0.9696683100669862,39,0,0,0,0,0,0,0,0,0,0,0,0,1.0,0.0,0.0,0.0,0.0,0.0,0.0,0.0,0.0,0.0,0.0,0.0,0.0
0527,0478497,Adenoma low grade,0.08636819571256638,0.08636819571256638,24,0.9654929368841554,24,0,0,0,0,0,0,0,0,0,0,0,0,1.0,0.0,0.0,0.0,0.0,0.0,0.0,0.0,0.0,0.0,0.0,0.0,0.0
0527,0499378,Adenoma low grade,0.0998331755399704,0.0998331755399704,40,0.9345498590087249,40,0,0,0,0,0,0,0,0,0,0,0,0,1.0,0.0,0.0,0.0,0.0,0.0,0.0,0.0,0.0,0.0,0.0,0.0,0.0
0527,0506987,Adenoma low grade,0.0706164613366127,0.0706164613366127,61,0.9676798148294917,51,0,7,0,0,0,0,0,3,0,0,0,0,0.8360655737704918,0.0,0.11475409836065574,0.0,0.0,0.0,0.0,0.0,0.04918032786885246,0.0,0.0,0.0,0.0
0527,0508217,Adenoma low grade,0.1349792778491974,0.1349792778491974,74,0.9763532900216311,63,2,2,0,0,0,5,0,2,0,0,0,0,0.8513513513513513,0.02702702702702703,0.02702702702702703,0.0,0.0,0.0,0.06756756756756757,0.0,0.02702702702702703,0.0,0.0,0.0,0.0
0527,0523631,Adenoma low grade,0.07086378335952759,0.07086378335952759,41,0.9743580930012895,37,1,0,0,0,0,2,0,1,0,0,0,0,0.9024390243902439,0.024390243902439025,0.0,0.0,0.0,0.0,0.04878048780487805,0.0,0.024390243902439025,0.0,0.0,0.0,0.0
0527,0545751,Adenoma low grade,0.0890931636095047,0.0890931636095047,59,0.978441108396803,49,0,3,0,0,0,1,0,6,0,0,0,0,0.8305084745762712,0.0,0.05084745762711865,0.0,0.0,0.0,0.01694915254237288,0.0,0.1016949152542373,0.0,0.0,0.0,0.0
0527,0568985,Adenoma low grade,0.10934619605541229,0.10934619605541229,51,0.9779947098481176,46,0,3,0,0,0,2,0,0,0,0,0,0,0.9019607843137255,0.0,0.058823529411764705,0.0,0.0,0.0,0.0392156862745098,0.0,0.0,0.0,0.0,0.0,0.0
0527,0569471,Adenoma low grade,0.09475718438625336,0.09475718438625336,35,0.9839180902720577,33,0,1,0,0,0,0,0,0,0,1,0,0,0.9428571428571428,0.0,0.02857142857142857,0.0,0.0,0.0,0.0,0.0,0.0,0.0,0.02857142857142857,0.0,0.0
0527,0580156,Adenoma low grade,0.0910133570432663,0.0910133570432663,72,0.9770329702658892,72,0,0,0,0,0,0,0,0,0,0,0,0,1.0,0.0,0.0,0.0,0.0,0.0,0.0,0.0,0.0,0.0,0.0,0.0,0.0
0527,0645959,Adenoma low grade,0.07899294793605804,0.07899294793605804,69,0.8938592482355744,66,0,0,0,0,0,0,0,2,0,1,0,0,0.9565217391304348,0.0,0.0,0.0,0.0,0.0,0.0,0.0,0.028985507246376812,0.0,0.014492753623188406,0.0,0.0
0527,0684348,Adenoma low grade,0.08337339758872986,0.08337339758872986,47,0.9899527104233578,44,0,2,0,0,0,0,0,1,0,0,0,0,0.9361702127659575,0.0,0.0425531914893617,0.0,0.0,0.0,0.0,0.0,0.02127659574468085,0.0,0.0,0.0,0.0
0527,0706588,Adenoma low grade,0.13094893097877502,0.13094893097877502,82,0.9813081736094749,72,2,2,0,0,0,1,0,5,0,0,0,0,0.8780487804878049,0.024390243902439025,0.024390243902439025,0.0,0.0,0.0,0.012195121951219513,0.0,0.06097560975609756,0.0,0.0,0.0,0.0
0527,0738270,Adenoma low grade,0.13161323964595795,0.13161323964595795,41,0.9439213971213124,24,3,7,0,0,1,3,0,2,0,0,1,0,0.5853658536585366,0.07317073170731707,0.17073170731707318,0.0,0.0,0.024390243902439025,0.07317073170731707,0.0,0.04878048780487805,0.0,0.0,0.024390243902439025,0.0
0527,0742253,Adenoma low grade,0.07840307801961899,0.07840307801961899,51,0.9948222868718447,48,0,1,0,0,0,1,0,0,0,0,0,1,0.9411764705882353,0.0,0.0196078431372549,0.0,0.0,0.0,0.0196078431372549,0.0,0.0,0.0,0.0,0.0,0.0196078431372549
0527,0752462,Adenoma low grade,0.09339864552021027,0.09339864552021027,67,0.9807291928431721,51,6,4,0,0,0,6,0,0,0,0,0,0,0.7611940298507462,0.08955223880597014,0.05970149253731343,0.0,0.0,0.0,0.08955223880597014,0.0,0.0,0.0,0.0,0.0,0.0
0527,0759704,Adenoma low grade,0.07802201062440872,0.07802201062440872,36,0.9681136509211625,29,0,3,0,0,0,3,0,0,0,0,0,1,0.8055555555555556,0.0,0.08333333333333333,0.0,0.0,0.0,0.08333333333333333,0.0,0.0,0.0,0.0,0.0,0.027777777777777776
0527,0787709,Adenoma low grade,0.11382272839546204,0.11382272839546204,62,0.9568384000125973,62,0,0,0,0,0,0,0,0,0,0,0,0,1.0,0.0,0.0,0.0,0.0,0.0,0.0,0.0,0.0,0.0,0.0,0.0,0.0
0527,0814537,Adenoma low grade,0.13692103326320648,0.13692103326320648,56,0.9902878927053163,45,0,2,0,0,0,0,0,9,0,0,0,0,0.8035714285714286,0.0,0.03571428571428571,0.0,0.0,0.0,0.0,0.0,0.16071428571428573,0.0,0.0,0.0,0.0
0527,0913025,Adenoma low grade,0.09259916096925735,0.09259916096925735,55,0.9502949063571168,53,0,0,0,0,0,1,0,1,0,0,0,0,0.9636363636363636,0.0,0.0,0.0,0.0,0.0,0.01818181818181818,0.0,0.01818181818181818,0.0,0.0,0.0,0.0
0527,0970580,Adenoma low grade,0.08637084811925888,0.08637084811925888,49,0.983911717314786,47,0,0,0,0,0,2,0,0,0,0,0,0,0.9591836734693877,0.0,0.0,0.0,0.0,0.0,0.04081632653061224,0.0,0.0,0.0,0.0,0.0,0.0
0527,1016082,Adenoma low grade,0.08620310574769974,0.08620310574769974,25,0.9695305245016361,24,0,0,0,0,0,0,0,0,0,0,0,1,0.96,0.0,0.0,0.0,0.0,0.0,0.0,0.0,0.0,0.0,0.0,0.0,0.04
0542,0111215,Adenoma low grade,0.1035134419798851,0.1035134419798851,77,0.9827781044725673,68,1,4,0,0,0,0,0,0,0,0,0,4,0.8831168831168831,0.012987012987012988,0.05194805194805195,0.0,0.0,0.0,0.0,0.0,0.0,0.0,0.0,0.0,0.05194805194805195
0565,0264769,Adenoma low grade,0.03409657999873161,0.03409657999873161,67,0.9882255206860412,63,2,0,0,0,0,2,0,0,0,0,0,0,0.9402985074626866,0.029850746268656716,0.0,0.0,0.0,0.0,0.029850746268656716,0.0,0.0,0.0,0.0,0.0,0.0
0565,0272154,Adenoma low grade,0.03826533257961273,0.03826533257961273,69,0.985915177099396,53,0,15,0,0,0,0,0,1,0,0,0,0,0.7681159420289855,0.0,0.21739130434782608,0.0,0.0,0.0,0.0,0.0,0.014492753623188406,0.0,0.0,0.0,0.0
0565,0292349,Adenoma low grade,0.09349477291107178,0.09349477291107178,52,0.9991191652792127,46,0,5,0,0,0,0,0,1,0,0,0,0,0.8846153846153846,0.0,0.09615384615384616,0.0,0.0,0.0,0.0,0.0,0.019230769230769232,0.0,0.0,0.0,0.0
0565,0330730,Adenoma low grade,0.013230889104306698,0.013230889104306698,64,0.9369415155492389,34,13,9,5,0,0,3,0,0,0,0,0,0,0.53125,0.203125,0.140625,0.078125,0.0,0.0,0.046875,0.0,0.0,0.0,0.0,0.0,0.0
0565,0346398,Adenoma low grade,0.02461813949048519,0.02461813949048519,118,0.9674140496520091,95,4,18,0,0,0,0,0,0,0,1,0,0,0.8050847457627118,0.03389830508474576,0.15254237288135594,0.0,0.0,0.0,0.0,0.0,0.0,0.0,0.00847457627118644,0.0,0.0
0565,0421568,Adenoma low grade,0.03344061225652695,0.03344061225652695,40,0.9391742431542502,39,0,0,0,0,0,0,0,0,0,1,0,0,0.975,0.0,0.0,0.0,0.0,0.0,0.0,0.0,0.0,0.0,0.025,0.0,0.0
0565,0568533,Adenoma low grade,0.04098177328705788,0.04098177328705788,77,0.9936574946333752,75,1,0,0,0,0,1,0,0,0,0,0,0,0.974025974025974,0.012987012987012988,0.0,0.0,0.0,0.0,0.012987012987012988,0.0,0.0,0.0,0.0,0.0,0.0
0565,0949456,Adenoma low grade,0.04398106038570404,0.04398106038570404,44,0.9642478933607262,35,5,3,0,0,0,1,0,0,0,0,0,0,0.7954545454545454,0.11363636363636363,0.06818181818181818,0.0,0.0,0.0,0.022727272727272728,0.0,0.0,0.0,0.0,0.0,0.0
0565,0977344,Adenoma low grade,0.06408286094665527,0.06408286094665527,92,0.9904540790666647,90,2,0,0,0,0,0,0,0,0,0,0,0,0.9782608695652174,0.021739130434782608,0.0,0.0,0.0,0.0,0.0,0.0,0.0,0.0,0.0,0.0,0.0
0576,0034993,Adenoma low grade,0.04061321169137955,0.04061321169137955,39,0.9999999890532735,37,0,2,0,0,0,0,0,0,0,0,0,0,0.9487179487179487,0.0,0.05128205128205128,0.0,0.0,0.0,0.0,0.0,0.0,0.0,0.0,0.0,0.0
0576,0386287,Adenoma low grade,0.03456205129623413,0.03456205129623413,59,0.9058832469705954,9,3,20,0,0,0,0,0,1,2,24,0,0,0.15254237288135594,0.05084745762711865,0.3389830508474576,0.0,0.0,0.0,0.0,0.0,0.01694915254237288,0.03389830508474576,0.4067796610169492,0.0,0.0
0576,0548047,Adenoma low grade,0.04369676113128662,0.04369676113128662,45,0.9727944732951849,41,0,2,0,0,0,0,0,0,0,2,0,0,0.9111111111111111,0.0,0.044444444444444446,0.0,0.0,0.0,0.0,0.0,0.0,0.0,0.044444444444444446,0.0,0.0
0576,0883287,Adenoma low grade,0.032441530376672745,0.032441530376672745,50,0.9560905622685195,49,0,0,0,0,0,0,0,0,0,1,0,0,0.98,0.0,0.0,0.0,0.0,0.0,0.0,0.0,0.0,0.0,0.02,0.0,0.0
0576,0900655,Adenoma low grade,0.06472503393888474,0.06472503393888474,19,0.9966261746805604,17,0,2,0,0,0,0,0,0,0,0,0,0,0.8947368421052632,0.0,0.10526315789473684,0.0,0.0,0.0,0.0,0.0,0.0,0.0,0.0,0.0,0.0
0585,0286522,Adenoma low grade,0.031275928020477295,0.031275928020477295,80,0.9250005671470236,7,7,11,8,0,1,2,0,0,0,44,0,0,0.0875,0.0875,0.1375,0.1,0.0,0.0125,0.025,0.0,0.0,0.0,0.55,0.0,0.0
0585,0290040,Adenoma low grade,0.030057895928621292,0.030057895928621292,13,0.9163782134759407,2,0,0,0,0,0,0,0,0,0,11,0,0,0.15384615384615385,0.0,0.0,0.0,0.0,0.0,0.0,0.0,0.0,0.0,0.8461538461538461,0.0,0.0
0585,0480836,Adenoma low grade,0.03014398366212845,0.03014398366212845,62,0.8439562403295078,15,4,8,13,0,0,2,0,0,0,20,0,0,0.24193548387096775,0.06451612903225806,0.12903225806451613,0.20967741935483872,0.0,0.0,0.03225806451612903,0.0,0.0,0.0,0.3225806451612903,0.0,0.0
0585,0504837,Adenoma low grade,0.03054667077958584,0.03054667077958584,47,0.935439265387926,10,20,4,3,0,0,5,0,0,0,5,0,0,0.2127659574468085,0.425531914893617,0.0851063829787234,0.06382978723404255,0.0,0.0,0.10638297872340426,0.0,0.0,0.0,0.10638297872340426,0.0,0.0
0585,0636284,Adenoma low grade,0.045776575803756714,0.045776575803756714,80,0.9289241831674262,1,27,8,0,1,0,4,0,1,0,37,0,1,0.0125,0.3375,0.1,0.0,0.0125,0.0,0.05,0.0,0.0125,0.0,0.4625,0.0,0.0125
0585,0922948,Adenoma low grade,0.03821037709712982,0.03821037709712982,61,0.9374194814900794,7,1,5,6,0,0,1,0,1,0,40,0,0,0.11475409836065574,0.01639344262295082,0.08196721311475409,0.09836065573770492,0.0,0.0,0.01639344262295082,0.0,0.01639344262295082,0.0,0.6557377049180327,0.0,0.0
0596,0088048,Adenoma low grade,0.07527178525924683,0.07527178525924683,16,0.9368680405210239,15,0,0,1,0,0,0,0,0,0,0,0,0,0.9375,0.0,0.0,0.0625,0.0,0.0,0.0,0.0,0.0,0.0,0.0,0.0,0.0
0596,0871979,Adenoma low grade,0.04119303822517395,0.04119303822517395,14,0.9679487074244401,12,0,0,0,0,0,2,0,0,0,0,0,0,0.8571428571428571,0.0,0.0,0.0,0.0,0.0,0.14285714285714285,0.0,0.0,0.0,0.0,0.0,0.0
0606,0473564,Adenoma low grade,0.016183000057935715,0.016183000057935715,14,0.8701499961503991,11,0,1,0,0,0,0,0,0,0,2,0,0,0.7857142857142857,0.0,0.07142857142857142,0.0,0.0,0.0,0.0,0.0,0.0,0.0,0.14285714285714285,0.0,0.0
0608,0043200,Adenoma low grade,0.03916080296039581,0.03916080296039581,39,0.9394941360232227,9,8,5,5,0,0,3,0,1,0,8,0,0,0.23076923076923078,0.20512820512820512,0.1282051282051282,0.1282051282051282,0.0,0.0,0.07692307692307693,0.0,0.02564102564102564,0.0,0.20512820512820512,0.0,0.0
0608,0202276,Adenoma low grade,0.04588068276643753,0.04588068276643753,8,0.7402029565201883,4,0,1,0,0,0,0,0,2,0,1,0,0,0.5,0.0,0.125,0.0,0.0,0.0,0.0,0.0,0.25,0.0,0.125,0.0,0.0
0608,0288726,Adenoma low grade,0.03276267275214195,0.03276267275214195,12,0.8688033193199775,3,0,7,0,0,0,1,0,0,0,1,0,0,0.25,0.0,0.5833333333333334,0.0,0.0,0.0,0.08333333333333333,0.0,0.0,0.0,0.08333333333333333,0.0,0.0
0608,0292605,Adenoma low grade,0.04378875344991684,0.04378875344991684,33,0.9632683106366172,3,0,7,0,0,0,0,0,0,0,23,0,0,0.09090909090909091,0.0,0.21212121212121213,0.0,0.0,0.0,0.0,0.0,0.0,0.0,0.696969696969697,0.0,0.0
0608,0339766,Adenoma low grade,0.023709382861852646,0.023709382861852646,25,0.9628000190837441,15,0,10,0,0,0,0,0,0,0,0,0,0,0.6,0.0,0.4,0.0,0.0,0.0,0.0,0.0,0.0,0.0,0.0,0.0,0.0
0608,0431824,Adenoma low grade,0.037842921912670135,0.037842921912670135,10,0.783724871883436,4,0,1,2,0,0,1,0,1,0,1,0,0,0.4,0.0,0.1,0.2,0.0,0.0,0.1,0.0,0.1,0.0,0.1,0.0,0.0
0608,0600527,Adenoma low grade,0.021983981132507324,0.021983981132507324,43,0.9441030877876081,21,15,5,0,0,0,1,0,0,0,0,0,1,0.4883720930232558,0.3488372093023256,0.11627906976744186,0.0,0.0,0.0,0.023255813953488372,0.0,0.0,0.0,0.0,0.0,0.023255813953488372
0608,0644250,Adenoma low grade,0.024602241814136505,0.024602241814136505,23,0.8744396506969541,12,0,7,0,0,0,0,0,0,0,4,0,0,0.5217391304347826,0.0,0.30434782608695654,0.0,0.0,0.0,0.0,0.0,0.0,0.0,0.17391304347826086,0.0,0.0
0608,0663469,Adenoma low grade,0.03763803467154503,0.03763803467154503,14,0.8939532132477849,2,0,2,0,0,0,0,0,1,0,9,0,0,0.14285714285714285,0.0,0.14285714285714285,0.0,0.0,0.0,0.0,0.0,0.07142857142857142,0.0,0.6428571428571429,0.0,0.0
0608,0830338,Adenoma low grade,0.03924978896975517,0.03924978896975517,32,0.9604642468574422,27,0,3,0,0,0,0,0,0,0,2,0,0,0.84375,0.0,0.09375,0.0,0.0,0.0,0.0,0.0,0.0,0.0,0.0625,0.0,0.0
0608,0834629,Adenoma low grade,0.03915153816342354,0.03915153816342354,47,0.9886987045432064,42,1,2,0,0,0,2,0,0,0,0,0,0,0.8936170212765957,0.02127659574468085,0.0425531914893617,0.0,0.0,0.0,0.0425531914893617,0.0,0.0,0.0,0.0,0.0,0.0
0608,0936155,Adenoma low grade,0.03789297118782997,0.03789297118782997,76,0.8966039594630881,20,25,12,11,0,0,4,0,0,0,4,0,0,0.2631578947368421,0.32894736842105265,0.15789473684210525,0.14473684210526316,0.0,0.0,0.05263157894736842,0.0,0.0,0.0,0.05263157894736842,0.0,0.0
0613,0073908,Adenoma low grade,0.021131835877895355,0.021131835877895355,45,0.9372885820978804,18,11,4,8,0,0,2,0,0,0,0,0,2,0.4,0.24444444444444444,0.08888888888888889,0.17777777777777778,0.0,0.0,0.044444444444444446,0.0,0.0,0.0,0.0,0.0,0.044444444444444446
0613,0162213,Adenoma low grade,0.0064458646811544895,0.0064458646811544895,24,0.9879436097900927,23,0,1,0,0,0,0,0,0,0,0,0,0,0.9583333333333334,0.0,0.041666666666666664,0.0,0.0,0.0,0.0,0.0,0.0,0.0,0.0,0.0,0.0
0613,0206992,Adenoma low grade,0.01263147871941328,0.01263147871941328,37,0.9482613795524029,10,11,8,0,0,0,5,0,3,0,0,0,0,0.2702702702702703,0.2972972972972973,0.21621621621621623,0.0,0.0,0.0,0.13513513513513514,0.0,0.08108108108108109,0.0,0.0,0.0,0.0
0613,0482485,Adenoma low grade,0.0071815066039562225,0.0071815066039562225,29,0.9954328527912598,23,0,2,0,0,0,2,0,1,0,0,0,1,0.7931034482758621,0.0,0.06896551724137931,0.0,0.0,0.0,0.06896551724137931,0.0,0.034482758620689655,0.0,0.0,0.0,0.034482758620689655
0613,0535166,Adenoma low grade,0.04185040667653084,0.04185040667653084,27,0.951979677413294,19,2,2,0,0,0,0,0,2,1,0,0,1,0.7037037037037037,0.07407407407407407,0.07407407407407407,0.0,0.0,0.0,0.0,0.0,0.07407407407407407,0.037037037037037035,0.0,0.0,0.037037037037037035
0620,0014821,Adenoma low grade,0.034694425761699677,0.034694425761699677,42,0.85695990516759,11,0,3,1,0,0,0,0,0,0,27,0,0,0.2619047619047619,0.0,0.07142857142857142,0.023809523809523808,0.0,0.0,0.0,0.0,0.0,0.0,0.6428571428571429,0.0,0.0
0620,0068805,Adenoma low grade,0.04107820242643356,0.04107820242643356,26,0.9925545383447562,25,0,1,0,0,0,0,0,0,0,0,0,0,0.9615384615384616,0.0,0.038461538461538464,0.0,0.0,0.0,0.0,0.0,0.0,0.0,0.0,0.0,0.0
0620,0088596,Adenoma low grade,0.019095338881015778,0.019095338881015778,16,0.9342459843086315,12,0,3,0,0,0,0,0,0,0,0,0,1,0.75,0.0,0.1875,0.0,0.0,0.0,0.0,0.0,0.0,0.0,0.0,0.0,0.0625
0620,0198112,Adenoma low grade,0.03776087239384651,0.03776087239384651,34,0.9821127879931744,32,0,1,0,0,0,0,0,1,0,0,0,0,0.9411764705882353,0.0,0.029411764705882353,0.0,0.0,0.0,0.0,0.0,0.029411764705882353,0.0,0.0,0.0,0.0
0620,0212517,Adenoma low grade,0.003928586840629578,0.003928586840629578,72,0.9381709932797351,38,16,5,8,1,0,3,0,1,0,0,0,0,0.5277777777777778,0.2222222222222222,0.06944444444444445,0.1111111111111111,0.013888888888888888,0.0,0.041666666666666664,0.0,0.013888888888888888,0.0,0.0,0.0,0.0
0620,0244625,Adenoma low grade,0.03682655096054077,0.03682655096054077,65,0.9394050874831563,41,8,10,0,0,0,5,0,0,1,0,0,0,0.6307692307692307,0.12307692307692308,0.15384615384615385,0.0,0.0,0.0,0.07692307692307693,0.0,0.0,0.015384615384615385,0.0,0.0,0.0
0620,0282068,Adenoma low grade,0.011085505597293377,0.011085505597293377,38,0.9840408384178762,32,3,1,0,0,0,0,0,2,0,0,0,0,0.8421052631578947,0.07894736842105263,0.02631578947368421,0.0,0.0,0.0,0.0,0.0,0.05263157894736842,0.0,0.0,0.0,0.0
0620,0319727,Adenoma low grade,0.041646312922239304,0.041646312922239304,40,0.9917345007602997,33,0,3,0,0,0,2,0,0,0,0,0,2,0.825,0.0,0.075,0.0,0.0,0.0,0.05,0.0,0.0,0.0,0.0,0.0,0.05
0620,0355728,Adenoma low grade,0.034490205347537994,0.034490205347537994,37,0.9137590817533973,28,1,4,3,0,0,0,0,0,0,1,0,0,0.7567567567567568,0.02702702702702703,0.10810810810810811,0.08108108108108109,0.0,0.0,0.0,0.0,0.0,0.0,0.02702702702702703,0.0,0.0
0620,0362300,Adenoma low grade,0.0034050648100674152,0.0034050648100674152,35,0.9946736361411784,34,1,0,0,0,0,0,0,0,0,0,0,0,0.9714285714285714,0.02857142857142857,0.0,0.0,0.0,0.0,0.0,0.0,0.0,0.0,0.0,0.0,0.0
0620,0450983,Adenoma low grade,0.007532418239861727,0.007532418239861727,35,0.9741870052799285,33,0,1,1,0,0,0,0,0,0,0,0,0,0.9428571428571428,0.0,0.02857142857142857,0.02857142857142857,0.0,0.0,0.0,0.0,0.0,0.0,0.0,0.0,0.0
0620,0453395,Adenoma low grade,0.012924767099320889,0.012924767099320889,2,0.46666666124269013,2,0,0,0,0,0,0,0,0,0,0,0,0,1.0,0.0,0.0,0.0,0.0,0.0,0.0,0.0,0.0,0.0,0.0,0.0,0.0
0620,0460889,Adenoma low grade,0.02311800606548786,0.02311800606548786,23,0.9591618318544072,19,3,0,0,0,0,0,0,0,0,1,0,0,0.8260869565217391,0.13043478260869565,0.0,0.0,0.0,0.0,0.0,0.0,0.0,0.0,0.043478260869565216,0.0,0.0
0620,0480597,Adenoma low grade,0.08945003896951675,0.08945003896951675,30,0.9823649229937288,28,1,0,0,0,0,1,0,0,0,0,0,0,0.9333333333333333,0.03333333333333333,0.0,0.0,0.0,0.0,0.03333333333333333,0.0,0.0,0.0,0.0,0.0,0.0
0620,0497880,Adenoma low grade,0.01922774314880371,0.01922774314880371,8,0.8978600315050153,5,0,1,0,0,0,0,0,1,0,0,0,1,0.625,0.0,0.125,0.0,0.0,0.0,0.0,0.0,0.125,0.0,0.0,0.0,0.125
0620,0516255,Adenoma low grade,0.016581567004323006,0.016581567004323006,26,0.999999993644065,26,0,0,0,0,0,0,0,0,0,0,0,0,1.0,0.0,0.0,0.0,0.0,0.0,0.0,0.0,0.0,0.0,0.0,0.0,0.0
0620,0518308,Adenoma low grade,0.041380736976861954,0.041380736976861954,42,0.9934893428582169,41,0,0,0,0,0,0,0,0,0,0,0,1,0.9761904761904762,0.0,0.0,0.0,0.0,0.0,0.0,0.0,0.0,0.0,0.0,0.0,0.023809523809523808
0620,0519023,Adenoma low grade,0.007924703881144524,0.007924703881144524,65,0.956720179527505,44,4,8,0,0,0,6,0,0,0,2,0,1,0.676923076923077,0.06153846153846154,0.12307692307692308,0.0,0.0,0.0,0.09230769230769231,0.0,0.0,0.0,0.03076923076923077,0.0,0.015384615384615385
0620,0524332,Adenoma low grade,0.02724771574139595,0.02724771574139595,16,0.9637019623946093,2,0,3,0,0,0,0,0,0,0,11,0,0,0.125,0.0,0.1875,0.0,0.0,0.0,0.0,0.0,0.0,0.0,0.6875,0.0,0.0
0620,0530877,Adenoma low grade,0.06205142289400101,0.06205142289400101,71,0.9973172265369477,71,0,0,0,0,0,0,0,0,0,0,0,0,1.0,0.0,0.0,0.0,0.0,0.0,0.0,0.0,0.0,0.0,0.0,0.0,0.0
0620,0544717,Adenoma low grade,0.033485542982816696,0.033485542982816696,21,0.999999990933737,16,0,5,0,0,0,0,0,0,0,0,0,0,0.7619047619047619,0.0,0.23809523809523808,0.0,0.0,0.0,0.0,0.0,0.0,0.0,0.0,0.0,0.0
0620,0550811,Adenoma low grade,0.02331279031932354,0.02331279031932354,44,0.9261939627881808,30,4,1,3,0,0,4,0,0,0,2,0,0,0.6818181818181818,0.09090909090909091,0.022727272727272728,0.06818181818181818,0.0,0.0,0.09090909090909091,0.0,0.0,0.0,0.045454545454545456,0.0,0.0
0620,0572676,Adenoma low grade,0.015233652666211128,0.015233652666211128,14,0.8751608400717,9,2,0,1,0,0,0,0,2,0,0,0,0,0.6428571428571429,0.14285714285714285,0.0,0.07142857142857142,0.0,0.0,0.0,0.0,0.14285714285714285,0.0,0.0,0.0,0.0
0620,0605974,Adenoma low grade,0.012797766365110874,0.012797766365110874,55,0.9657036124507788,39,5,4,0,0,0,4,0,0,0,3,0,0,0.7090909090909091,0.09090909090909091,0.07272727272727272,0.0,0.0,0.0,0.07272727272727272,0.0,0.0,0.0,0.05454545454545454,0.0,0.0
0620,0618074,Adenoma low grade,0.009015001356601715,0.009015001356601715,44,0.9023289136730479,29,2,4,0,0,0,0,0,1,0,7,0,1,0.6590909090909091,0.045454545454545456,0.09090909090909091,0.0,0.0,0.0,0.0,0.0,0.022727272727272728,0.0,0.1590909090909091,0.0,0.022727272727272728
0620,0668953,Adenoma low grade,0.021572211757302284,0.021572211757302284,57,0.9289600222761638,7,25,0,7,0,0,4,0,0,0,13,0,1,0.12280701754385964,0.43859649122807015,0.0,0.12280701754385964,0.0,0.0,0.07017543859649122,0.0,0.0,0.0,0.22807017543859648,0.0,0.017543859649122806
0620,0681717,Adenoma low grade,0.018596675246953964,0.018596675246953964,67,0.9522854366238361,55,2,8,0,0,1,1,0,0,0,0,0,0,0.8208955223880597,0.029850746268656716,0.11940298507462686,0.0,0.0,0.014925373134328358,0.014925373134328358,0.0,0.0,0.0,0.0,0.0,0.0
0620,0709922,Adenoma low grade,0.11667755991220474,0.11667755991220474,62,0.9983617844288081,62,0,0,0,0,0,0,0,0,0,0,0,0,1.0,0.0,0.0,0.0,0.0,0.0,0.0,0.0,0.0,0.0,0.0,0.0,0.0
0620,0752914,Adenoma low grade,0.016214963048696518,0.016214963048696518,46,0.9303882983135336,18,15,9,0,0,0,4,0,0,0,0,0,0,0.391304347826087,0.32608695652173914,0.1956521739130435,0.0,0.0,0.0,0.08695652173913043,0.0,0.0,0.0,0.0,0.0,0.0
0620,0794734,Adenoma low grade,0.009881001897156239,0.009881001897156239,54,0.960977935406159,46,1,1,0,0,0,4,0,0,0,1,0,1,0.8518518518518519,0.018518518518518517,0.018518518518518517,0.0,0.0,0.0,0.07407407407407407,0.0,0.0,0.0,0.018518518518518517,0.0,0.018518518518518517
0620,0798789,Adenoma low grade,0.07739454507827759,0.07739454507827759,26,0.969512702272442,26,0,0,0,0,0,0,0,0,0,0,0,0,1.0,0.0,0.0,0.0,0.0,0.0,0.0,0.0,0.0,0.0,0.0,0.0,0.0
0620,0805341,Adenoma low grade,0.0024867821484804153,0.0024867821484804153,36,0.8665374871071477,24,2,4,0,0,0,1,0,0,0,5,0,0,0.6666666666666666,0.05555555555555555,0.1111111111111111,0.0,0.0,0.0,0.027777777777777776,0.0,0.0,0.0,0.1388888888888889,0.0,0.0
0620,0882896,Adenoma low grade,0.010966610163450241,0.010966610163450241,22,0.9274800934924007,19,1,1,1,0,0,0,0,0,0,0,0,0,0.8636363636363636,0.045454545454545456,0.045454545454545456,0.045454545454545456,0.0,0.0,0.0,0.0,0.0,0.0,0.0,0.0,0.0
0620,0891536,Adenoma low grade,0.04551137983798981,0.04551137983798981,28,0.9813258572916795,24,2,0,0,0,0,2,0,0,0,0,0,0,0.8571428571428571,0.07142857142857142,0.0,0.0,0.0,0.0,0.07142857142857142,0.0,0.0,0.0,0.0,0.0,0.0
0620,0927643,Adenoma low grade,0.015357795171439648,0.015357795171439648,11,0.9377386749846319,7,0,1,0,0,0,0,0,3,0,0,0,0,0.6363636363636364,0.0,0.09090909090909091,0.0,0.0,0.0,0.0,0.0,0.2727272727272727,0.0,0.0,0.0,0.0
0620,0932002,Adenoma low grade,0.009196721017360687,0.009196721017360687,30,0.9904031827143664,28,1,0,0,0,0,1,0,0,0,0,0,0,0.9333333333333333,0.03333333333333333,0.0,0.0,0.0,0.0,0.03333333333333333,0.0,0.0,0.0,0.0,0.0,0.0
0620,0937324,Adenoma low grade,0.048694394528865814,0.048694394528865814,15,0.9410008058703224,14,0,0,0,0,0,0,0,0,0,1,0,0,0.9333333333333333,0.0,0.0,0.0,0.0,0.0,0.0,0.0,0.0,0.0,0.06666666666666667,0.0,0.0
0620,0958404,Adenoma low grade,0.01907280832529068,0.01907280832529068,54,0.9787828115595677,24,13,2,9,0,0,5,0,1,0,0,0,0,0.4444444444444444,0.24074074074074073,0.037037037037037035,0.16666666666666666,0.0,0.0,0.09259259259259259,0.0,0.018518518518518517,0.0,0.0,0.0,0.0
0620,0960222,Adenoma low grade,0.041141118854284286,0.041141118854284286,24,0.905107594919544,19,0,0,1,0,0,1,0,0,0,3,0,0,0.7916666666666666,0.0,0.0,0.041666666666666664,0.0,0.0,0.041666666666666664,0.0,0.0,0.0,0.125,0.0,0.0
0620,0964666,Adenoma low grade,0.014949139207601547,0.014949139207601547,4,0.89024388873357,0,1,0,0,0,0,0,0,0,0,3,0,0,0.0,0.25,0.0,0.0,0.0,0.0,0.0,0.0,0.0,0.0,0.75,0.0,0.0
0620,0965480,Adenoma low grade,0.014653940685093403,0.014653940685093403,44,0.9936275796470562,39,0,3,0,0,0,2,0,0,0,0,0,0,0.8863636363636364,0.0,0.06818181818181818,0.0,0.0,0.0,0.045454545454545456,0.0,0.0,0.0,0.0,0.0,0.0
0620,0981112,Adenoma low grade,0.05631265789270401,0.05631265789270401,42,0.9496964050700603,26,4,1,0,0,0,10,0,1,0,0,0,0,0.6190476190476191,0.09523809523809523,0.023809523809523808,0.0,0.0,0.0,0.23809523809523808,0.0,0.023809523809523808,0.0,0.0,0.0,0.0
0620,0983513,Adenoma low grade,0.02728254906833172,0.02728254906833172,27,0.994750436431585,26,0,1,0,0,0,0,0,0,0,0,0,0,0.9629629629629629,0.0,0.037037037037037035,0.0,0.0,0.0,0.0,0.0,0.0,0.0,0.0,0.0,0.0
0620,0993546,Adenoma low grade,0.012580244801938534,0.012580244801938534,33,0.9966497058858512,31,0,2,0,0,0,0,0,0,0,0,0,0,0.9393939393939394,0.0,0.06060606060606061,0.0,0.0,0.0,0.0,0.0,0.0,0.0,0.0,0.0,0.0
0620,1010705,Adenoma low grade,0.013191593810915947,0.013191593810915947,9,0.9571394705396101,6,0,0,0,0,0,0,0,3,0,0,0,0,0.6666666666666666,0.0,0.0,0.0,0.0,0.0,0.0,0.0,0.3333333333333333,0.0,0.0,0.0,0.0
0620,1014587,Adenoma low grade,0.012600196525454521,0.012600196525454521,47,0.9401997352069976,26,6,1,1,0,0,11,0,0,0,0,0,2,0.5531914893617021,0.1276595744680851,0.02127659574468085,0.02127659574468085,0.0,0.0,0.23404255319148937,0.0,0.0,0.0,0.0,0.0,0.0425531914893617
0636,0210491,Adenoma low grade,0.04449046030640602,0.04449046030640602,18,0.9145543068057845,13,1,0,0,0,0,0,0,0,0,3,0,1,0.7222222222222222,0.05555555555555555,0.0,0.0,0.0,0.0,0.0,0.0,0.0,0.0,0.16666666666666666,0.0,0.05555555555555555
0636,0364939,Adenoma low grade,0.06741995364427567,0.06741995364427567,43,0.956225740451827,30,3,0,6,0,0,3,0,1,0,0,0,0,0.6976744186046512,0.06976744186046512,0.0,0.13953488372093023,0.0,0.0,0.06976744186046512,0.0,0.023255813953488372,0.0,0.0,0.0,0.0
0636,0818316,Adenoma low grade,0.07846780121326447,0.07846780121326447,7,0.7837760234145289,7,0,0,0,0,0,0,0,0,0,0,0,0,1.0,0.0,0.0,0.0,0.0,0.0,0.0,0.0,0.0,0.0,0.0,0.0,0.0
0636,0857706,Adenoma low grade,0.08128447085618973,0.08128447085618973,12,0.993034283709216,12,0,0,0,0,0,0,0,0,0,0,0,0,1.0,0.0,0.0,0.0,0.0,0.0,0.0,0.0,0.0,0.0,0.0,0.0,0.0
0636,0871133,Adenoma low grade,0.09739309549331665,0.09739309549331665,48,0.9420738563999586,40,1,4,0,0,1,0,0,0,0,0,2,0,0.8333333333333334,0.020833333333333332,0.08333333333333333,0.0,0.0,0.020833333333333332,0.0,0.0,0.0,0.0,0.0,0.041666666666666664,0.0
0636,1004441,Adenoma low grade,0.078579843044281,0.078579843044281,31,0.9999999875944856,31,0,0,0,0,0,0,0,0,0,0,0,0,1.0,0.0,0.0,0.0,0.0,0.0,0.0,0.0,0.0,0.0,0.0,0.0,0.0
0636,1011987,Adenoma low grade,0.057552918791770935,0.057552918791770935,47,0.9678750289305547,45,2,0,0,0,0,0,0,0,0,0,0,0,0.9574468085106383,0.0425531914893617,0.0,0.0,0.0,0.0,0.0,0.0,0.0,0.0,0.0,0.0,0.0
0684,0002399,Adenoma low grade,0.034995146095752716,0.034995146095752716,55,0.948923514329244,45,2,2,0,0,0,3,0,0,0,3,0,0,0.8181818181818182,0.03636363636363636,0.03636363636363636,0.0,0.0,0.0,0.05454545454545454,0.0,0.0,0.0,0.05454545454545454,0.0,0.0
0684,0106127,Adenoma low grade,0.0,0.0,38,0.8888554207416928,35,0,2,0,0,0,0,0,0,0,1,0,0,0.9210526315789473,0.0,0.05263157894736842,0.0,0.0,0.0,0.0,0.0,0.0,0.0,0.02631578947368421,0.0,0.0
0684,0128404,Adenoma low grade,0.08485867083072662,0.08485867083072662,54,0.9945700819462745,49,1,2,0,0,0,1,0,1,0,0,0,0,0.9074074074074074,0.018518518518518517,0.037037037037037035,0.0,0.0,0.0,0.018518518518518517,0.0,0.018518518518518517,0.0,0.0,0.0,0.0
0684,0151069,Adenoma low grade,0.012905887328088284,0.012905887328088284,48,0.9894046242163266,42,0,1,2,0,0,1,0,1,0,0,1,0,0.875,0.0,0.020833333333333332,0.041666666666666664,0.0,0.0,0.020833333333333332,0.0,0.020833333333333332,0.0,0.0,0.020833333333333332,0.0
0684,0253715,Adenoma low grade,0.11697012931108475,0.11697012931108475,37,0.9903330218456208,34,0,1,0,0,0,0,0,2,0,0,0,0,0.918918918918919,0.0,0.02702702702702703,0.0,0.0,0.0,0.0,0.0,0.05405405405405406,0.0,0.0,0.0,0.0
0684,0281660,Adenoma low grade,0.00624823709949851,0.00624823709949851,55,0.9672204986436458,33,3,10,4,0,1,4,0,0,0,0,0,0,0.6,0.05454545454545454,0.18181818181818182,0.07272727272727272,0.0,0.01818181818181818,0.07272727272727272,0.0,0.0,0.0,0.0,0.0,0.0
0684,0282365,Adenoma low grade,0.029870426282286644,0.029870426282286644,17,0.8783024890836383,9,0,0,0,0,0,0,0,0,0,8,0,0,0.5294117647058824,0.0,0.0,0.0,0.0,0.0,0.0,0.0,0.0,0.0,0.47058823529411764,0.0,0.0
0684,0333824,Adenoma low grade,0.022348886355757713,0.022348886355757713,29,0.8499935076339724,5,0,1,0,0,0,0,0,0,0,23,0,0,0.1724137931034483,0.0,0.034482758620689655,0.0,0.0,0.0,0.0,0.0,0.0,0.0,0.7931034482758621,0.0,0.0
0684,0337323,Adenoma low grade,0.059595074504613876,0.059595074504613876,42,0.9954810312095145,37,0,2,0,0,0,3,0,0,0,0,0,0,0.8809523809523809,0.0,0.047619047619047616,0.0,0.0,0.0,0.07142857142857142,0.0,0.0,0.0,0.0,0.0,0.0
0684,0370415,Adenoma low grade,0.08293454349040985,0.08293454349040985,51,0.9572067668272103,26,4,11,0,0,2,5,0,0,0,0,0,3,0.5098039215686274,0.0784313725490196,0.21568627450980393,0.0,0.0,0.0392156862745098,0.09803921568627451,0.0,0.0,0.0,0.0,0.0,0.058823529411764705
0684,0483445,Adenoma low grade,0.01559759397059679,0.01559759397059679,36,0.8883097092336502,32,0,1,0,0,0,3,0,0,0,0,0,0,0.8888888888888888,0.0,0.027777777777777776,0.0,0.0,0.0,0.08333333333333333,0.0,0.0,0.0,0.0,0.0,0.0
0684,0499650,Adenoma low grade,0.035655733197927475,0.035655733197927475,54,0.9903389918786194,48,1,3,0,0,0,0,0,2,0,0,0,0,0.8888888888888888,0.018518518518518517,0.05555555555555555,0.0,0.0,0.0,0.0,0.0,0.037037037037037035,0.0,0.0,0.0,0.0
0684,0512053,Adenoma low grade,0.08476872742176056,0.08476872742176056,76,0.9677260099549869,69,0,7,0,0,0,0,0,0,0,0,0,0,0.9078947368421053,0.0,0.09210526315789473,0.0,0.0,0.0,0.0,0.0,0.0,0.0,0.0,0.0,0.0
0684,0522292,Adenoma low grade,0.02977842092514038,0.02977842092514038,30,0.8811837877081575,8,2,1,0,0,0,1,0,1,0,17,0,0,0.26666666666666666,0.06666666666666667,0.03333333333333333,0.0,0.0,0.0,0.03333333333333333,0.0,0.03333333333333333,0.0,0.5666666666666667,0.0,0.0
0684,0545153,Adenoma low grade,0.01707352325320244,0.01707352325320244,35,0.9815185301068933,32,0,2,0,0,0,0,0,1,0,0,0,0,0.9142857142857143,0.0,0.05714285714285714,0.0,0.0,0.0,0.0,0.0,0.02857142857142857,0.0,0.0,0.0,0.0
0684,0570512,Adenoma low grade,0.010865864343941212,0.010865864343941212,12,0.964937414803294,0,1,3,0,0,0,0,1,0,0,7,0,0,0.0,0.08333333333333333,0.25,0.0,0.0,0.0,0.0,0.08333333333333333,0.0,0.0,0.5833333333333334,0.0,0.0
0684,0579215,Adenoma low grade,0.015115275047719479,0.015115275047719479,65,0.9282769764994383,43,0,13,0,0,1,5,0,0,0,1,0,2,0.6615384615384615,0.0,0.2,0.0,0.0,0.015384615384615385,0.07692307692307693,0.0,0.0,0.0,0.015384615384615385,0.0,0.03076923076923077
0684,0590547,Adenoma low grade,0.033706650137901306,0.033706650137901306,46,0.8965131229879184,4,7,8,1,0,0,5,0,0,0,21,0,0,0.08695652173913043,0.15217391304347827,0.17391304347826086,0.021739130434782608,0.0,0.0,0.10869565217391304,0.0,0.0,0.0,0.45652173913043476,0.0,0.0
0684,0625303,Adenoma low grade,0.01142813079059124,0.01142813079059124,64,0.9043468058790483,36,7,7,1,0,2,10,0,0,0,0,0,1,0.5625,0.109375,0.109375,0.015625,0.0,0.03125,0.15625,0.0,0.0,0.0,0.0,0.0,0.015625
0684,0771036,Adenoma low grade,0.0761866495013237,0.0761866495013237,68,0.983159589916392,66,0,1,0,0,0,0,0,1,0,0,0,0,0.9705882352941176,0.0,0.014705882352941176,0.0,0.0,0.0,0.0,0.0,0.014705882352941176,0.0,0.0,0.0,0.0
0684,0976291,Adenoma low grade,0.07114914804697037,0.07114914804697037,59,0.9533684443519097,36,0,5,2,0,2,0,0,13,1,0,0,0,0.6101694915254238,0.0,0.0847457627118644,0.03389830508474576,0.0,0.03389830508474576,0.0,0.0,0.22033898305084745,0.01694915254237288,0.0,0.0,0.0
0684,1039027,Adenoma low grade,0.05238998681306839,0.05238998681306839,56,0.9845950014117932,49,3,3,0,0,0,1,0,0,0,0,0,0,0.875,0.05357142857142857,0.05357142857142857,0.0,0.0,0.0,0.017857142857142856,0.0,0.0,0.0,0.0,0.0,0.0
0688,0031638,Adenoma low grade,0.026793697848916054,0.026793697848916054,54,0.946242820791467,30,3,6,7,0,0,1,0,0,0,7,0,0,0.5555555555555556,0.05555555555555555,0.1111111111111111,0.12962962962962962,0.0,0.0,0.018518518518518517,0.0,0.0,0.0,0.12962962962962962,0.0,0.0
0688,0408548,Adenoma low grade,0.006562897004187107,0.006562897004187107,45,0.7799663289049467,19,1,1,2,0,0,1,0,0,0,21,0,0,0.4222222222222222,0.022222222222222223,0.022222222222222223,0.044444444444444446,0.0,0.0,0.022222222222222223,0.0,0.0,0.0,0.4666666666666667,0.0,0.0
0708,0086300,Adenoma low grade,0.021489964798092842,0.021489964798092842,28,0.9709638531338161,22,0,1,0,0,0,1,0,4,0,0,0,0,0.7857142857142857,0.0,0.03571428571428571,0.0,0.0,0.0,0.03571428571428571,0.0,0.14285714285714285,0.0,0.0,0.0,0.0
0708,0252834,Adenoma low grade,0.02643638662993908,0.02643638662993908,50,0.9077083183182226,10,6,11,4,0,0,1,0,0,0,17,0,1,0.2,0.12,0.22,0.08,0.0,0.0,0.02,0.0,0.0,0.0,0.34,0.0,0.02
0708,0362219,Adenoma low grade,0.033913854509592056,0.033913854509592056,4,0.996268643899141,1,0,0,0,0,0,0,0,0,0,3,0,0,0.25,0.0,0.0,0.0,0.0,0.0,0.0,0.0,0.0,0.0,0.75,0.0,0.0
0708,0431386,Adenoma low grade,0.025945162400603294,0.025945162400603294,35,0.856582484019068,11,2,3,1,0,0,1,0,1,0,15,1,0,0.3142857142857143,0.05714285714285714,0.08571428571428572,0.02857142857142857,0.0,0.0,0.02857142857142857,0.0,0.02857142857142857,0.0,0.42857142857142855,0.02857142857142857,0.0
0708,0976386,Adenoma low grade,0.027584530413150787,0.027584530413150787,34,0.8552437384974969,8,8,1,2,2,0,11,0,0,0,2,0,0,0.23529411764705882,0.23529411764705882,0.029411764705882353,0.058823529411764705,0.058823529411764705,0.0,0.3235294117647059,0.0,0.0,0.0,0.058823529411764705,0.0,0.0
0709,0142038,Adenoma low grade,0.10460807383060455,0.10460807383060455,47,0.9994336926060229,47,0,0,0,0,0,0,0,0,0,0,0,0,1.0,0.0,0.0,0.0,0.0,0.0,0.0,0.0,0.0,0.0,0.0,0.0,0.0
0709,0324488,Adenoma low grade,0.07545455545186996,0.07545455545186996,125,0.9861959888333648,116,8,0,0,0,0,0,0,0,0,0,1,0,0.928,0.064,0.0,0.0,0.0,0.0,0.0,0.0,0.0,0.0,0.0,0.008,0.0
0709,0358262,Adenoma low grade,0.018114525824785233,0.018114525824785233,83,0.9287472160364982,31,7,6,2,2,2,9,0,0,0,22,0,2,0.37349397590361444,0.08433734939759036,0.07228915662650602,0.024096385542168676,0.024096385542168676,0.024096385542168676,0.10843373493975904,0.0,0.0,0.0,0.26506024096385544,0.0,0.024096385542168676
0709,0493721,Adenoma low grade,0.14550656080245972,0.14550656080245972,89,0.9979106965577063,86,1,2,0,0,0,0,0,0,0,0,0,0,0.9662921348314607,0.011235955056179775,0.02247191011235955,0.0,0.0,0.0,0.0,0.0,0.0,0.0,0.0,0.0,0.0
0709,0500294,Adenoma low grade,0.10956422984600067,0.10956422984600067,91,0.999549233012469,91,0,0,0,0,0,0,0,0,0,0,0,0,1.0,0.0,0.0,0.0,0.0,0.0,0.0,0.0,0.0,0.0,0.0,0.0,0.0
0709,0550002,Adenoma low grade,0.06597408652305603,0.06597408652305603,106,0.9820809950994615,93,8,3,0,0,0,1,0,0,0,0,1,0,0.8773584905660378,0.07547169811320754,0.02830188679245283,0.0,0.0,0.0,0.009433962264150943,0.0,0.0,0.0,0.0,0.009433962264150943,0.0
0709,0567656,Adenoma low grade,0.10583837330341339,0.10583837330341339,64,0.9998719152946659,64,0,0,0,0,0,0,0,0,0,0,0,0,1.0,0.0,0.0,0.0,0.0,0.0,0.0,0.0,0.0,0.0,0.0,0.0,0.0
0709,0669298,Adenoma low grade,0.10122313350439072,0.10122313350439072,86,0.9665793700901109,82,0,2,0,0,0,1,0,0,0,0,0,1,0.9534883720930233,0.0,0.023255813953488372,0.0,0.0,0.0,0.011627906976744186,0.0,0.0,0.0,0.0,0.0,0.011627906976744186
0729,0022774,Adenoma low grade,0.027841443195939064,0.027841443195939064,21,0.8657797523192967,3,0,1,0,0,0,0,0,0,0,17,0,0,0.14285714285714285,0.0,0.047619047619047616,0.0,0.0,0.0,0.0,0.0,0.0,0.0,0.8095238095238095,0.0,0.0
0729,0167273,Adenoma low grade,0.040320347994565964,0.040320347994565964,68,0.9185051175073002,4,14,4,1,0,0,0,0,1,0,44,0,0,0.058823529411764705,0.20588235294117646,0.058823529411764705,0.014705882352941176,0.0,0.0,0.0,0.0,0.014705882352941176,0.0,0.6470588235294118,0.0,0.0
0729,0382154,Adenoma low grade,0.041379861533641815,0.041379861533641815,28,0.9624884067678166,5,0,0,0,0,0,0,0,0,0,23,0,0,0.17857142857142858,0.0,0.0,0.0,0.0,0.0,0.0,0.0,0.0,0.0,0.8214285714285714,0.0,0.0
0729,0422436,Adenoma low grade,0.019613182172179222,0.019613182172179222,41,0.949112848821277,31,5,1,4,0,0,0,0,0,0,0,0,0,0.7560975609756098,0.12195121951219512,0.024390243902439025,0.0975609756097561,0.0,0.0,0.0,0.0,0.0,0.0,0.0,0.0,0.0
0729,0720573,Adenoma low grade,0.027581458911299706,0.027581458911299706,2,0.9288990772680471,1,0,0,0,0,0,0,0,1,0,0,0,0,0.5,0.0,0.0,0.0,0.0,0.0,0.0,0.0,0.5,0.0,0.0,0.0,0.0
0737,0963426,Adenoma low grade,0.03442186489701271,0.03442186489701271,32,0.8852112796150777,24,0,0,0,0,0,0,0,0,0,8,0,0,0.75,0.0,0.0,0.0,0.0,0.0,0.0,0.0,0.0,0.0,0.25,0.0,0.0
0774,0544629,Adenoma low grade,0.02392386831343174,0.02392386831343174,34,0.9176164630786231,7,7,0,1,0,0,0,0,0,0,19,0,0,0.20588235294117646,0.20588235294117646,0.0,0.029411764705882353,0.0,0.0,0.0,0.0,0.0,0.0,0.5588235294117647,0.0,0.0
0774,0932495,Adenoma low grade,0.056731875985860825,0.056731875985860825,22,0.9776238720829873,22,0,0,0,0,0,0,0,0,0,0,0,0,1.0,0.0,0.0,0.0,0.0,0.0,0.0,0.0,0.0,0.0,0.0,0.0,0.0
0774,0944423,Adenoma low grade,0.019713273271918297,0.019713273271918297,43,0.9522985349695047,27,0,0,0,0,0,0,0,2,0,14,0,0,0.627906976744186,0.0,0.0,0.0,0.0,0.0,0.0,0.0,0.046511627906976744,0.0,0.32558139534883723,0.0,0.0
0774,1038466,Adenoma low grade,0.012576556764543056,0.012576556764543056,30,0.9309053794596097,22,0,0,4,0,1,0,0,0,0,3,0,0,0.7333333333333333,0.0,0.0,0.13333333333333333,0.0,0.03333333333333333,0.0,0.0,0.0,0.0,0.1,0.0,0.0
0791,0430614,Adenoma low grade,0.01329981628805399,0.01329981628805399,33,0.8948824462201338,18,0,0,0,0,0,0,0,3,0,12,0,0,0.5454545454545454,0.0,0.0,0.0,0.0,0.0,0.0,0.0,0.09090909090909091,0.0,0.36363636363636365,0.0,0.0
0791,0754785,Adenoma low grade,0.03247596696019173,0.03247596696019173,3,0.6052166144000443,3,0,0,0,0,0,0,0,0,0,0,0,0,1.0,0.0,0.0,0.0,0.0,0.0,0.0,0.0,0.0,0.0,0.0,0.0,0.0
0806,0422357,Adenoma low grade,0.034453701227903366,0.034453701227903366,46,0.8983143364948166,25,1,2,5,0,0,4,0,0,0,9,0,0,0.5434782608695652,0.021739130434782608,0.043478260869565216,0.10869565217391304,0.0,0.0,0.08695652173913043,0.0,0.0,0.0,0.1956521739130435,0.0,0.0
0811,0006903,Adenoma low grade,0.08757630735635757,0.08757630735635757,51,0.8979010998922803,21,1,12,7,0,0,4,0,6,0,0,0,0,0.4117647058823529,0.0196078431372549,0.23529411764705882,0.13725490196078433,0.0,0.0,0.0784313725490196,0.0,0.11764705882352941,0.0,0.0,0.0,0.0
0811,0141061,Adenoma low grade,0.03790072351694107,0.03790072351694107,54,0.9813734592723938,46,0,4,0,0,0,3,0,0,0,1,0,0,0.8518518518518519,0.0,0.07407407407407407,0.0,0.0,0.0,0.05555555555555555,0.0,0.0,0.0,0.018518518518518517,0.0,0.0
0811,0148447,Adenoma low grade,0.02127087675035,0.02127087675035,63,0.9102610477731748,29,5,9,4,0,0,10,0,0,0,4,0,2,0.4603174603174603,0.07936507936507936,0.14285714285714285,0.06349206349206349,0.0,0.0,0.15873015873015872,0.0,0.0,0.0,0.06349206349206349,0.0,0.031746031746031744
0811,0221626,Adenoma low grade,0.012783931568264961,0.012783931568264961,17,0.942860982722042,15,0,0,0,0,0,0,0,0,0,2,0,0,0.8823529411764706,0.0,0.0,0.0,0.0,0.0,0.0,0.0,0.0,0.0,0.11764705882352941,0.0,0.0
0811,0234548,Adenoma low grade,0.019857672974467278,0.019857672974467278,58,0.966942276064809,35,4,14,0,0,1,3,0,0,0,0,1,0,0.603448275862069,0.06896551724137931,0.2413793103448276,0.0,0.0,0.017241379310344827,0.05172413793103448,0.0,0.0,0.0,0.0,0.017241379310344827,0.0
0811,0323359,Adenoma low grade,0.046657729893922806,0.046657729893922806,26,0.9368730646933626,24,0,0,1,0,0,0,0,0,0,1,0,0,0.9230769230769231,0.0,0.0,0.038461538461538464,0.0,0.0,0.0,0.0,0.0,0.0,0.038461538461538464,0.0,0.0
0811,0375302,Adenoma low grade,0.02699822373688221,0.02699822373688221,32,0.9871488067299936,32,0,0,0,0,0,0,0,0,0,0,0,0,1.0,0.0,0.0,0.0,0.0,0.0,0.0,0.0,0.0,0.0,0.0,0.0,0.0
0811,0477208,Adenoma low grade,0.015434369444847107,0.015434369444847107,37,0.8963601127576714,19,1,1,2,0,0,2,0,0,0,12,0,0,0.5135135135135135,0.02702702702702703,0.02702702702702703,0.05405405405405406,0.0,0.0,0.05405405405405406,0.0,0.0,0.0,0.32432432432432434,0.0,0.0
0811,0495414,Adenoma low grade,0.03458095341920853,0.03458095341920853,23,0.9971884895838115,21,0,2,0,0,0,0,0,0,0,0,0,0,0.9130434782608695,0.0,0.08695652173913043,0.0,0.0,0.0,0.0,0.0,0.0,0.0,0.0,0.0,0.0
0811,0502974,Adenoma low grade,0.014602486975491047,0.014602486975491047,37,0.9961389887451478,36,0,0,0,0,0,0,0,1,0,0,0,0,0.972972972972973,0.0,0.0,0.0,0.0,0.0,0.0,0.0,0.02702702702702703,0.0,0.0,0.0,0.0
0811,0529611,Adenoma low grade,0.008344217203557491,0.008344217203557491,21,0.8295053710161794,14,0,1,0,0,0,0,0,1,0,5,0,0,0.6666666666666666,0.0,0.047619047619047616,0.0,0.0,0.0,0.0,0.0,0.047619047619047616,0.0,0.23809523809523808,0.0,0.0
0811,0595957,Adenoma low grade,0.03871563822031021,0.03871563822031021,37,0.9714711738322892,4,0,4,0,0,0,0,0,0,0,29,0,0,0.10810810810810811,0.0,0.10810810810810811,0.0,0.0,0.0,0.0,0.0,0.0,0.0,0.7837837837837838,0.0,0.0
0811,0732070,Adenoma low grade,0.020937755703926086,0.020937755703926086,42,0.8948115723687639,19,7,2,0,0,0,3,0,0,0,11,0,0,0.4523809523809524,0.16666666666666666,0.047619047619047616,0.0,0.0,0.0,0.07142857142857142,0.0,0.0,0.0,0.2619047619047619,0.0,0.0
0811,0739067,Adenoma low grade,0.017750727012753487,0.017750727012753487,40,0.9113299093536359,14,3,4,0,1,0,3,0,2,0,13,0,0,0.35,0.075,0.1,0.0,0.025,0.0,0.075,0.0,0.05,0.0,0.325,0.0,0.0
0811,0864446,Adenoma low grade,0.011972841806709766,0.011972841806709766,61,0.9608705781049612,41,5,11,1,0,0,3,0,0,0,0,0,0,0.6721311475409836,0.08196721311475409,0.18032786885245902,0.01639344262295082,0.0,0.0,0.04918032786885246,0.0,0.0,0.0,0.0,0.0,0.0
0811,0886231,Adenoma low grade,0.04312463477253914,0.04312463477253914,42,0.9892353627497977,36,1,3,0,0,0,2,0,0,0,0,0,0,0.8571428571428571,0.023809523809523808,0.07142857142857142,0.0,0.0,0.0,0.047619047619047616,0.0,0.0,0.0,0.0,0.0,0.0
0811,0921006,Adenoma low grade,0.011982467025518417,0.011982467025518417,50,0.9279580495178369,26,7,8,0,0,0,1,0,0,0,8,0,0,0.52,0.14,0.16,0.0,0.0,0.0,0.02,0.0,0.0,0.0,0.16,0.0,0.0
0811,0923402,Adenoma low grade,0.07054837793111801,0.07054837793111801,59,0.973731212653277,52,0,3,0,0,0,2,0,2,0,0,0,0,0.8813559322033898,0.0,0.05084745762711865,0.0,0.0,0.0,0.03389830508474576,0.0,0.03389830508474576,0.0,0.0,0.0,0.0
0811,0960120,Adenoma low grade,0.012919925153255463,0.012919925153255463,27,0.8942899509645779,22,0,0,1,0,0,0,0,0,0,4,0,0,0.8148148148148148,0.0,0.0,0.037037037037037035,0.0,0.0,0.0,0.0,0.0,0.0,0.14814814814814814,0.0,0.0
0811,0994672,Adenoma low grade,0.09313072264194489,0.09313072264194489,40,0.9930754526192473,38,0,2,0,0,0,0,0,0,0,0,0,0,0.95,0.0,0.05,0.0,0.0,0.0,0.0,0.0,0.0,0.0,0.0,0.0,0.0
0823,0920686,Adenoma low grade,0.01495349407196045,0.01495349407196045,39,0.9393201160077072,20,6,4,1,0,0,8,0,0,0,0,0,0,0.5128205128205128,0.15384615384615385,0.10256410256410256,0.02564102564102564,0.0,0.0,0.20512820512820512,0.0,0.0,0.0,0.0,0.0,0.0
0824,0062054,Adenoma low grade,0.08953195065259933,0.08953195065259933,55,0.971191868147493,40,3,3,0,0,0,3,0,5,1,0,0,0,0.7272727272727273,0.05454545454545454,0.05454545454545454,0.0,0.0,0.0,0.05454545454545454,0.0,0.09090909090909091,0.01818181818181818,0.0,0.0,0.0
0824,0270601,Adenoma low grade,0.03302178531885147,0.03302178531885147,42,0.987349619582748,34,0,8,0,0,0,0,0,0,0,0,0,0,0.8095238095238095,0.0,0.19047619047619047,0.0,0.0,0.0,0.0,0.0,0.0,0.0,0.0,0.0,0.0
0824,0321006,Adenoma low grade,0.0641208291053772,0.0641208291053772,54,0.997838835718578,52,1,1,0,0,0,0,0,0,0,0,0,0,0.9629629629629629,0.018518518518518517,0.018518518518518517,0.0,0.0,0.0,0.0,0.0,0.0,0.0,0.0,0.0,0.0
0824,0382628,Adenoma low grade,0.049938805401325226,0.049938805401325226,25,0.9787830904730308,21,3,0,0,0,0,0,0,1,0,0,0,0,0.84,0.12,0.0,0.0,0.0,0.0,0.0,0.0,0.04,0.0,0.0,0.0,0.0
0824,0581975,Adenoma low grade,0.07509151846170425,0.07509151846170425,23,0.916328973839235,12,2,5,0,0,0,0,1,3,0,0,0,0,0.5217391304347826,0.08695652173913043,0.21739130434782608,0.0,0.0,0.0,0.0,0.043478260869565216,0.13043478260869565,0.0,0.0,0.0,0.0
0824,0711016,Adenoma low grade,0.0499689020216465,0.0499689020216465,5,0.7747063142768691,5,0,0,0,0,0,0,0,0,0,0,0,0,1.0,0.0,0.0,0.0,0.0,0.0,0.0,0.0,0.0,0.0,0.0,0.0,0.0
0824,0861839,Adenoma low grade,0.02260737121105194,0.02260737121105194,52,0.9706270226844501,41,2,5,0,0,0,0,0,4,0,0,0,0,0.7884615384615384,0.038461538461538464,0.09615384615384616,0.0,0.0,0.0,0.0,0.0,0.07692307692307693,0.0,0.0,0.0,0.0
0824,0952143,Adenoma low grade,0.03164171054959297,0.03164171054959297,38,0.9830565768171224,34,0,3,0,0,0,0,0,1,0,0,0,0,0.8947368421052632,0.0,0.07894736842105263,0.0,0.0,0.0,0.0,0.0,0.02631578947368421,0.0,0.0,0.0,0.0
0824,1003258,Adenoma low grade,0.06533032655715942,0.06533032655715942,64,0.9874043224302542,54,0,0,0,0,1,5,0,3,0,0,0,1,0.84375,0.0,0.0,0.0,0.0,0.015625,0.078125,0.0,0.046875,0.0,0.0,0.0,0.015625
0835,0254579,Adenoma low grade,0.02090507559478283,0.02090507559478283,25,0.9952656310679394,16,2,7,0,0,0,0,0,0,0,0,0,0,0.64,0.08,0.28,0.0,0.0,0.0,0.0,0.0,0.0,0.0,0.0,0.0,0.0
0835,0343732,Adenoma low grade,0.024964679032564163,0.024964679032564163,13,0.9794732847215725,6,0,5,0,0,0,0,0,0,0,1,0,1,0.46153846153846156,0.0,0.38461538461538464,0.0,0.0,0.0,0.0,0.0,0.0,0.0,0.07692307692307693,0.0,0.07692307692307693
0835,0606695,Adenoma low grade,0.03281230479478836,0.03281230479478836,41,0.9690096609990404,27,3,11,0,0,0,0,0,0,0,0,0,0,0.6585365853658537,0.07317073170731707,0.2682926829268293,0.0,0.0,0.0,0.0,0.0,0.0,0.0,0.0,0.0,0.0
0835,1038003,Adenoma low grade,0.029585586860775948,0.029585586860775948,14,0.9483403851562784,4,3,5,0,0,0,2,0,0,0,0,0,0,0.2857142857142857,0.21428571428571427,0.35714285714285715,0.0,0.0,0.0,0.14285714285714285,0.0,0.0,0.0,0.0,0.0,0.0
0837,0013739,Adenoma low grade,0.02156577818095684,0.02156577818095684,26,0.8887639200175487,2,1,2,0,0,0,0,0,1,0,20,0,0,0.07692307692307693,0.038461538461538464,0.07692307692307693,0.0,0.0,0.0,0.0,0.0,0.038461538461538464,0.0,0.7692307692307693,0.0,0.0
0837,0352177,Adenoma low grade,0.02805950865149498,0.02805950865149498,60,0.9519704215561687,3,24,12,6,0,0,12,0,0,0,1,0,2,0.05,0.4,0.2,0.1,0.0,0.0,0.2,0.0,0.0,0.0,0.016666666666666666,0.0,0.03333333333333333
0837,0605619,Adenoma low grade,0.016741007566452026,0.016741007566452026,32,0.7834942781772318,7,0,0,1,0,0,0,0,0,0,24,0,0,0.21875,0.0,0.0,0.03125,0.0,0.0,0.0,0.0,0.0,0.0,0.75,0.0,0.0
0876,0065953,Adenoma low grade,0.11729516834020615,0.11729516834020615,41,0.9355777179640394,37,0,3,0,0,0,0,0,1,0,0,0,0,0.9024390243902439,0.0,0.07317073170731707,0.0,0.0,0.0,0.0,0.0,0.024390243902439025,0.0,0.0,0.0,0.0
0889,0108498,Adenoma low grade,0.014182434417307377,0.014182434417307377,39,0.9985863345901337,0,0,0,0,0,0,0,0,0,0,39,0,0,0.0,0.0,0.0,0.0,0.0,0.0,0.0,0.0,0.0,0.0,1.0,0.0,0.0
0889,0182058,Adenoma low grade,0.035601019859313965,0.035601019859313965,27,0.9492520214389265,22,0,2,0,0,0,0,0,0,0,2,0,1,0.8148148148148148,0.0,0.07407407407407407,0.0,0.0,0.0,0.0,0.0,0.0,0.0,0.07407407407407407,0.0,0.037037037037037035
0889,0209551,Adenoma low grade,0.00958354864269495,0.00958354864269495,80,0.9483139246488885,42,12,11,14,0,0,1,0,0,0,0,0,0,0.525,0.15,0.1375,0.175,0.0,0.0,0.0125,0.0,0.0,0.0,0.0,0.0,0.0
0889,0261398,Adenoma low grade,0.008935020305216312,0.008935020305216312,44,0.8754603429352027,12,3,6,0,0,0,0,0,0,0,23,0,0,0.2727272727272727,0.06818181818181818,0.13636363636363635,0.0,0.0,0.0,0.0,0.0,0.0,0.0,0.5227272727272727,0.0,0.0
0889,0314564,Adenoma low grade,0.04264999181032181,0.04264999181032181,43,0.9685856971473019,34,1,3,1,0,0,0,0,3,0,0,0,1,0.7906976744186046,0.023255813953488372,0.06976744186046512,0.023255813953488372,0.0,0.0,0.0,0.0,0.06976744186046512,0.0,0.0,0.0,0.023255813953488372
0889,0370869,Adenoma low grade,0.020121470093727112,0.020121470093727112,47,0.9728443832944567,41,0,5,0,0,0,0,0,0,0,1,0,0,0.8723404255319149,0.0,0.10638297872340426,0.0,0.0,0.0,0.0,0.0,0.0,0.0,0.02127659574468085,0.0,0.0
0889,0422552,Adenoma low grade,0.0291989017277956,0.0291989017277956,33,0.9266920321081953,1,0,2,0,0,0,0,0,0,0,30,0,0,0.030303030303030304,0.0,0.06060606060606061,0.0,0.0,0.0,0.0,0.0,0.0,0.0,0.9090909090909091,0.0,0.0
0889,0429281,Adenoma low grade,0.024892140179872513,0.024892140179872513,41,0.9826167719208392,1,0,6,0,0,0,1,0,0,0,33,0,0,0.024390243902439025,0.0,0.14634146341463414,0.0,0.0,0.0,0.024390243902439025,0.0,0.0,0.0,0.8048780487804879,0.0,0.0
0889,0445521,Adenoma low grade,0.007473725825548172,0.007473725825548172,75,0.8944675205263916,46,2,12,0,0,0,0,0,1,0,14,0,0,0.6133333333333333,0.02666666666666667,0.16,0.0,0.0,0.0,0.0,0.0,0.013333333333333334,0.0,0.18666666666666668,0.0,0.0
0889,0454749,Adenoma low grade,0.015485528856515884,0.015485528856515884,48,0.9753111400679272,43,1,2,0,0,0,0,0,0,0,2,0,0,0.8958333333333334,0.020833333333333332,0.041666666666666664,0.0,0.0,0.0,0.0,0.0,0.0,0.0,0.041666666666666664,0.0,0.0
0889,0459241,Adenoma low grade,0.024182580411434174,0.024182580411434174,50,0.8563552954241241,37,0,4,0,0,0,0,0,1,0,8,0,0,0.74,0.0,0.08,0.0,0.0,0.0,0.0,0.0,0.02,0.0,0.16,0.0,0.0
0889,0510549,Adenoma low grade,0.004176399204879999,0.004176399204879999,76,0.9240793189708716,39,3,10,3,0,0,2,0,0,0,19,0,0,0.5131578947368421,0.039473684210526314,0.13157894736842105,0.039473684210526314,0.0,0.0,0.02631578947368421,0.0,0.0,0.0,0.25,0.0,0.0
0889,0533259,Adenoma low grade,0.01725706458091736,0.01725706458091736,30,0.952507355714779,1,2,2,0,0,0,0,0,0,0,25,0,0,0.03333333333333333,0.06666666666666667,0.06666666666666667,0.0,0.0,0.0,0.0,0.0,0.0,0.0,0.8333333333333334,0.0,0.0
0889,0572856,Adenoma low grade,0.05886689946055412,0.05886689946055412,38,0.9567730278118317,2,1,0,0,0,0,0,0,0,0,35,0,0,0.05263157894736842,0.02631578947368421,0.0,0.0,0.0,0.0,0.0,0.0,0.0,0.0,0.9210526315789473,0.0,0.0
0889,0652876,Adenoma low grade,0.01865215040743351,0.01865215040743351,78,0.9671815624606998,65,4,6,0,0,0,0,0,0,0,3,0,0,0.8333333333333334,0.05128205128205128,0.07692307692307693,0.0,0.0,0.0,0.0,0.0,0.0,0.0,0.038461538461538464,0.0,0.0
0889,0673353,Adenoma low grade,0.012096814811229706,0.012096814811229706,46,0.9949287823013574,42,2,2,0,0,0,0,0,0,0,0,0,0,0.9130434782608695,0.043478260869565216,0.043478260869565216,0.0,0.0,0.0,0.0,0.0,0.0,0.0,0.0,0.0,0.0
0889,0819413,Adenoma low grade,0.011078636161983013,0.011078636161983013,50,0.8715970654981245,29,1,5,0,0,0,1,0,0,0,14,0,0,0.58,0.02,0.1,0.0,0.0,0.0,0.02,0.0,0.0,0.0,0.28,0.0,0.0
0889,0823308,Adenoma low grade,0.03294892981648445,0.03294892981648445,53,0.9624579478844483,45,2,3,0,0,0,0,0,0,0,1,0,2,0.8490566037735849,0.03773584905660377,0.05660377358490566,0.0,0.0,0.0,0.0,0.0,0.0,0.0,0.018867924528301886,0.0,0.03773584905660377
0889,0837904,Adenoma low grade,0.016103310510516167,0.016103310510516167,2,0.9999999933635753,2,0,0,0,0,0,0,0,0,0,0,0,0,1.0,0.0,0.0,0.0,0.0,0.0,0.0,0.0,0.0,0.0,0.0,0.0,0.0
0889,0847211,Adenoma low grade,0.02852557599544525,0.02852557599544525,60,0.9251992342879282,56,0,0,3,0,0,0,0,0,0,1,0,0,0.9333333333333333,0.0,0.0,0.05,0.0,0.0,0.0,0.0,0.0,0.0,0.016666666666666666,0.0,0.0
0889,0872057,Adenoma low grade,0.041630104184150696,0.041630104184150696,17,0.9328470506813649,12,3,2,0,0,0,0,0,0,0,0,0,0,0.7058823529411765,0.17647058823529413,0.11764705882352941,0.0,0.0,0.0,0.0,0.0,0.0,0.0,0.0,0.0,0.0
0889,0872570,Adenoma low grade,0.01886548474431038,0.01886548474431038,40,0.9691457985334351,38,1,1,0,0,0,0,0,0,0,0,0,0,0.95,0.025,0.025,0.0,0.0,0.0,0.0,0.0,0.0,0.0,0.0,0.0,0.0
0889,0882918,Adenoma low grade,0.019743116572499275,0.019743116572499275,35,0.9370332051597422,2,0,0,0,0,0,1,0,0,0,32,0,0,0.05714285714285714,0.0,0.0,0.0,0.0,0.0,0.02857142857142857,0.0,0.0,0.0,0.9142857142857143,0.0,0.0
0889,0925580,Adenoma low grade,0.06646917015314102,0.06646917015314102,77,0.9961444700181354,75,0,1,0,0,0,1,0,0,0,0,0,0,0.974025974025974,0.0,0.012987012987012988,0.0,0.0,0.0,0.012987012987012988,0.0,0.0,0.0,0.0,0.0,0.0
0889,0927772,Adenoma low grade,0.04422615468502045,0.04422615468502045,25,0.9346603857597177,2,1,0,0,0,0,0,0,3,0,19,0,0,0.08,0.04,0.0,0.0,0.0,0.0,0.0,0.0,0.12,0.0,0.76,0.0,0.0
0889,0986318,Adenoma low grade,0.0076705277897417545,0.0076705277897417545,53,0.8967208954125268,12,0,15,1,0,0,1,0,1,0,23,0,0,0.22641509433962265,0.0,0.2830188679245283,0.018867924528301886,0.0,0.0,0.018867924528301886,0.0,0.018867924528301886,0.0,0.4339622641509434,0.0,0.0
0892,0175879,Adenoma low grade,0.01836547628045082,0.01836547628045082,61,0.9717452280817971,57,0,4,0,0,0,0,0,0,0,0,0,0,0.9344262295081968,0.0,0.06557377049180328,0.0,0.0,0.0,0.0,0.0,0.0,0.0,0.0,0.0,0.0
0892,1001061,Adenoma low grade,0.020153341814875603,0.020153341814875603,44,0.9587141875262749,20,9,12,0,0,0,3,0,0,0,0,0,0,0.45454545454545453,0.20454545454545456,0.2727272727272727,0.0,0.0,0.0,0.06818181818181818,0.0,0.0,0.0,0.0,0.0,0.0
0904,0606977,Adenoma low grade,0.023312827572226524,0.023312827572226524,66,0.8846106332394358,9,1,2,0,0,0,2,0,0,0,52,0,0,0.13636363636363635,0.015151515151515152,0.030303030303030304,0.0,0.0,0.0,0.030303030303030304,0.0,0.0,0.0,0.7878787878787878,0.0,0.0
0914,0622840,Adenoma low grade,0.012223758734762669,0.012223758734762669,25,0.8768435477413926,13,0,3,0,0,0,2,0,2,0,5,0,0,0.52,0.0,0.12,0.0,0.0,0.0,0.08,0.0,0.08,0.0,0.2,0.0,0.0
0922,0618706,Adenoma low grade,0.031205976381897926,0.031205976381897926,50,0.9515369963683655,10,2,4,0,0,0,2,0,1,0,31,0,0,0.2,0.04,0.08,0.0,0.0,0.0,0.04,0.0,0.02,0.0,0.62,0.0,0.0
0935,0030259,Adenoma low grade,0.013334532268345356,0.013334532268345356,32,0.9123603705540069,13,0,17,0,0,0,1,0,0,0,0,0,1,0.40625,0.0,0.53125,0.0,0.0,0.0,0.03125,0.0,0.0,0.0,0.0,0.0,0.03125
0935,0044915,Adenoma low grade,0.018397748470306396,0.018397748470306396,49,0.9725357345011371,27,12,3,6,0,0,1,0,0,0,0,0,0,0.5510204081632653,0.24489795918367346,0.061224489795918366,0.12244897959183673,0.0,0.0,0.02040816326530612,0.0,0.0,0.0,0.0,0.0,0.0
0935,0078717,Adenoma low grade,0.012119763530790806,0.012119763530790806,16,0.8939023190032276,6,0,7,2,0,0,0,0,0,0,0,0,1,0.375,0.0,0.4375,0.125,0.0,0.0,0.0,0.0,0.0,0.0,0.0,0.0,0.0625
0935,0128392,Adenoma low grade,0.016047373414039612,0.016047373414039612,70,0.9328658755471965,35,12,15,3,0,0,2,0,2,0,1,0,0,0.5,0.17142857142857143,0.21428571428571427,0.04285714285714286,0.0,0.0,0.02857142857142857,0.0,0.02857142857142857,0.0,0.014285714285714285,0.0,0.0
0935,0140319,Adenoma low grade,0.02165038138628006,0.02165038138628006,43,0.8565275919113243,23,0,1,0,0,0,0,0,0,0,18,0,1,0.5348837209302325,0.0,0.023255813953488372,0.0,0.0,0.0,0.0,0.0,0.0,0.0,0.4186046511627907,0.0,0.023255813953488372
0935,0198779,Adenoma low grade,0.029577672481536865,0.029577672481536865,41,0.9068406400236793,31,0,1,2,0,0,5,0,1,0,0,0,1,0.7560975609756098,0.0,0.024390243902439025,0.04878048780487805,0.0,0.0,0.12195121951219512,0.0,0.024390243902439025,0.0,0.0,0.0,0.024390243902439025
0935,0210548,Adenoma low grade,0.04627794399857521,0.04627794399857521,44,0.9809163930306629,26,0,18,0,0,0,0,0,0,0,0,0,0,0.5909090909090909,0.0,0.4090909090909091,0.0,0.0,0.0,0.0,0.0,0.0,0.0,0.0,0.0,0.0
0935,0329532,Adenoma low grade,0.028780106455087662,0.028780106455087662,22,0.9167795253878068,7,0,8,3,0,0,0,0,1,0,3,0,0,0.3181818181818182,0.0,0.36363636363636365,0.13636363636363635,0.0,0.0,0.0,0.0,0.045454545454545456,0.0,0.13636363636363635,0.0,0.0
0935,0338561,Adenoma low grade,0.004551565274596214,0.004551565274596214,71,0.9408311467447179,42,3,18,0,0,3,2,0,0,0,3,0,0,0.5915492957746479,0.04225352112676056,0.2535211267605634,0.0,0.0,0.04225352112676056,0.028169014084507043,0.0,0.0,0.0,0.04225352112676056,0.0,0.0
0935,0362173,Adenoma low grade,0.022465437650680542,0.022465437650680542,8,0.9999999898429246,6,0,2,0,0,0,0,0,0,0,0,0,0,0.75,0.0,0.25,0.0,0.0,0.0,0.0,0.0,0.0,0.0,0.0,0.0,0.0
0935,0401419,Adenoma low grade,0.0196200180798769,0.0196200180798769,53,0.922482871686627,26,8,11,4,0,0,3,0,0,0,1,0,0,0.49056603773584906,0.1509433962264151,0.20754716981132076,0.07547169811320754,0.0,0.0,0.05660377358490566,0.0,0.0,0.0,0.018867924528301886,0.0,0.0
0935,0455160,Adenoma low grade,0.031138760969042778,0.031138760969042778,47,0.8840697196790179,10,1,3,0,0,0,8,0,1,0,24,0,0,0.2127659574468085,0.02127659574468085,0.06382978723404255,0.0,0.0,0.0,0.1702127659574468,0.0,0.02127659574468085,0.0,0.5106382978723404,0.0,0.0
0935,0479928,Adenoma low grade,0.035023462027311325,0.035023462027311325,25,0.9213328612873716,19,3,2,0,0,0,1,0,0,0,0,0,0,0.76,0.12,0.08,0.0,0.0,0.0,0.04,0.0,0.0,0.0,0.0,0.0,0.0
0935,0489149,Adenoma low grade,0.021196674555540085,0.021196674555540085,42,0.9866001152263335,36,0,5,0,0,0,1,0,0,0,0,0,0,0.8571428571428571,0.0,0.11904761904761904,0.0,0.0,0.0,0.023809523809523808,0.0,0.0,0.0,0.0,0.0,0.0
0935,0537101,Adenoma low grade,0.02598266862332821,0.02598266862332821,30,0.9068636966333797,19,7,1,2,0,0,1,0,0,0,0,0,0,0.6333333333333333,0.23333333333333334,0.03333333333333333,0.06666666666666667,0.0,0.0,0.03333333333333333,0.0,0.0,0.0,0.0,0.0,0.0
0935,0696839,Adenoma low grade,0.009687512181699276,0.009687512181699276,47,0.9357264829123985,34,6,5,0,0,0,1,0,0,0,1,0,0,0.723404255319149,0.1276595744680851,0.10638297872340426,0.0,0.0,0.0,0.02127659574468085,0.0,0.0,0.0,0.02127659574468085,0.0,0.0
0935,0771309,Adenoma low grade,0.02376159094274044,0.02376159094274044,35,0.9211209482102216,19,0,10,0,0,0,0,0,0,0,6,0,0,0.5428571428571428,0.0,0.2857142857142857,0.0,0.0,0.0,0.0,0.0,0.0,0.0,0.17142857142857143,0.0,0.0
0935,0870130,Adenoma low grade,0.026132550090551376,0.026132550090551376,34,0.9708672085779048,5,0,2,0,0,0,0,0,0,0,27,0,0,0.14705882352941177,0.0,0.058823529411764705,0.0,0.0,0.0,0.0,0.0,0.0,0.0,0.7941176470588235,0.0,0.0
0935,0931131,Adenoma low grade,0.026064448058605194,0.026064448058605194,60,0.8329519631257691,12,11,9,8,0,0,12,0,0,0,8,0,0,0.2,0.18333333333333332,0.15,0.13333333333333333,0.0,0.0,0.2,0.0,0.0,0.0,0.13333333333333333,0.0,0.0
0935,0961071,Adenoma low grade,0.036929916590452194,0.036929916590452194,35,0.9454052745277525,28,1,4,0,0,0,0,0,0,0,2,0,0,0.8,0.02857142857142857,0.11428571428571428,0.0,0.0,0.0,0.0,0.0,0.0,0.0,0.05714285714285714,0.0,0.0
0935,1007785,Adenoma low grade,0.03467549756169319,0.03467549756169319,50,0.90046129789262,28,2,1,0,0,0,8,0,4,0,7,0,0,0.56,0.04,0.02,0.0,0.0,0.0,0.16,0.0,0.08,0.0,0.14,0.0,0.0
0946,0416683,Adenoma low grade,0.11250220239162445,0.11250220239162445,23,0.9538941642335119,23,0,0,0,0,0,0,0,0,0,0,0,0,1.0,0.0,0.0,0.0,0.0,0.0,0.0,0.0,0.0,0.0,0.0,0.0,0.0
0957,0511698,Adenoma low grade,0.028306396678090096,0.028306396678090096,52,0.9700026891517444,41,0,8,0,0,0,0,0,3,0,0,0,0,0.7884615384615384,0.0,0.15384615384615385,0.0,0.0,0.0,0.0,0.0,0.057692307692307696,0.0,0.0,0.0,0.0
0957,0588621,Adenoma low grade,0.02286502905189991,0.02286502905189991,35,0.9152485952613767,18,0,6,2,0,2,7,0,0,0,0,0,0,0.5142857142857142,0.0,0.17142857142857143,0.05714285714285714,0.0,0.05714285714285714,0.2,0.0,0.0,0.0,0.0,0.0,0.0
0957,0923453,Adenoma low grade,0.0377688929438591,0.0377688929438591,33,0.963073695240029,3,0,2,0,0,0,0,0,2,0,26,0,0,0.09090909090909091,0.0,0.06060606060606061,0.0,0.0,0.0,0.0,0.0,0.06060606060606061,0.0,0.7878787878787878,0.0,0.0
0962,0174210,Adenoma low grade,0.026843277737498283,0.026843277737498283,69,0.9493865896401477,5,3,11,0,0,1,0,0,0,0,49,0,0,0.07246376811594203,0.043478260869565216,0.15942028985507245,0.0,0.0,0.014492753623188406,0.0,0.0,0.0,0.0,0.7101449275362319,0.0,0.0
0962,0966820,Adenoma low grade,0.02819015271961689,0.02819015271961689,85,0.9541377982523243,6,4,6,1,0,0,7,0,1,0,59,0,1,0.07058823529411765,0.047058823529411764,0.07058823529411765,0.011764705882352941,0.0,0.0,0.08235294117647059,0.0,0.011764705882352941,0.0,0.6941176470588235,0.0,0.011764705882352941
0969,0136259,Adenoma low grade,0.0250522680580616,0.0250522680580616,9,0.9939527947522423,4,0,4,0,0,0,1,0,0,0,0,0,0,0.4444444444444444,0.0,0.4444444444444444,0.0,0.0,0.0,0.1111111111111111,0.0,0.0,0.0,0.0,0.0,0.0
0969,0346168,Adenoma low grade,0.024272482842206955,0.024272482842206955,7,0.9021977918802534,5,0,1,0,0,0,0,0,1,0,0,0,0,0.7142857142857143,0.0,0.14285714285714285,0.0,0.0,0.0,0.0,0.0,0.14285714285714285,0.0,0.0,0.0,0.0
0981,0443055,Adenoma low grade,0.04235405847430229,0.04235405847430229,30,0.9919167464979654,25,0,5,0,0,0,0,0,0,0,0,0,0,0.8333333333333334,0.0,0.16666666666666666,0.0,0.0,0.0,0.0,0.0,0.0,0.0,0.0,0.0,0.0
0999,0045360,Adenoma low grade,0.11461609601974487,0.11461609601974487,64,0.9756768444162653,54,0,1,0,0,0,0,0,9,0,0,0,0,0.84375,0.0,0.015625,0.0,0.0,0.0,0.0,0.0,0.140625,0.0,0.0,0.0,0.0
0999,0091578,Adenoma low grade,0.09233662486076355,0.09233662486076355,52,0.9730177947889767,52,0,0,0,0,0,0,0,0,0,0,0,0,1.0,0.0,0.0,0.0,0.0,0.0,0.0,0.0,0.0,0.0,0.0,0.0,0.0
0999,0128698,Adenoma low grade,0.13112232089042664,0.13112232089042664,78,0.9695228385987692,77,0,1,0,0,0,0,0,0,0,0,0,0,0.9871794871794872,0.0,0.01282051282051282,0.0,0.0,0.0,0.0,0.0,0.0,0.0,0.0,0.0,0.0
0999,0190066,Adenoma low grade,0.1153939738869667,0.1153939738869667,58,0.9973530942945963,52,0,2,0,0,0,0,0,4,0,0,0,0,0.896551724137931,0.0,0.034482758620689655,0.0,0.0,0.0,0.0,0.0,0.06896551724137931,0.0,0.0,0.0,0.0
0999,0219587,Adenoma low grade,0.10382741689682007,0.10382741689682007,56,0.986427434622487,49,0,1,0,0,0,1,0,5,0,0,0,0,0.875,0.0,0.017857142857142856,0.0,0.0,0.0,0.017857142857142856,0.0,0.08928571428571429,0.0,0.0,0.0,0.0
0999,0299384,Adenoma low grade,0.10044698417186737,0.10044698417186737,61,0.9518096955990484,33,3,14,0,1,0,0,0,10,0,0,0,0,0.5409836065573771,0.04918032786885246,0.22950819672131148,0.0,0.01639344262295082,0.0,0.0,0.0,0.16393442622950818,0.0,0.0,0.0,0.0
0999,0392078,Adenoma low grade,0.13315518200397491,0.13315518200397491,48,0.9500878249252769,29,7,4,1,0,0,2,0,5,0,0,0,0,0.6041666666666666,0.14583333333333334,0.08333333333333333,0.020833333333333332,0.0,0.0,0.041666666666666664,0.0,0.10416666666666667,0.0,0.0,0.0,0.0
0999,0560491,Adenoma low grade,0.1328272521495819,0.1328272521495819,31,0.9984996195604969,31,0,0,0,0,0,0,0,0,0,0,0,0,1.0,0.0,0.0,0.0,0.0,0.0,0.0,0.0,0.0,0.0,0.0,0.0,0.0
0999,0718338,Adenoma low grade,0.11933320760726929,0.11933320760726929,59,0.986922004265065,52,1,5,0,0,0,0,0,1,0,0,0,0,0.8813559322033898,0.01694915254237288,0.0847457627118644,0.0,0.0,0.0,0.0,0.0,0.01694915254237288,0.0,0.0,0.0,0.0
0999,0727972,Adenoma low grade,0.11596471071243286,0.11596471071243286,76,0.9641549048188658,74,0,0,2,0,0,0,0,0,0,0,0,0,0.9736842105263158,0.0,0.0,0.02631578947368421,0.0,0.0,0.0,0.0,0.0,0.0,0.0,0.0,0.0
0999,1032709,Adenoma low grade,0.12707383930683136,0.12707383930683136,30,0.999999994660003,30,0,0,0,0,0,0,0,0,0,0,0,0,1.0,0.0,0.0,0.0,0.0,0.0,0.0,0.0,0.0,0.0,0.0,0.0,0.0
1025,0467919,Adenoma low grade,0.025775808840990067,0.025775808840990067,36,0.889754502895456,7,0,1,0,0,0,0,0,1,0,27,0,0,0.19444444444444445,0.0,0.027777777777777776,0.0,0.0,0.0,0.0,0.0,0.027777777777777776,0.0,0.75,0.0,0.0
1025,0783495,Adenoma low grade,0.010157410055398941,0.010157410055398941,20,0.8623121649146664,3,0,5,0,0,0,0,0,0,0,12,0,0,0.15,0.0,0.25,0.0,0.0,0.0,0.0,0.0,0.0,0.0,0.6,0.0,0.0
1025,0912031,Adenoma low grade,0.017560286447405815,0.017560286447405815,8,0.9971825325193096,6,0,1,0,0,0,0,0,0,0,1,0,0,0.75,0.0,0.125,0.0,0.0,0.0,0.0,0.0,0.0,0.0,0.125,0.0,0.0
1072,0006068,Adenoma low grade,0.07266225665807724,0.07266225665807724,12,0.7490144542513515,9,0,1,1,0,0,0,0,0,0,0,0,1,0.75,0.0,0.08333333333333333,0.08333333333333333,0.0,0.0,0.0,0.0,0.0,0.0,0.0,0.0,0.08333333333333333
1072,0128167,Adenoma low grade,0.048561304807662964,0.048561304807662964,19,0.9600469435436714,16,0,1,0,0,0,2,0,0,0,0,0,0,0.8421052631578947,0.0,0.05263157894736842,0.0,0.0,0.0,0.10526315789473684,0.0,0.0,0.0,0.0,0.0,0.0
1072,0377840,Adenoma low grade,0.06363169103860855,0.06363169103860855,30,0.996423454310573,29,0,0,0,0,0,0,0,1,0,0,0,0,0.9666666666666667,0.0,0.0,0.0,0.0,0.0,0.0,0.0,0.03333333333333333,0.0,0.0,0.0,0.0
1072,0631770,Adenoma low grade,0.03789830952882767,0.03789830952882767,10,0.9991452905908492,9,0,0,1,0,0,0,0,0,0,0,0,0,0.9,0.0,0.0,0.1,0.0,0.0,0.0,0.0,0.0,0.0,0.0,0.0,0.0
1073,0167412,Adenoma low grade,0.014482448808848858,0.014482448808848858,73,0.9961531733443639,68,0,4,0,0,0,1,0,0,0,0,0,0,0.9315068493150684,0.0,0.0547945205479452,0.0,0.0,0.0,0.0136986301369863,0.0,0.0,0.0,0.0,0.0,0.0
1073,0240796,Adenoma low grade,0.014608671888709068,0.014608671888709068,24,0.9912566018391099,21,0,1,0,0,0,0,0,2,0,0,0,0,0.875,0.0,0.041666666666666664,0.0,0.0,0.0,0.0,0.0,0.08333333333333333,0.0,0.0,0.0,0.0
1073,0298802,Adenoma low grade,0.04766600579023361,0.04766600579023361,35,0.9775527717426508,27,0,6,1,0,0,1,0,0,0,0,0,0,0.7714285714285715,0.0,0.17142857142857143,0.02857142857142857,0.0,0.0,0.02857142857142857,0.0,0.0,0.0,0.0,0.0,0.0
1073,0389434,Adenoma low grade,0.028444306924939156,0.028444306924939156,30,0.9428026696995866,8,7,1,0,0,0,10,0,4,0,0,0,0,0.26666666666666666,0.23333333333333334,0.03333333333333333,0.0,0.0,0.0,0.3333333333333333,0.0,0.13333333333333333,0.0,0.0,0.0,0.0
1090,0228507,Adenoma low grade,0.023840345442295074,0.023840345442295074,32,0.9083082373796274,2,4,8,0,0,0,0,0,1,0,17,0,0,0.0625,0.125,0.25,0.0,0.0,0.0,0.0,0.0,0.03125,0.0,0.53125,0.0,0.0
1101,0063114,Adenoma low grade,0.0398661345243454,0.0398661345243454,64,0.932697708088034,1,31,7,0,0,0,2,0,0,0,23,0,0,0.015625,0.484375,0.109375,0.0,0.0,0.0,0.03125,0.0,0.0,0.0,0.359375,0.0,0.0
1101,0165965,Adenoma low grade,0.014965570531785488,0.014965570531785488,53,0.9396854857962524,30,10,2,0,0,0,10,0,0,0,0,0,1,0.5660377358490566,0.18867924528301888,0.03773584905660377,0.0,0.0,0.0,0.18867924528301888,0.0,0.0,0.0,0.0,0.0,0.018867924528301886
1101,0180933,Adenoma low grade,0.01670737750828266,0.01670737750828266,44,0.9744956192803366,37,0,3,0,0,0,2,0,1,0,0,0,1,0.8409090909090909,0.0,0.06818181818181818,0.0,0.0,0.0,0.045454545454545456,0.0,0.022727272727272728,0.0,0.0,0.0,0.022727272727272728
1101,0181370,Adenoma low grade,0.03456785902380943,0.03456785902380943,116,0.9093964192624163,38,47,8,6,4,2,9,0,0,0,2,0,0,0.3275862068965517,0.4051724137931034,0.06896551724137931,0.05172413793103448,0.034482758620689655,0.017241379310344827,0.07758620689655173,0.0,0.0,0.0,0.017241379310344827,0.0,0.0
1101,0187494,Adenoma low grade,0.02763456106185913,0.02763456106185913,33,0.9572117362278817,24,3,1,0,0,1,1,0,0,0,3,0,0,0.7272727272727273,0.09090909090909091,0.030303030303030304,0.0,0.0,0.030303030303030304,0.030303030303030304,0.0,0.0,0.0,0.09090909090909091,0.0,0.0
1101,0219834,Adenoma low grade,0.04466542601585388,0.04466542601585388,61,0.9805780289663936,50,1,5,0,0,0,3,0,0,0,0,0,2,0.819672131147541,0.01639344262295082,0.08196721311475409,0.0,0.0,0.0,0.04918032786885246,0.0,0.0,0.0,0.0,0.0,0.03278688524590164
1101,0242006,Adenoma low grade,0.024477491155266762,0.024477491155266762,35,0.9179915173434006,20,8,1,1,0,0,1,0,0,0,3,0,1,0.5714285714285714,0.22857142857142856,0.02857142857142857,0.02857142857142857,0.0,0.0,0.02857142857142857,0.0,0.0,0.0,0.08571428571428572,0.0,0.02857142857142857
1101,0297288,Adenoma low grade,0.02024002932012081,0.02024002932012081,28,0.9862404037822544,17,1,7,0,0,0,1,0,2,0,0,0,0,0.6071428571428571,0.03571428571428571,0.25,0.0,0.0,0.0,0.03571428571428571,0.0,0.07142857142857142,0.0,0.0,0.0,0.0
1101,0311731,Adenoma low grade,0.013552840799093246,0.013552840799093246,54,0.924019298299329,42,5,2,1,0,0,1,0,1,0,0,0,2,0.7777777777777778,0.09259259259259259,0.037037037037037035,0.018518518518518517,0.0,0.0,0.018518518518518517,0.0,0.018518518518518517,0.0,0.0,0.0,0.037037037037037035
1101,0358617,Adenoma low grade,0.015117701143026352,0.015117701143026352,46,0.9479049746550899,30,2,12,0,0,0,2,0,0,0,0,0,0,0.6521739130434783,0.043478260869565216,0.2608695652173913,0.0,0.0,0.0,0.043478260869565216,0.0,0.0,0.0,0.0,0.0,0.0
1101,0415190,Adenoma low grade,0.020797140896320343,0.020797140896320343,67,0.964328887615488,51,6,3,0,0,0,7,0,0,0,0,0,0,0.7611940298507462,0.08955223880597014,0.04477611940298507,0.0,0.0,0.0,0.1044776119402985,0.0,0.0,0.0,0.0,0.0,0.0
1101,0481724,Adenoma low grade,0.0394684337079525,0.0394684337079525,50,0.8976337834370366,16,19,7,0,0,0,0,0,0,0,7,0,1,0.32,0.38,0.14,0.0,0.0,0.0,0.0,0.0,0.0,0.0,0.14,0.0,0.02
1101,0494703,Adenoma low grade,0.01252142433077097,0.01252142433077097,69,0.9523154757788321,39,16,4,4,0,0,5,0,0,0,0,0,1,0.5652173913043478,0.2318840579710145,0.057971014492753624,0.057971014492753624,0.0,0.0,0.07246376811594203,0.0,0.0,0.0,0.0,0.0,0.014492753623188406
1101,0512796,Adenoma low grade,0.03262023255228996,0.03262023255228996,47,0.9374570985085032,32,1,0,2,1,0,2,0,2,0,7,0,0,0.6808510638297872,0.02127659574468085,0.0,0.0425531914893617,0.02127659574468085,0.0,0.0425531914893617,0.0,0.0425531914893617,0.0,0.14893617021276595,0.0,0.0
1101,0533406,Adenoma low grade,0.029103532433509827,0.029103532433509827,88,0.8948515131080147,19,39,18,2,6,0,4,0,0,0,0,0,0,0.2159090909090909,0.4431818181818182,0.20454545454545456,0.022727272727272728,0.06818181818181818,0.0,0.045454545454545456,0.0,0.0,0.0,0.0,0.0,0.0
1101,0571024,Adenoma low grade,0.028197551146149635,0.028197551146149635,63,0.9249721360536005,27,9,9,6,0,0,11,0,1,0,0,0,0,0.42857142857142855,0.14285714285714285,0.14285714285714285,0.09523809523809523,0.0,0.0,0.1746031746031746,0.0,0.015873015873015872,0.0,0.0,0.0,0.0
1101,0610405,Adenoma low grade,0.032653506845235825,0.032653506845235825,81,0.8568187374843826,20,15,18,2,0,0,13,0,1,0,10,2,0,0.24691358024691357,0.18518518518518517,0.2222222222222222,0.024691358024691357,0.0,0.0,0.16049382716049382,0.0,0.012345679012345678,0.0,0.12345679012345678,0.024691358024691357,0.0
1101,0628763,Adenoma low grade,0.017070693895220757,0.017070693895220757,54,0.9814386001500146,51,1,2,0,0,0,0,0,0,0,0,0,0,0.9444444444444444,0.018518518518518517,0.037037037037037035,0.0,0.0,0.0,0.0,0.0,0.0,0.0,0.0,0.0,0.0
1101,0662424,Adenoma low grade,0.04503368213772774,0.04503368213772774,39,0.9844837359040972,34,0,3,0,0,0,0,0,2,0,0,0,0,0.8717948717948718,0.0,0.07692307692307693,0.0,0.0,0.0,0.0,0.0,0.05128205128205128,0.0,0.0,0.0,0.0
1101,0670714,Adenoma low grade,0.021181311458349228,0.021181311458349228,44,0.9908914483167554,37,2,3,0,0,0,2,0,0,0,0,0,0,0.8409090909090909,0.045454545454545456,0.06818181818181818,0.0,0.0,0.0,0.045454545454545456,0.0,0.0,0.0,0.0,0.0,0.0
1101,0703283,Adenoma low grade,0.03561104089021683,0.03561104089021683,81,0.8994837778476584,33,15,8,0,1,0,6,0,0,0,17,0,1,0.4074074074074074,0.18518518518518517,0.09876543209876543,0.0,0.012345679012345678,0.0,0.07407407407407407,0.0,0.0,0.0,0.20987654320987653,0.0,0.012345679012345678
1101,0731491,Adenoma low grade,0.012672176584601402,0.012672176584601402,37,0.9899844617225666,31,2,3,0,0,0,1,0,0,0,0,0,0,0.8378378378378378,0.05405405405405406,0.08108108108108109,0.0,0.0,0.0,0.02702702702702703,0.0,0.0,0.0,0.0,0.0,0.0
1101,0784392,Adenoma low grade,0.028879618272185326,0.028879618272185326,60,0.96510745842195,53,3,2,0,0,0,0,0,0,0,1,0,1,0.8833333333333333,0.05,0.03333333333333333,0.0,0.0,0.0,0.0,0.0,0.0,0.0,0.016666666666666666,0.0,0.016666666666666666
1101,0815690,Adenoma low grade,0.01892290636897087,0.01892290636897087,84,0.953753934700286,40,23,14,1,2,0,2,0,2,0,0,0,0,0.47619047619047616,0.27380952380952384,0.16666666666666666,0.011904761904761904,0.023809523809523808,0.0,0.023809523809523808,0.0,0.023809523809523808,0.0,0.0,0.0,0.0
1101,0839865,Adenoma low grade,0.015640337020158768,0.015640337020158768,75,0.9331690017143869,28,18,8,3,1,0,14,0,3,0,0,0,0,0.37333333333333335,0.24,0.10666666666666667,0.04,0.013333333333333334,0.0,0.18666666666666668,0.0,0.04,0.0,0.0,0.0,0.0
1101,0953937,Adenoma low grade,0.033001627773046494,0.033001627773046494,56,0.9902294111757138,44,0,4,1,0,0,2,0,5,0,0,0,0,0.7857142857142857,0.0,0.07142857142857142,0.017857142857142856,0.0,0.0,0.03571428571428571,0.0,0.08928571428571429,0.0,0.0,0.0,0.0
1101,1012407,Adenoma low grade,0.014019235037267208,0.014019235037267208,51,0.9594324414240004,34,3,6,0,0,0,5,0,3,0,0,0,0,0.6666666666666666,0.058823529411764705,0.11764705882352941,0.0,0.0,0.0,0.09803921568627451,0.0,0.058823529411764705,0.0,0.0,0.0,0.0
1101,1032845,Adenoma low grade,0.021135609596967697,0.021135609596967697,63,0.9700997963081393,51,2,6,0,0,0,0,0,2,0,1,0,1,0.8095238095238095,0.031746031746031744,0.09523809523809523,0.0,0.0,0.0,0.0,0.0,0.031746031746031744,0.0,0.015873015873015872,0.0,0.015873015873015872
1105,0317321,Adenoma low grade,0.019215838983654976,0.019215838983654976,20,0.9662232697534032,16,1,1,0,0,0,1,0,0,0,1,0,0,0.8,0.05,0.05,0.0,0.0,0.0,0.05,0.0,0.0,0.0,0.05,0.0,0.0
1105,0827280,Adenoma low grade,0.014257088303565979,0.014257088303565979,63,0.9433172595486943,47,2,8,0,0,0,1,0,3,0,2,0,0,0.746031746031746,0.031746031746031744,0.12698412698412698,0.0,0.0,0.0,0.015873015873015872,0.0,0.047619047619047616,0.0,0.031746031746031744,0.0,0.0
1106,0605574,Adenoma low grade,0.01990697905421257,0.01990697905421257,50,0.8643866649015598,8,1,10,0,0,0,14,0,1,0,16,0,0,0.16,0.02,0.2,0.0,0.0,0.0,0.28,0.0,0.02,0.0,0.32,0.0,0.0
1106,0669629,Adenoma low grade,0.026973603293299675,0.026973603293299675,70,0.8251389572692774,21,7,7,0,0,0,7,0,0,0,28,0,0,0.3,0.1,0.1,0.0,0.0,0.0,0.1,0.0,0.0,0.0,0.4,0.0,0.0
1128,0124657,Adenoma low grade,0.04338177666068077,0.04338177666068077,29,0.9094470601170939,4,4,1,13,0,0,5,0,0,0,2,0,0,0.13793103448275862,0.13793103448275862,0.034482758620689655,0.4482758620689655,0.0,0.0,0.1724137931034483,0.0,0.0,0.0,0.06896551724137931,0.0,0.0
1132,0134102,Adenoma low grade,0.03904300555586815,0.03904300555586815,32,0.8687044653286906,9,14,2,2,1,0,2,0,0,0,2,0,0,0.28125,0.4375,0.0625,0.0625,0.03125,0.0,0.0625,0.0,0.0,0.0,0.0625,0.0,0.0
1136,0136405,Adenoma low grade,0.008983347564935684,0.008983347564935684,88,0.9150799859653034,1,24,6,0,0,0,18,0,0,0,39,0,0,0.011363636363636364,0.2727272727272727,0.06818181818181818,0.0,0.0,0.0,0.20454545454545456,0.0,0.0,0.0,0.4431818181818182,0.0,0.0
1136,0242473,Adenoma low grade,0.010444041341543198,0.010444041341543198,75,0.9653862878931279,50,12,7,0,0,0,1,0,2,3,0,0,0,0.6666666666666666,0.16,0.09333333333333334,0.0,0.0,0.0,0.013333333333333334,0.0,0.02666666666666667,0.04,0.0,0.0,0.0
1152,0433859,Adenoma low grade,0.0334700345993042,0.0334700345993042,0,0.0,0,0,0,0,0,0,0,0,0,0,0,0,0,0.0,0.0,0.0,0.0,0.0,0.0,0.0,0.0,0.0,0.0,0.0,0.0,0.0
1167,0945768,Adenoma low grade,0.02693295292556286,0.02693295292556286,38,0.9684150969985259,30,0,5,0,0,0,2,0,1,0,0,0,0,0.7894736842105263,0.0,0.13157894736842105,0.0,0.0,0.0,0.05263157894736842,0.0,0.02631578947368421,0.0,0.0,0.0,0.0
1177,0185299,Adenoma low grade,0.04274074733257294,0.04274074733257294,65,0.8612857718515886,2,24,15,2,2,0,6,0,0,0,14,0,0,0.03076923076923077,0.36923076923076925,0.23076923076923078,0.03076923076923077,0.03076923076923077,0.0,0.09230769230769231,0.0,0.0,0.0,0.2153846153846154,0.0,0.0
1177,0516016,Adenoma low grade,0.035375796258449554,0.035375796258449554,45,0.9380991221124703,32,2,3,0,0,0,0,0,0,0,8,0,0,0.7111111111111111,0.044444444444444446,0.06666666666666667,0.0,0.0,0.0,0.0,0.0,0.0,0.0,0.17777777777777778,0.0,0.0
1177,0768602,Adenoma low grade,0.03304317966103554,0.03304317966103554,52,0.9202891837294349,16,21,14,0,0,0,0,1,0,0,0,0,0,0.3076923076923077,0.40384615384615385,0.2692307692307692,0.0,0.0,0.0,0.0,0.019230769230769232,0.0,0.0,0.0,0.0,0.0
1177,0984156,Adenoma low grade,0.017601748928427696,0.017601748928427696,71,0.9280516747462094,26,11,9,19,1,0,5,0,0,0,0,0,0,0.36619718309859156,0.15492957746478872,0.1267605633802817,0.2676056338028169,0.014084507042253521,0.0,0.07042253521126761,0.0,0.0,0.0,0.0,0.0,0.0
1178,0094070,Adenoma low grade,0.03578798100352287,0.03578798100352287,20,0.9010208906291298,8,1,8,0,0,1,0,0,2,0,0,0,0,0.4,0.05,0.4,0.0,0.0,0.05,0.0,0.0,0.1,0.0,0.0,0.0,0.0
1187,0200599,Adenoma low grade,0.08028291910886765,0.08028291910886765,68,0.9769494323060717,67,0,0,0,0,0,0,0,0,0,0,0,1,0.9852941176470589,0.0,0.0,0.0,0.0,0.0,0.0,0.0,0.0,0.0,0.0,0.0,0.014705882352941176
1187,0450122,Adenoma low grade,0.04972617328166962,0.04972617328166962,26,0.8839766804896025,2,1,0,1,0,0,0,0,0,0,22,0,0,0.07692307692307693,0.038461538461538464,0.0,0.038461538461538464,0.0,0.0,0.0,0.0,0.0,0.0,0.8461538461538461,0.0,0.0
1187,0997908,Adenoma low grade,0.09980354458093643,0.09980354458093643,31,0.9981673269305105,30,1,0,0,0,0,0,0,0,0,0,0,0,0.967741935483871,0.03225806451612903,0.0,0.0,0.0,0.0,0.0,0.0,0.0,0.0,0.0,0.0,0.0
1212,0343580,Adenoma low grade,0.0527958869934082,0.0527958869934082,39,0.9681288532757151,0,9,3,4,0,0,2,0,0,0,21,0,0,0.0,0.23076923076923078,0.07692307692307693,0.10256410256410256,0.0,0.0,0.05128205128205128,0.0,0.0,0.0,0.5384615384615384,0.0,0.0
1214,0419295,Adenoma low grade,0.022326702252030373,0.022326702252030373,31,0.9621283711135413,27,0,2,0,0,0,0,0,2,0,0,0,0,0.8709677419354839,0.0,0.06451612903225806,0.0,0.0,0.0,0.0,0.0,0.06451612903225806,0.0,0.0,0.0,0.0
1214,0910413,Adenoma low grade,0.026195334270596504,0.026195334270596504,17,0.9095505614727047,9,1,3,0,0,0,2,0,1,0,0,1,0,0.5294117647058824,0.058823529411764705,0.17647058823529413,0.0,0.0,0.0,0.11764705882352941,0.0,0.058823529411764705,0.0,0.0,0.058823529411764705,0.0
1214,1023203,Adenoma low grade,0.04794172942638397,0.04794172942638397,22,0.9405951663615812,9,3,5,3,0,0,0,0,1,0,1,0,0,0.4090909090909091,0.13636363636363635,0.22727272727272727,0.13636363636363635,0.0,0.0,0.0,0.0,0.045454545454545456,0.0,0.045454545454545456,0.0,0.0
1228,0010688,Adenoma low grade,0.02487468160688877,0.02487468160688877,36,0.9353620356485204,25,2,1,6,0,0,2,0,0,0,0,0,0,0.6944444444444444,0.05555555555555555,0.027777777777777776,0.16666666666666666,0.0,0.0,0.05555555555555555,0.0,0.0,0.0,0.0,0.0,0.0
1228,0221526,Adenoma low grade,0.03223864361643791,0.03223864361643791,27,0.9549161132834849,1,0,0,0,0,0,0,0,0,0,26,0,0,0.037037037037037035,0.0,0.0,0.0,0.0,0.0,0.0,0.0,0.0,0.0,0.9629629629629629,0.0,0.0
1228,0281027,Adenoma low grade,0.027070924639701843,0.027070924639701843,49,0.9625615169873606,1,2,3,8,0,1,0,0,1,0,33,0,0,0.02040816326530612,0.04081632653061224,0.061224489795918366,0.16326530612244897,0.0,0.02040816326530612,0.0,0.0,0.02040816326530612,0.0,0.673469387755102,0.0,0.0
1228,0315745,Adenoma low grade,0.024926479905843735,0.024926479905843735,31,0.9784923946518854,0,0,0,0,0,0,0,0,0,0,31,0,0,0.0,0.0,0.0,0.0,0.0,0.0,0.0,0.0,0.0,0.0,1.0,0.0,0.0
1228,0338568,Adenoma low grade,0.011218596249818802,0.011218596249818802,28,0.9784059395053022,3,1,3,1,0,0,3,0,0,0,17,0,0,0.10714285714285714,0.03571428571428571,0.10714285714285714,0.03571428571428571,0.0,0.0,0.10714285714285714,0.0,0.0,0.0,0.6071428571428571,0.0,0.0
1228,0342516,Adenoma low grade,0.04595620557665825,0.04595620557665825,6,0.8964799562388173,5,0,1,0,0,0,0,0,0,0,0,0,0,0.8333333333333334,0.0,0.16666666666666666,0.0,0.0,0.0,0.0,0.0,0.0,0.0,0.0,0.0,0.0
1228,0386578,Adenoma low grade,0.020755864679813385,0.020755864679813385,54,0.9634362368480539,36,8,5,2,0,0,3,0,0,0,0,0,0,0.6666666666666666,0.14814814814814814,0.09259259259259259,0.037037037037037035,0.0,0.0,0.05555555555555555,0.0,0.0,0.0,0.0,0.0,0.0
1228,0423483,Adenoma low grade,0.018765278160572052,0.018765278160572052,37,0.9144633400799858,26,0,4,1,0,0,5,0,0,0,1,0,0,0.7027027027027027,0.0,0.10810810810810811,0.02702702702702703,0.0,0.0,0.13513513513513514,0.0,0.0,0.0,0.02702702702702703,0.0,0.0
1228,0504212,Adenoma low grade,0.018236933276057243,0.018236933276057243,47,0.8836736652478194,9,2,6,1,0,0,2,0,0,0,27,0,0,0.19148936170212766,0.0425531914893617,0.1276595744680851,0.02127659574468085,0.0,0.0,0.0425531914893617,0.0,0.0,0.0,0.574468085106383,0.0,0.0
1228,0575449,Adenoma low grade,0.03684232383966446,0.03684232383966446,47,0.9017214857451376,15,6,3,1,0,0,6,0,0,0,15,0,1,0.3191489361702128,0.1276595744680851,0.06382978723404255,0.02127659574468085,0.0,0.0,0.1276595744680851,0.0,0.0,0.0,0.3191489361702128,0.0,0.02127659574468085
1228,0619539,Adenoma low grade,0.014712978154420853,0.014712978154420853,39,0.9201057627877355,13,11,7,0,2,0,5,0,1,0,0,0,0,0.3333333333333333,0.28205128205128205,0.1794871794871795,0.0,0.05128205128205128,0.0,0.1282051282051282,0.0,0.02564102564102564,0.0,0.0,0.0,0.0
1228,0661230,Adenoma low grade,0.027945687994360924,0.027945687994360924,71,0.9487549262376961,50,3,1,8,0,0,3,0,0,0,6,0,0,0.704225352112676,0.04225352112676056,0.014084507042253521,0.11267605633802817,0.0,0.0,0.04225352112676056,0.0,0.0,0.0,0.08450704225352113,0.0,0.0
1228,0668052,Adenoma low grade,0.04114054888486862,0.04114054888486862,49,0.8543020306877792,21,2,1,9,1,0,3,0,0,0,10,0,2,0.42857142857142855,0.04081632653061224,0.02040816326530612,0.1836734693877551,0.02040816326530612,0.0,0.061224489795918366,0.0,0.0,0.0,0.20408163265306123,0.0,0.04081632653061224
1228,0746744,Adenoma low grade,0.0192129984498024,0.0192129984498024,32,0.8813785831414062,10,0,1,0,0,0,0,0,0,0,21,0,0,0.3125,0.0,0.03125,0.0,0.0,0.0,0.0,0.0,0.0,0.0,0.65625,0.0,0.0
1228,0799395,Adenoma low grade,0.008704801090061665,0.008704801090061665,63,0.9517784443074018,48,0,7,1,0,0,7,0,0,0,0,0,0,0.7619047619047619,0.0,0.1111111111111111,0.015873015873015872,0.0,0.0,0.1111111111111111,0.0,0.0,0.0,0.0,0.0,0.0
1228,0997061,Adenoma low grade,0.013407165184617043,0.013407165184617043,39,0.9864252076065909,36,0,3,0,0,0,0,0,0,0,0,0,0,0.9230769230769231,0.0,0.07692307692307693,0.0,0.0,0.0,0.0,0.0,0.0,0.0,0.0,0.0,0.0
1243,0029438,Adenoma low grade,0.01450147945433855,0.01450147945433855,95,0.9325997683137024,25,49,5,9,0,1,4,0,2,0,0,0,0,0.2631578947368421,0.5157894736842106,0.05263157894736842,0.09473684210526316,0.0,0.010526315789473684,0.042105263157894736,0.0,0.021052631578947368,0.0,0.0,0.0,0.0
1243,0033767,Adenoma low grade,0.01723712682723999,0.01723712682723999,91,0.8912618500506928,42,30,9,1,0,2,5,0,2,0,0,0,0,0.46153846153846156,0.32967032967032966,0.0989010989010989,0.01098901098901099,0.0,0.02197802197802198,0.054945054945054944,0.0,0.02197802197802198,0.0,0.0,0.0,0.0
1243,0117952,Adenoma low grade,0.015651775524020195,0.015651775524020195,75,0.927888994031778,29,17,12,1,0,1,4,0,0,0,11,0,0,0.38666666666666666,0.22666666666666666,0.16,0.013333333333333334,0.0,0.013333333333333334,0.05333333333333334,0.0,0.0,0.0,0.14666666666666667,0.0,0.0
1243,0119491,Adenoma low grade,0.08124718070030212,0.08124718070030212,42,0.9778094058851982,31,3,2,0,0,0,3,0,3,0,0,0,0,0.7380952380952381,0.07142857142857142,0.047619047619047616,0.0,0.0,0.0,0.07142857142857142,0.0,0.07142857142857142,0.0,0.0,0.0,0.0
1243,0121285,Adenoma low grade,0.05984138697385788,0.05984138697385788,53,0.9666027923978503,39,3,0,7,0,0,3,0,0,0,0,1,0,0.7358490566037735,0.05660377358490566,0.0,0.1320754716981132,0.0,0.0,0.05660377358490566,0.0,0.0,0.0,0.0,0.018867924528301886,0.0
1243,0133367,Adenoma low grade,0.027507847175002098,0.027507847175002098,113,0.9610934936001936,61,36,5,7,0,1,2,0,1,0,0,0,0,0.5398230088495575,0.3185840707964602,0.04424778761061947,0.061946902654867256,0.0,0.008849557522123894,0.017699115044247787,0.0,0.008849557522123894,0.0,0.0,0.0,0.0
1243,0274134,Adenoma low grade,0.046777788549661636,0.046777788549661636,62,0.9683914608338522,38,19,2,0,0,0,2,0,1,0,0,0,0,0.6129032258064516,0.3064516129032258,0.03225806451612903,0.0,0.0,0.0,0.03225806451612903,0.0,0.016129032258064516,0.0,0.0,0.0,0.0
1243,0346639,Adenoma low grade,0.057519230991601944,0.057519230991601944,62,0.9452091539314783,37,13,1,6,0,0,3,0,1,0,0,0,1,0.5967741935483871,0.20967741935483872,0.016129032258064516,0.0967741935483871,0.0,0.0,0.04838709677419355,0.0,0.016129032258064516,0.0,0.0,0.0,0.016129032258064516
1243,0361043,Adenoma low grade,0.02436155639588833,0.02436155639588833,59,0.966373719595889,32,17,4,0,0,0,5,0,0,0,0,0,1,0.5423728813559322,0.288135593220339,0.06779661016949153,0.0,0.0,0.0,0.0847457627118644,0.0,0.0,0.0,0.0,0.0,0.01694915254237288
1243,0441564,Adenoma low grade,0.04620775580406189,0.04620775580406189,71,0.9180031017780806,44,15,4,3,0,0,4,0,0,0,0,0,1,0.6197183098591549,0.2112676056338028,0.056338028169014086,0.04225352112676056,0.0,0.0,0.056338028169014086,0.0,0.0,0.0,0.0,0.0,0.014084507042253521
1243,0516011,Adenoma low grade,0.03474399819970131,0.03474399819970131,57,0.9647652909187694,47,1,6,0,0,0,3,0,0,0,0,0,0,0.8245614035087719,0.017543859649122806,0.10526315789473684,0.0,0.0,0.0,0.05263157894736842,0.0,0.0,0.0,0.0,0.0,0.0
1243,0654506,Adenoma low grade,0.025628529489040375,0.025628529489040375,52,0.9417829237805427,2,21,9,1,0,0,0,0,0,0,19,0,0,0.038461538461538464,0.40384615384615385,0.17307692307692307,0.019230769230769232,0.0,0.0,0.0,0.0,0.0,0.0,0.36538461538461536,0.0,0.0
1243,0966660,Adenoma low grade,0.01722692884504795,0.01722692884504795,47,0.8924174815026696,24,5,1,7,0,3,2,0,3,1,0,0,1,0.5106382978723404,0.10638297872340426,0.02127659574468085,0.14893617021276595,0.0,0.06382978723404255,0.0425531914893617,0.0,0.06382978723404255,0.02127659574468085,0.0,0.0,0.02127659574468085
1243,0967146,Adenoma low grade,0.08424655348062515,0.08424655348062515,81,0.9803071774933725,79,0,1,0,0,0,0,1,0,0,0,0,0,0.9753086419753086,0.0,0.012345679012345678,0.0,0.0,0.0,0.0,0.012345679012345678,0.0,0.0,0.0,0.0,0.0
1243,1012474,Adenoma low grade,0.029968583956360817,0.029968583956360817,11,0.8988027563189455,1,3,2,0,0,0,0,0,5,0,0,0,0,0.09090909090909091,0.2727272727272727,0.18181818181818182,0.0,0.0,0.0,0.0,0.0,0.45454545454545453,0.0,0.0,0.0,0.0
1243,1027559,Adenoma low grade,0.030029498040676117,0.030029498040676117,68,0.9530511968303723,41,14,2,4,0,2,5,0,0,0,0,0,0,0.6029411764705882,0.20588235294117646,0.029411764705882353,0.058823529411764705,0.0,0.029411764705882353,0.07352941176470588,0.0,0.0,0.0,0.0,0.0,0.0
1243,1030657,Adenoma low grade,0.020840933546423912,0.020840933546423912,57,0.9989034999742548,50,5,1,0,0,0,1,0,0,0,0,0,0,0.8771929824561403,0.08771929824561403,0.017543859649122806,0.0,0.0,0.0,0.017543859649122806,0.0,0.0,0.0,0.0,0.0,0.0
1247,0155060,Adenoma low grade,0.022827178239822388,0.022827178239822388,16,0.9759797786961223,9,0,2,0,0,0,0,0,0,0,5,0,0,0.5625,0.0,0.125,0.0,0.0,0.0,0.0,0.0,0.0,0.0,0.3125,0.0,0.0
1247,0467751,Adenoma low grade,0.04295016825199127,0.04295016825199127,58,0.9913576297599485,47,0,10,0,0,0,0,0,1,0,0,0,0,0.8103448275862069,0.0,0.1724137931034483,0.0,0.0,0.0,0.0,0.0,0.017241379310344827,0.0,0.0,0.0,0.0
1247,0532791,Adenoma low grade,0.027085179463028908,0.027085179463028908,32,0.9869980690446043,31,0,1,0,0,0,0,0,0,0,0,0,0,0.96875,0.0,0.03125,0.0,0.0,0.0,0.0,0.0,0.0,0.0,0.0,0.0,0.0
1247,0596528,Adenoma low grade,0.012318200431764126,0.012318200431764126,58,0.9130378187421798,32,0,10,1,0,1,1,0,2,0,11,0,0,0.5517241379310345,0.0,0.1724137931034483,0.017241379310344827,0.0,0.017241379310344827,0.017241379310344827,0.0,0.034482758620689655,0.0,0.1896551724137931,0.0,0.0
1247,0933027,Adenoma low grade,0.01680770143866539,0.01680770143866539,33,0.8919097772578307,24,0,1,0,0,0,0,0,0,0,8,0,0,0.7272727272727273,0.0,0.030303030303030304,0.0,0.0,0.0,0.0,0.0,0.0,0.0,0.24242424242424243,0.0,0.0
1247,1006570,Adenoma low grade,0.028059901669621468,0.028059901669621468,15,0.9905993192707745,12,1,2,0,0,0,0,0,0,0,0,0,0,0.8,0.06666666666666667,0.13333333333333333,0.0,0.0,0.0,0.0,0.0,0.0,0.0,0.0,0.0,0.0
1259,0105107,Adenoma low grade,0.027047939598560333,0.027047939598560333,16,0.9729547084425071,6,0,8,0,0,0,0,0,2,0,0,0,0,0.375,0.0,0.5,0.0,0.0,0.0,0.0,0.0,0.125,0.0,0.0,0.0,0.0
1259,0361215,Adenoma low grade,0.029359061270952225,0.029359061270952225,44,0.9665188997898512,32,0,2,0,0,0,0,2,6,0,0,1,1,0.7272727272727273,0.0,0.045454545454545456,0.0,0.0,0.0,0.0,0.045454545454545456,0.13636363636363635,0.0,0.0,0.022727272727272728,0.022727272727272728
1259,0584700,Adenoma low grade,0.02465953677892685,0.02465953677892685,52,0.9594766644844579,31,2,13,0,0,0,2,0,3,0,0,1,0,0.5961538461538461,0.038461538461538464,0.25,0.0,0.0,0.0,0.038461538461538464,0.0,0.057692307692307696,0.0,0.0,0.019230769230769232,0.0
1259,0586497,Adenoma low grade,0.025378970429301262,0.025378970429301262,61,0.9216202215316623,38,2,15,1,0,1,0,1,1,0,0,1,1,0.6229508196721312,0.03278688524590164,0.2459016393442623,0.01639344262295082,0.0,0.01639344262295082,0.0,0.01639344262295082,0.01639344262295082,0.0,0.0,0.01639344262295082,0.01639344262295082
1259,0963380,Adenoma low grade,0.05427759885787964,0.05427759885787964,26,0.9999999917188435,26,0,0,0,0,0,0,0,0,0,0,0,0,1.0,0.0,0.0,0.0,0.0,0.0,0.0,0.0,0.0,0.0,0.0,0.0,0.0
1268,0282420,Adenoma low grade,0.046695783734321594,0.046695783734321594,57,0.8996884002053364,30,16,6,3,0,0,0,0,2,0,0,0,0,0.5263157894736842,0.2807017543859649,0.10526315789473684,0.05263157894736842,0.0,0.0,0.0,0.0,0.03508771929824561,0.0,0.0,0.0,0.0
1268,0598996,Adenoma low grade,0.04388105869293213,0.04388105869293213,49,0.9926442030287286,46,1,2,0,0,0,0,0,0,0,0,0,0,0.9387755102040817,0.02040816326530612,0.04081632653061224,0.0,0.0,0.0,0.0,0.0,0.0,0.0,0.0,0.0,0.0
1268,0627954,Adenoma low grade,0.014586921781301498,0.014586921781301498,20,0.8666030805285629,15,0,2,3,0,0,0,0,0,0,0,0,0,0.75,0.0,0.1,0.15,0.0,0.0,0.0,0.0,0.0,0.0,0.0,0.0,0.0
1268,0702700,Adenoma low grade,0.048651546239852905,0.048651546239852905,52,0.9325367038657926,47,0,4,1,0,0,0,0,0,0,0,0,0,0.9038461538461539,0.0,0.07692307692307693,0.019230769230769232,0.0,0.0,0.0,0.0,0.0,0.0,0.0,0.0,0.0
1268,0843430,Adenoma low grade,0.014266805723309517,0.014266805723309517,31,0.9901697776634173,29,0,2,0,0,0,0,0,0,0,0,0,0,0.9354838709677419,0.0,0.06451612903225806,0.0,0.0,0.0,0.0,0.0,0.0,0.0,0.0,0.0,0.0
1268,0846966,Adenoma low grade,0.050667084753513336,0.050667084753513336,57,0.9548079151907981,30,14,2,0,0,2,4,0,4,0,0,0,1,0.5263157894736842,0.24561403508771928,0.03508771929824561,0.0,0.0,0.03508771929824561,0.07017543859649122,0.0,0.07017543859649122,0.0,0.0,0.0,0.017543859649122806
1268,0859661,Adenoma low grade,0.04476658254861832,0.04476658254861832,18,0.9707471087880748,17,0,0,0,0,0,0,0,1,0,0,0,0,0.9444444444444444,0.0,0.0,0.0,0.0,0.0,0.0,0.0,0.05555555555555555,0.0,0.0,0.0,0.0
1270,0008446,Adenoma low grade,0.01446653064340353,0.01446653064340353,55,0.9439654097882242,27,12,8,0,0,0,6,0,0,0,0,2,0,0.4909090909090909,0.21818181818181817,0.14545454545454545,0.0,0.0,0.0,0.10909090909090909,0.0,0.0,0.0,0.0,0.03636363636363636,0.0
1270,0064585,Adenoma low grade,0.032744623720645905,0.032744623720645905,37,0.9909620786577378,24,0,4,0,0,0,2,0,6,0,0,0,1,0.6486486486486487,0.0,0.10810810810810811,0.0,0.0,0.0,0.05405405405405406,0.0,0.16216216216216217,0.0,0.0,0.0,0.02702702702702703
1270,0137095,Adenoma low grade,0.06846878677606583,0.06846878677606583,28,0.9996410555756519,28,0,0,0,0,0,0,0,0,0,0,0,0,1.0,0.0,0.0,0.0,0.0,0.0,0.0,0.0,0.0,0.0,0.0,0.0,0.0
1270,0273899,Adenoma low grade,0.02347465790808201,0.02347465790808201,24,0.9908414451240208,21,0,2,0,0,0,1,0,0,0,0,0,0,0.875,0.0,0.08333333333333333,0.0,0.0,0.0,0.041666666666666664,0.0,0.0,0.0,0.0,0.0,0.0
1270,0411175,Adenoma low grade,0.043899014592170715,0.043899014592170715,52,0.9805926229162458,47,0,2,0,0,0,2,0,0,0,0,1,0,0.9038461538461539,0.0,0.038461538461538464,0.0,0.0,0.0,0.038461538461538464,0.0,0.0,0.0,0.0,0.019230769230769232,0.0
1270,0440647,Adenoma low grade,0.04372395947575569,0.04372395947575569,40,0.9853059399576944,40,0,0,0,0,0,0,0,0,0,0,0,0,1.0,0.0,0.0,0.0,0.0,0.0,0.0,0.0,0.0,0.0,0.0,0.0,0.0
1270,0626441,Adenoma low grade,0.09709785878658295,0.09709785878658295,30,0.986423062688396,28,0,0,0,0,0,0,0,0,0,0,2,0,0.9333333333333333,0.0,0.0,0.0,0.0,0.0,0.0,0.0,0.0,0.0,0.0,0.06666666666666667,0.0
1270,1020588,Adenoma low grade,0.06343862414360046,0.06343862414360046,50,0.9438775018976099,42,4,1,1,0,0,0,0,1,0,0,1,0,0.84,0.08,0.02,0.02,0.0,0.0,0.0,0.0,0.02,0.0,0.0,0.02,0.0
1274,0523935,Adenoma low grade,0.013016502372920513,0.013016502372920513,29,0.9664278918585164,16,5,6,0,0,0,1,0,0,0,1,0,0,0.5517241379310345,0.1724137931034483,0.20689655172413793,0.0,0.0,0.0,0.034482758620689655,0.0,0.0,0.0,0.034482758620689655,0.0,0.0
1281,0149513,Adenoma low grade,0.0408669114112854,0.0408669114112854,19,0.8548864661323039,9,0,4,1,0,0,3,0,0,0,2,0,0,0.47368421052631576,0.0,0.21052631578947367,0.05263157894736842,0.0,0.0,0.15789473684210525,0.0,0.0,0.0,0.10526315789473684,0.0,0.0
1281,0200049,Adenoma low grade,0.030933555215597153,0.030933555215597153,39,0.875424403653201,7,4,14,0,0,0,3,0,0,0,11,0,0,0.1794871794871795,0.10256410256410256,0.358974358974359,0.0,0.0,0.0,0.07692307692307693,0.0,0.0,0.0,0.28205128205128205,0.0,0.0
1281,0552947,Adenoma low grade,0.030324188992381096,0.030324188992381096,1,0.9999999761904769,1,0,0,0,0,0,0,0,0,0,0,0,0,1.0,0.0,0.0,0.0,0.0,0.0,0.0,0.0,0.0,0.0,0.0,0.0,0.0
1303,0179784,Adenoma low grade,0.014331119135022163,0.014331119135022163,35,0.9491536178329394,28,0,7,0,0,0,0,0,0,0,0,0,0,0.8,0.0,0.2,0.0,0.0,0.0,0.0,0.0,0.0,0.0,0.0,0.0,0.0
1303,0307135,Adenoma low grade,0.022420501336455345,0.022420501336455345,103,0.9578534449539359,38,47,4,2,0,0,3,0,0,0,8,0,1,0.36893203883495146,0.4563106796116505,0.038834951456310676,0.019417475728155338,0.0,0.0,0.02912621359223301,0.0,0.0,0.0,0.07766990291262135,0.0,0.009708737864077669
1303,0564448,Adenoma low grade,0.01672009378671646,0.01672009378671646,79,0.874388213433371,27,0,2,0,0,0,0,0,3,0,47,0,0,0.34177215189873417,0.0,0.02531645569620253,0.0,0.0,0.0,0.0,0.0,0.0379746835443038,0.0,0.5949367088607594,0.0,0.0
1303,0569320,Adenoma low grade,0.04007229954004288,0.04007229954004288,25,0.9906766839626268,18,3,1,0,0,0,3,0,0,0,0,0,0,0.72,0.12,0.04,0.0,0.0,0.0,0.12,0.0,0.0,0.0,0.0,0.0,0.0
1303,0625166,Adenoma low grade,0.04213416203856468,0.04213416203856468,67,0.9151995923055104,57,0,3,0,0,0,0,0,0,0,6,0,1,0.8507462686567164,0.0,0.04477611940298507,0.0,0.0,0.0,0.0,0.0,0.0,0.0,0.08955223880597014,0.0,0.014925373134328358
1303,0860674,Adenoma low grade,0.028095891699194908,0.028095891699194908,58,0.8527587731903735,19,2,12,1,0,0,3,0,0,0,21,0,0,0.3275862068965517,0.034482758620689655,0.20689655172413793,0.017241379310344827,0.0,0.0,0.05172413793103448,0.0,0.0,0.0,0.3620689655172414,0.0,0.0
1303,0991558,Adenoma low grade,0.01293741725385189,0.01293741725385189,83,0.9810933898637917,41,37,4,0,0,0,1,0,0,0,0,0,0,0.4939759036144578,0.4457831325301205,0.04819277108433735,0.0,0.0,0.0,0.012048192771084338,0.0,0.0,0.0,0.0,0.0,0.0
1325,0895384,Adenoma low grade,0.06214889883995056,0.06214889883995056,40,0.9883322205114453,30,0,1,0,0,0,2,0,5,0,0,0,2,0.75,0.0,0.025,0.0,0.0,0.0,0.05,0.0,0.125,0.0,0.0,0.0,0.05
1332,0421995,Adenoma low grade,0.032090578228235245,0.032090578228235245,65,0.958748881410283,55,0,5,1,0,0,2,0,2,0,0,0,0,0.8461538461538461,0.0,0.07692307692307693,0.015384615384615385,0.0,0.0,0.03076923076923077,0.0,0.03076923076923077,0.0,0.0,0.0,0.0
1336,0232295,Adenoma low grade,0.03201087936758995,0.03201087936758995,25,0.7925026088536208,10,3,1,0,0,0,1,0,0,0,10,0,0,0.4,0.12,0.04,0.0,0.0,0.0,0.04,0.0,0.0,0.0,0.4,0.0,0.0
1336,0257171,Adenoma low grade,0.027252933010458946,0.027252933010458946,50,0.8962396821349994,28,1,1,2,0,0,1,0,1,0,16,0,0,0.56,0.02,0.02,0.04,0.0,0.0,0.02,0.0,0.02,0.0,0.32,0.0,0.0
1336,0493700,Adenoma low grade,0.022974001243710518,0.022974001243710518,62,0.9768902630437296,53,0,7,0,0,0,1,0,0,0,0,0,1,0.8548387096774194,0.0,0.11290322580645161,0.0,0.0,0.0,0.016129032258064516,0.0,0.0,0.0,0.0,0.0,0.016129032258064516
1348,0272494,Adenoma low grade,0.04196849837899208,0.04196849837899208,55,0.9303459237026257,25,0,23,0,0,0,0,0,0,0,7,0,0,0.45454545454545453,0.0,0.41818181818181815,0.0,0.0,0.0,0.0,0.0,0.0,0.0,0.12727272727272726,0.0,0.0
1348,0334107,Adenoma low grade,0.04163274168968201,0.04163274168968201,47,0.9725034341911769,0,0,22,0,0,0,0,0,0,0,25,0,0,0.0,0.0,0.46808510638297873,0.0,0.0,0.0,0.0,0.0,0.0,0.0,0.5319148936170213,0.0,0.0
1348,0685057,Adenoma low grade,0.03728070855140686,0.03728070855140686,37,0.9101569648405364,27,4,3,0,0,0,1,0,0,0,2,0,0,0.7297297297297297,0.10810810810810811,0.08108108108108109,0.0,0.0,0.0,0.02702702702702703,0.0,0.0,0.0,0.05405405405405406,0.0,0.0
1348,0759023,Adenoma low grade,0.026614882051944733,0.026614882051944733,24,0.9231370959519364,7,0,4,0,0,0,3,0,0,0,10,0,0,0.2916666666666667,0.0,0.16666666666666666,0.0,0.0,0.0,0.125,0.0,0.0,0.0,0.4166666666666667,0.0,0.0
1348,0770099,Adenoma low grade,0.026847509667277336,0.026847509667277336,27,0.8923919855028198,23,0,0,0,0,0,0,0,0,0,4,0,0,0.8518518518518519,0.0,0.0,0.0,0.0,0.0,0.0,0.0,0.0,0.0,0.14814814814814814,0.0,0.0
1348,0920562,Adenoma low grade,0.031076647341251373,0.031076647341251373,63,0.8707883468612109,32,16,2,0,0,0,0,0,0,0,10,0,3,0.5079365079365079,0.25396825396825395,0.031746031746031744,0.0,0.0,0.0,0.0,0.0,0.0,0.0,0.15873015873015872,0.0,0.047619047619047616
1354,0350026,Adenoma low grade,0.09435972571372986,0.09435972571372986,83,0.9999999899533947,83,0,0,0,0,0,0,0,0,0,0,0,0,1.0,0.0,0.0,0.0,0.0,0.0,0.0,0.0,0.0,0.0,0.0,0.0,0.0
1366,0292241,Adenoma low grade,0.044287677854299545,0.044287677854299545,12,0.9685878247633241,8,0,0,0,0,0,0,0,4,0,0,0,0,0.6666666666666666,0.0,0.0,0.0,0.0,0.0,0.0,0.0,0.3333333333333333,0.0,0.0,0.0,0.0
1366,0380411,Adenoma low grade,0.026306163519620895,0.026306163519620895,41,0.9918725252091808,38,0,1,0,0,0,1,0,1,0,0,0,0,0.926829268292683,0.0,0.024390243902439025,0.0,0.0,0.0,0.024390243902439025,0.0,0.024390243902439025,0.0,0.0,0.0,0.0
1366,0772967,Adenoma low grade,0.04735580086708069,0.04735580086708069,65,0.9197774144093313,36,2,12,0,0,0,12,0,3,0,0,0,0,0.5538461538461539,0.03076923076923077,0.18461538461538463,0.0,0.0,0.0,0.18461538461538463,0.0,0.046153846153846156,0.0,0.0,0.0,0.0
1386,0015436,Adenoma low grade,0.007929488085210323,0.007929488085210323,46,0.900225047785987,33,1,2,0,0,0,1,0,0,0,9,0,0,0.717391304347826,0.021739130434782608,0.043478260869565216,0.0,0.0,0.0,0.021739130434782608,0.0,0.0,0.0,0.1956521739130435,0.0,0.0
1386,0214724,Adenoma low grade,0.006594597361981869,0.006594597361981869,38,0.964038919546596,31,2,2,0,0,0,0,0,0,0,3,0,0,0.8157894736842105,0.05263157894736842,0.05263157894736842,0.0,0.0,0.0,0.0,0.0,0.0,0.0,0.07894736842105263,0.0,0.0
1386,0609329,Adenoma low grade,0.012393941171467304,0.012393941171467304,35,0.9884616229733652,35,0,0,0,0,0,0,0,0,0,0,0,0,1.0,0.0,0.0,0.0,0.0,0.0,0.0,0.0,0.0,0.0,0.0,0.0,0.0
1386,0644661,Adenoma low grade,0.027056964114308357,0.027056964114308357,61,0.8891803458049462,20,10,1,13,2,0,5,0,0,0,8,0,2,0.32786885245901637,0.16393442622950818,0.01639344262295082,0.21311475409836064,0.03278688524590164,0.0,0.08196721311475409,0.0,0.0,0.0,0.13114754098360656,0.0,0.03278688524590164
1386,0801495,Adenoma low grade,0.012500221841037273,0.012500221841037273,40,0.9817991352420951,26,8,3,0,0,0,3,0,0,0,0,0,0,0.65,0.2,0.075,0.0,0.0,0.0,0.075,0.0,0.0,0.0,0.0,0.0,0.0
1386,0810249,Adenoma low grade,0.00926702655851841,0.00926702655851841,52,0.9490004280008347,36,3,2,4,0,0,4,0,2,0,0,0,1,0.6923076923076923,0.057692307692307696,0.038461538461538464,0.07692307692307693,0.0,0.0,0.07692307692307693,0.0,0.038461538461538464,0.0,0.0,0.0,0.019230769230769232
1386,0816271,Adenoma low grade,0.02059355191886425,0.02059355191886425,12,0.893955237573858,7,2,2,0,0,0,1,0,0,0,0,0,0,0.5833333333333334,0.16666666666666666,0.16666666666666666,0.0,0.0,0.0,0.08333333333333333,0.0,0.0,0.0,0.0,0.0,0.0
1386,0867123,Adenoma low grade,0.010503309778869152,0.010503309778869152,45,0.9467826456542383,21,8,4,5,1,0,4,0,2,0,0,0,0,0.4666666666666667,0.17777777777777778,0.08888888888888889,0.1111111111111111,0.022222222222222223,0.0,0.08888888888888889,0.0,0.044444444444444446,0.0,0.0,0.0,0.0
1388,0492207,Adenoma low grade,0.046609438955783844,0.046609438955783844,57,0.8720402376488591,16,16,5,5,0,0,6,0,2,0,7,0,0,0.2807017543859649,0.2807017543859649,0.08771929824561403,0.08771929824561403,0.0,0.0,0.10526315789473684,0.0,0.03508771929824561,0.0,0.12280701754385964,0.0,0.0
1388,1005329,Adenoma low grade,0.032866526395082474,0.032866526395082474,34,0.9531917414738806,23,0,6,0,0,0,0,0,0,0,5,0,0,0.6764705882352942,0.0,0.17647058823529413,0.0,0.0,0.0,0.0,0.0,0.0,0.0,0.14705882352941177,0.0,0.0
1391,0109479,Adenoma low grade,0.03755675628781319,0.03755675628781319,21,0.9378102264778777,2,3,11,1,0,0,3,0,0,0,0,0,1,0.09523809523809523,0.14285714285714285,0.5238095238095238,0.047619047619047616,0.0,0.0,0.14285714285714285,0.0,0.0,0.0,0.0,0.0,0.047619047619047616
1391,0186698,Adenoma low grade,0.020228901877999306,0.020228901877999306,15,0.8550366821810226,12,0,0,1,0,0,0,0,0,0,1,0,1,0.8,0.0,0.0,0.06666666666666667,0.0,0.0,0.0,0.0,0.0,0.0,0.06666666666666667,0.0,0.06666666666666667
1391,0630850,Adenoma low grade,0.020348085090517998,0.020348085090517998,28,0.892435279822613,11,4,3,4,1,1,1,0,1,0,0,1,1,0.39285714285714285,0.14285714285714285,0.10714285714285714,0.14285714285714285,0.03571428571428571,0.03571428571428571,0.03571428571428571,0.0,0.03571428571428571,0.0,0.0,0.03571428571428571,0.03571428571428571
1391,0823126,Adenoma low grade,0.025398584082722664,0.025398584082722664,31,0.9493870617311755,14,2,3,0,0,0,6,0,0,0,6,0,0,0.45161290322580644,0.06451612903225806,0.0967741935483871,0.0,0.0,0.0,0.1935483870967742,0.0,0.0,0.0,0.1935483870967742,0.0,0.0
1391,0993103,Adenoma low grade,0.03857211023569107,0.03857211023569107,7,0.6859497289062005,5,0,0,0,0,0,1,0,0,0,1,0,0,0.7142857142857143,0.0,0.0,0.0,0.0,0.0,0.14285714285714285,0.0,0.0,0.0,0.14285714285714285,0.0,0.0
1405,0009040,Adenoma low grade,0.029509512707591057,0.029509512707591057,23,0.9733241061473202,19,0,1,0,0,0,0,0,2,0,1,0,0,0.8260869565217391,0.0,0.043478260869565216,0.0,0.0,0.0,0.0,0.0,0.08695652173913043,0.0,0.043478260869565216,0.0,0.0
1405,0206612,Adenoma low grade,0.022571679204702377,0.022571679204702377,21,0.9281001842264526,6,3,4,0,0,0,0,0,6,2,0,0,0,0.2857142857142857,0.14285714285714285,0.19047619047619047,0.0,0.0,0.0,0.0,0.0,0.2857142857142857,0.09523809523809523,0.0,0.0,0.0
1405,0336032,Adenoma low grade,0.02334541082382202,0.02334541082382202,27,0.9718457484034874,5,15,1,0,1,0,1,0,4,0,0,0,0,0.18518518518518517,0.5555555555555556,0.037037037037037035,0.0,0.037037037037037035,0.0,0.037037037037037035,0.0,0.14814814814814814,0.0,0.0,0.0,0.0
1405,0389994,Adenoma low grade,0.021894751116633415,0.021894751116633415,42,0.9823770516983397,40,1,1,0,0,0,0,0,0,0,0,0,0,0.9523809523809523,0.023809523809523808,0.023809523809523808,0.0,0.0,0.0,0.0,0.0,0.0,0.0,0.0,0.0,0.0
1405,0486876,Adenoma low grade,0.014275502413511276,0.014275502413511276,16,0.8996242568480524,10,0,2,0,0,0,0,0,1,0,3,0,0,0.625,0.0,0.125,0.0,0.0,0.0,0.0,0.0,0.0625,0.0,0.1875,0.0,0.0
1405,0590460,Adenoma low grade,0.031736355274915695,0.031736355274915695,35,0.8212397068968623,18,1,0,1,0,0,0,0,0,0,15,0,0,0.5142857142857142,0.02857142857142857,0.0,0.02857142857142857,0.0,0.0,0.0,0.0,0.0,0.0,0.42857142857142855,0.0,0.0
1405,0660454,Adenoma low grade,0.02025618776679039,0.02025618776679039,37,0.8323744630765949,17,0,5,0,0,0,0,0,1,0,14,0,0,0.4594594594594595,0.0,0.13513513513513514,0.0,0.0,0.0,0.0,0.0,0.02702702702702703,0.0,0.3783783783783784,0.0,0.0
1405,0770037,Adenoma low grade,0.014075728133320808,0.014075728133320808,97,0.8885424780471624,41,26,6,16,0,0,0,0,0,0,8,0,0,0.422680412371134,0.26804123711340205,0.061855670103092786,0.16494845360824742,0.0,0.0,0.0,0.0,0.0,0.0,0.08247422680412371,0.0,0.0
1405,0908066,Adenoma low grade,0.029253041371703148,0.029253041371703148,61,0.8943416065000548,31,6,5,16,0,0,3,0,0,0,0,0,0,0.5081967213114754,0.09836065573770492,0.08196721311475409,0.26229508196721313,0.0,0.0,0.04918032786885246,0.0,0.0,0.0,0.0,0.0,0.0
1406,0144956,Adenoma low grade,0.05871444568037987,0.05871444568037987,29,0.9999999907994637,27,0,2,0,0,0,0,0,0,0,0,0,0,0.9310344827586207,0.0,0.06896551724137931,0.0,0.0,0.0,0.0,0.0,0.0,0.0,0.0,0.0,0.0
1406,0526397,Adenoma low grade,0.028179382905364037,0.028179382905364037,33,0.9728938786109609,22,1,7,0,0,0,1,0,1,0,0,0,1,0.6666666666666666,0.030303030303030304,0.21212121212121213,0.0,0.0,0.0,0.030303030303030304,0.0,0.030303030303030304,0.0,0.0,0.0,0.030303030303030304
1406,0732147,Adenoma low grade,0.02148190513253212,0.02148190513253212,14,0.994145189700227,9,1,4,0,0,0,0,0,0,0,0,0,0,0.6428571428571429,0.07142857142857142,0.2857142857142857,0.0,0.0,0.0,0.0,0.0,0.0,0.0,0.0,0.0,0.0
1454,0492200,Adenoma low grade,0.057819075882434845,0.057819075882434845,45,0.9662495167535571,36,0,3,0,0,0,3,0,3,0,0,0,0,0.8,0.0,0.06666666666666667,0.0,0.0,0.0,0.06666666666666667,0.0,0.06666666666666667,0.0,0.0,0.0,0.0
1466,0011765,Adenoma low grade,0.024774784222245216,0.024774784222245216,53,0.9937972804895234,42,2,9,0,0,0,0,0,0,0,0,0,0,0.7924528301886793,0.03773584905660377,0.16981132075471697,0.0,0.0,0.0,0.0,0.0,0.0,0.0,0.0,0.0,0.0
1466,0202454,Adenoma low grade,0.014939668588340282,0.014939668588340282,31,0.9201114607883514,26,0,0,0,0,0,0,0,0,0,5,0,0,0.8387096774193549,0.0,0.0,0.0,0.0,0.0,0.0,0.0,0.0,0.0,0.16129032258064516,0.0,0.0
1466,0636083,Adenoma low grade,0.02021363005042076,0.02021363005042076,44,0.9580604955574565,37,0,3,0,0,0,0,0,1,0,3,0,0,0.8409090909090909,0.0,0.06818181818181818,0.0,0.0,0.0,0.0,0.0,0.022727272727272728,0.0,0.06818181818181818,0.0,0.0
1466,0936658,Adenoma low grade,0.022671563550829887,0.022671563550829887,44,0.9999999930560709,43,0,1,0,0,0,0,0,0,0,0,0,0,0.9772727272727273,0.0,0.022727272727272728,0.0,0.0,0.0,0.0,0.0,0.0,0.0,0.0,0.0,0.0
1466,1013359,Adenoma low grade,0.02109077200293541,0.02109077200293541,73,0.9418301949277259,43,6,5,14,0,0,4,0,0,0,1,0,0,0.589041095890411,0.0821917808219178,0.0684931506849315,0.1917808219178082,0.0,0.0,0.0547945205479452,0.0,0.0,0.0,0.0136986301369863,0.0,0.0
1473,0528457,Adenoma low grade,0.01820927858352661,0.01820927858352661,53,0.9707642749479557,43,0,6,0,0,0,4,0,0,0,0,0,0,0.8113207547169812,0.0,0.11320754716981132,0.0,0.0,0.0,0.07547169811320754,0.0,0.0,0.0,0.0,0.0,0.0
1473,0725880,Adenoma low grade,0.012457836419343948,0.012457836419343948,40,0.9311429671858054,31,0,3,0,0,0,0,0,0,0,5,0,1,0.775,0.0,0.075,0.0,0.0,0.0,0.0,0.0,0.0,0.0,0.125,0.0,0.025
1473,0737167,Adenoma low grade,0.013044220395386219,0.013044220395386219,50,0.9417455676405203,29,6,10,2,0,0,3,0,0,0,0,0,0,0.58,0.12,0.2,0.04,0.0,0.0,0.06,0.0,0.0,0.0,0.0,0.0,0.0
1473,0988843,Adenoma low grade,0.05169485881924629,0.05169485881924629,62,0.9752842536508094,46,0,10,0,0,0,3,0,3,0,0,0,0,0.7419354838709677,0.0,0.16129032258064516,0.0,0.0,0.0,0.04838709677419355,0.0,0.04838709677419355,0.0,0.0,0.0,0.0
1512,0193089,Adenoma low grade,0.03232763335108757,0.03232763335108757,26,0.9331900540361092,16,1,4,0,0,0,0,0,5,0,0,0,0,0.6153846153846154,0.038461538461538464,0.15384615384615385,0.0,0.0,0.0,0.0,0.0,0.19230769230769232,0.0,0.0,0.0,0.0
1512,0239009,Adenoma low grade,0.029677389189600945,0.029677389189600945,23,0.9288117638604101,9,3,7,0,0,0,1,0,2,1,0,0,0,0.391304347826087,0.13043478260869565,0.30434782608695654,0.0,0.0,0.0,0.043478260869565216,0.0,0.08695652173913043,0.043478260869565216,0.0,0.0,0.0
1512,0286554,Adenoma low grade,0.04034169390797615,0.04034169390797615,29,0.9400124953669808,12,0,1,1,0,0,4,0,2,0,9,0,0,0.41379310344827586,0.0,0.034482758620689655,0.034482758620689655,0.0,0.0,0.13793103448275862,0.0,0.06896551724137931,0.0,0.3103448275862069,0.0,0.0
1527,0290860,Adenoma low grade,0.008199270814657211,0.008199270814657211,26,0.9344343056114841,22,0,2,0,0,0,0,0,0,0,2,0,0,0.8461538461538461,0.0,0.07692307692307693,0.0,0.0,0.0,0.0,0.0,0.0,0.0,0.07692307692307693,0.0,0.0
1527,0394885,Adenoma low grade,0.01646115630865097,0.01646115630865097,23,0.9375303077794763,20,1,1,0,0,0,0,0,0,0,1,0,0,0.8695652173913043,0.043478260869565216,0.043478260869565216,0.0,0.0,0.0,0.0,0.0,0.0,0.0,0.043478260869565216,0.0,0.0
1535,0026549,Adenoma low grade,0.051784392446279526,0.051784392446279526,53,0.9545660770303585,44,0,2,0,0,0,0,0,7,0,0,0,0,0.8301886792452831,0.0,0.03773584905660377,0.0,0.0,0.0,0.0,0.0,0.1320754716981132,0.0,0.0,0.0,0.0
1535,0194586,Adenoma low grade,0.024625860154628754,0.024625860154628754,26,0.9597878795757373,2,0,0,0,0,0,0,0,0,0,24,0,0,0.07692307692307693,0.0,0.0,0.0,0.0,0.0,0.0,0.0,0.0,0.0,0.9230769230769231,0.0,0.0
1535,0501780,Adenoma low grade,0.008767501451075077,0.008767501451075077,23,0.9475784597071233,15,0,4,0,0,0,0,0,4,0,0,0,0,0.6521739130434783,0.0,0.17391304347826086,0.0,0.0,0.0,0.0,0.0,0.17391304347826086,0.0,0.0,0.0,0.0
1535,0738825,Adenoma low grade,0.004523100331425667,0.004523100331425667,55,0.9384035781969898,39,0,7,0,0,0,0,0,1,0,8,0,0,0.7090909090909091,0.0,0.12727272727272726,0.0,0.0,0.0,0.0,0.0,0.01818181818181818,0.0,0.14545454545454545,0.0,0.0
1550,0068603,Adenoma low grade,0.03656655177474022,0.03656655177474022,89,0.9493635677069265,1,9,6,5,0,0,4,0,1,0,61,0,2,0.011235955056179775,0.10112359550561797,0.06741573033707865,0.056179775280898875,0.0,0.0,0.0449438202247191,0.0,0.011235955056179775,0.0,0.6853932584269663,0.0,0.02247191011235955
1550,0123455,Adenoma low grade,0.026993419975042343,0.026993419975042343,57,0.9332967987377286,8,4,7,0,0,0,5,0,5,0,28,0,0,0.14035087719298245,0.07017543859649122,0.12280701754385964,0.0,0.0,0.0,0.08771929824561403,0.0,0.08771929824561403,0.0,0.49122807017543857,0.0,0.0
1550,0395420,Adenoma low grade,0.038375552743673325,0.038375552743673325,42,0.921529962793926,6,0,6,0,0,0,1,0,0,0,29,0,0,0.14285714285714285,0.0,0.14285714285714285,0.0,0.0,0.0,0.023809523809523808,0.0,0.0,0.0,0.6904761904761905,0.0,0.0
1550,0552988,Adenoma low grade,0.022316692396998405,0.022316692396998405,47,0.9039685833835729,4,1,0,0,0,0,1,0,0,0,41,0,0,0.0851063829787234,0.02127659574468085,0.0,0.0,0.0,0.0,0.02127659574468085,0.0,0.0,0.0,0.8723404255319149,0.0,0.0
1565,0295050,Adenoma low grade,0.01938057690858841,0.01938057690858841,31,0.8285859987279001,15,3,1,0,0,0,0,0,0,0,12,0,0,0.4838709677419355,0.0967741935483871,0.03225806451612903,0.0,0.0,0.0,0.0,0.0,0.0,0.0,0.3870967741935484,0.0,0.0
1565,0657444,Adenoma low grade,0.024123676121234894,0.024123676121234894,31,0.8493396793467951,14,0,3,0,0,0,0,0,2,0,12,0,0,0.45161290322580644,0.0,0.0967741935483871,0.0,0.0,0.0,0.0,0.0,0.06451612903225806,0.0,0.3870967741935484,0.0,0.0
1577,0657784,Adenoma low grade,0.010810894891619682,0.010810894891619682,30,0.9427382977975349,25,2,3,0,0,0,0,0,0,0,0,0,0,0.8333333333333334,0.06666666666666667,0.1,0.0,0.0,0.0,0.0,0.0,0.0,0.0,0.0,0.0,0.0
1584,0881392,Adenoma low grade,0.03716035187244415,0.03716035187244415,20,0.8517770090883058,8,3,0,0,0,0,0,0,0,0,9,0,0,0.4,0.15,0.0,0.0,0.0,0.0,0.0,0.0,0.0,0.0,0.45,0.0,0.0
1602,0087582,Adenoma low grade,0.016178809106349945,0.016178809106349945,30,0.9568052970320969,9,1,10,0,0,0,1,0,0,0,9,0,0,0.3,0.03333333333333333,0.3333333333333333,0.0,0.0,0.0,0.03333333333333333,0.0,0.0,0.0,0.3,0.0,0.0
1615,0027729,Adenoma low grade,0.09593987464904785,0.09593987464904785,29,0.9709542459145591,28,1,0,0,0,0,0,0,0,0,0,0,0,0.9655172413793104,0.034482758620689655,0.0,0.0,0.0,0.0,0.0,0.0,0.0,0.0,0.0,0.0,0.0
1615,0482347,Adenoma low grade,0.0644398033618927,0.0644398033618927,34,0.9871171515835587,33,0,0,1,0,0,0,0,0,0,0,0,0,0.9705882352941176,0.0,0.0,0.029411764705882353,0.0,0.0,0.0,0.0,0.0,0.0,0.0,0.0,0.0
1629,0914196,Adenoma low grade,0.030235327780246735,0.030235327780246735,75,0.9540026428479439,54,8,9,0,1,0,0,0,2,0,1,0,0,0.72,0.10666666666666667,0.12,0.0,0.013333333333333334,0.0,0.0,0.0,0.02666666666666667,0.0,0.013333333333333334,0.0,0.0
1634,0300363,Adenoma low grade,0.03415293246507645,0.03415293246507645,38,0.9613016487306814,24,6,5,0,0,0,1,0,2,0,0,0,0,0.631578947368421,0.15789473684210525,0.13157894736842105,0.0,0.0,0.0,0.02631578947368421,0.0,0.05263157894736842,0.0,0.0,0.0,0.0
1667,0206722,Adenoma low grade,0.022439707070589066,0.022439707070589066,59,0.9650308032763172,37,3,6,0,0,0,4,0,6,2,0,1,0,0.6271186440677966,0.05084745762711865,0.1016949152542373,0.0,0.0,0.0,0.06779661016949153,0.0,0.1016949152542373,0.03389830508474576,0.0,0.01694915254237288,0.0
1667,0354414,Adenoma low grade,0.026063943281769753,0.026063943281769753,53,0.9176859963418917,5,3,2,2,0,0,1,0,0,14,25,0,1,0.09433962264150944,0.05660377358490566,0.03773584905660377,0.03773584905660377,0.0,0.0,0.018867924528301886,0.0,0.0,0.2641509433962264,0.4716981132075472,0.0,0.018867924528301886
1667,0898703,Adenoma low grade,0.04326198995113373,0.04326198995113373,68,0.921282326407342,7,10,9,0,0,0,2,0,0,9,31,0,0,0.10294117647058823,0.14705882352941177,0.1323529411764706,0.0,0.0,0.0,0.029411764705882353,0.0,0.0,0.1323529411764706,0.45588235294117646,0.0,0.0
0038,0099676,Adenoma high grade,0.15453208982944489,0.15453208982944489,27,0.994315683794506,26,0,0,0,0,0,0,0,0,0,0,0,1,0.9629629629629629,0.0,0.0,0.0,0.0,0.0,0.0,0.0,0.0,0.0,0.0,0.0,0.037037037037037035
0038,0133089,Adenoma high grade,0.15687976777553558,0.15687976777553558,31,0.9635064287434099,28,0,0,0,0,0,0,0,3,0,0,0,0,0.9032258064516129,0.0,0.0,0.0,0.0,0.0,0.0,0.0,0.0967741935483871,0.0,0.0,0.0,0.0
0038,0192424,Adenoma high grade,0.15094873309135437,0.15094873309135437,54,0.9979340818630861,53,0,0,0,0,0,0,0,0,0,0,1,0,0.9814814814814815,0.0,0.0,0.0,0.0,0.0,0.0,0.0,0.0,0.0,0.0,0.018518518518518517,0.0
0038,0208805,Adenoma high grade,0.15997204184532166,0.15997204184532166,50,0.9787349538095826,50,0,0,0,0,0,0,0,0,0,0,0,0,1.0,0.0,0.0,0.0,0.0,0.0,0.0,0.0,0.0,0.0,0.0,0.0,0.0
0038,0253462,Adenoma high grade,0.12370697408914566,0.12370697408914566,74,0.9409984827366611,24,28,2,14,0,0,5,0,1,0,0,0,0,0.32432432432432434,0.3783783783783784,0.02702702702702703,0.1891891891891892,0.0,0.0,0.06756756756756757,0.0,0.013513513513513514,0.0,0.0,0.0,0.0
0038,0317171,Adenoma high grade,0.15377160906791687,0.15377160906791687,39,0.9791406565783191,35,0,2,0,0,0,1,0,0,0,0,1,0,0.8974358974358975,0.0,0.05128205128205128,0.0,0.0,0.0,0.02564102564102564,0.0,0.0,0.0,0.0,0.02564102564102564,0.0
0038,0428218,Adenoma high grade,0.15232309699058533,0.15232309699058533,60,0.9821879552894155,59,0,0,0,0,0,0,0,0,0,0,0,1,0.9833333333333333,0.0,0.0,0.0,0.0,0.0,0.0,0.0,0.0,0.0,0.0,0.0,0.016666666666666666
0038,0457122,Adenoma high grade,0.14461812376976013,0.14461812376976013,72,0.9842817276854257,71,0,0,0,0,0,0,0,0,0,0,0,1,0.9861111111111112,0.0,0.0,0.0,0.0,0.0,0.0,0.0,0.0,0.0,0.0,0.0,0.013888888888888888
0038,0490664,Adenoma high grade,0.14903341233730316,0.14903341233730316,47,0.9830411608240587,42,0,0,0,0,0,4,0,1,0,0,0,0,0.8936170212765957,0.0,0.0,0.0,0.0,0.0,0.0851063829787234,0.0,0.02127659574468085,0.0,0.0,0.0,0.0
0038,0493717,Adenoma high grade,0.13593527674674988,0.13593527674674988,77,0.953592141515418,46,12,8,3,0,0,3,0,5,0,0,0,0,0.5974025974025974,0.15584415584415584,0.1038961038961039,0.03896103896103896,0.0,0.0,0.03896103896103896,0.0,0.06493506493506493,0.0,0.0,0.0,0.0
0038,0532219,Adenoma high grade,0.15786497294902802,0.15786497294902802,45,0.9880024161572063,45,0,0,0,0,0,0,0,0,0,0,0,0,1.0,0.0,0.0,0.0,0.0,0.0,0.0,0.0,0.0,0.0,0.0,0.0,0.0
0038,0566040,Adenoma high grade,0.15053561329841614,0.15053561329841614,27,0.9806383651023106,25,0,0,0,0,0,1,0,0,0,0,0,1,0.9259259259259259,0.0,0.0,0.0,0.0,0.0,0.037037037037037035,0.0,0.0,0.0,0.0,0.0,0.037037037037037035
0038,0572800,Adenoma high grade,0.14404314756393433,0.14404314756393433,65,0.9905891236208156,58,1,1,1,0,0,4,0,0,0,0,0,0,0.8923076923076924,0.015384615384615385,0.015384615384615385,0.015384615384615385,0.0,0.0,0.06153846153846154,0.0,0.0,0.0,0.0,0.0,0.0
0038,0636423,Adenoma high grade,0.14876867830753326,0.14876867830753326,34,0.9430312999504871,18,4,1,1,0,0,4,0,6,0,0,0,0,0.5294117647058824,0.11764705882352941,0.029411764705882353,0.029411764705882353,0.0,0.0,0.11764705882352941,0.0,0.17647058823529413,0.0,0.0,0.0,0.0
0038,0638117,Adenoma high grade,0.152546226978302,0.152546226978302,26,0.9999999945767967,26,0,0,0,0,0,0,0,0,0,0,0,0,1.0,0.0,0.0,0.0,0.0,0.0,0.0,0.0,0.0,0.0,0.0,0.0,0.0
0038,0653694,Adenoma high grade,0.14626751840114594,0.14626751840114594,99,0.9993474713511475,94,0,5,0,0,0,0,0,0,0,0,0,0,0.9494949494949495,0.0,0.050505050505050504,0.0,0.0,0.0,0.0,0.0,0.0,0.0,0.0,0.0,0.0
0038,0729830,Adenoma high grade,0.14550726115703583,0.14550726115703583,41,0.9920325139968228,41,0,0,0,0,0,0,0,0,0,0,0,0,1.0,0.0,0.0,0.0,0.0,0.0,0.0,0.0,0.0,0.0,0.0,0.0,0.0
0038,0734370,Adenoma high grade,0.15555007755756378,0.15555007755756378,54,0.9997161814547779,54,0,0,0,0,0,0,0,0,0,0,0,0,1.0,0.0,0.0,0.0,0.0,0.0,0.0,0.0,0.0,0.0,0.0,0.0,0.0
0038,0740760,Adenoma high grade,0.1547861546278,0.1547861546278,43,0.9733084277368662,43,0,0,0,0,0,0,0,0,0,0,0,0,1.0,0.0,0.0,0.0,0.0,0.0,0.0,0.0,0.0,0.0,0.0,0.0,0.0
0038,0758958,Adenoma high grade,0.14894108474254608,0.14894108474254608,41,0.9984457129703666,41,0,0,0,0,0,0,0,0,0,0,0,0,1.0,0.0,0.0,0.0,0.0,0.0,0.0,0.0,0.0,0.0,0.0,0.0,0.0
0038,0763276,Adenoma high grade,0.1319672167301178,0.1319672167301178,46,0.9877170290114236,41,1,2,0,0,0,2,0,0,0,0,0,0,0.8913043478260869,0.021739130434782608,0.043478260869565216,0.0,0.0,0.0,0.043478260869565216,0.0,0.0,0.0,0.0,0.0,0.0
0038,0793937,Adenoma high grade,0.1568881720304489,0.1568881720304489,56,0.9997902710388101,56,0,0,0,0,0,0,0,0,0,0,0,0,1.0,0.0,0.0,0.0,0.0,0.0,0.0,0.0,0.0,0.0,0.0,0.0,0.0
0038,0796564,Adenoma high grade,0.15612633526325226,0.15612633526325226,62,0.9877962181299018,62,0,0,0,0,0,0,0,0,0,0,0,0,1.0,0.0,0.0,0.0,0.0,0.0,0.0,0.0,0.0,0.0,0.0,0.0,0.0
0038,0891045,Adenoma high grade,0.14527983963489532,0.14527983963489532,59,0.9639161287749339,36,10,3,4,0,0,4,0,2,0,0,0,0,0.6101694915254238,0.1694915254237288,0.05084745762711865,0.06779661016949153,0.0,0.0,0.06779661016949153,0.0,0.03389830508474576,0.0,0.0,0.0,0.0
0038,0904032,Adenoma high grade,0.1535424292087555,0.1535424292087555,43,0.9751705823796611,43,0,0,0,0,0,0,0,0,0,0,0,0,1.0,0.0,0.0,0.0,0.0,0.0,0.0,0.0,0.0,0.0,0.0,0.0,0.0
0038,0933154,Adenoma high grade,0.14175376296043396,0.14175376296043396,68,0.9843679876084583,57,6,2,0,0,0,3,0,0,0,0,0,0,0.8382352941176471,0.08823529411764706,0.029411764705882353,0.0,0.0,0.0,0.04411764705882353,0.0,0.0,0.0,0.0,0.0,0.0
0038,0944034,Adenoma high grade,0.1269274652004242,0.1269274652004242,77,0.9473362873340974,54,4,4,3,0,0,7,1,3,0,0,1,0,0.7012987012987013,0.05194805194805195,0.05194805194805195,0.03896103896103896,0.0,0.0,0.09090909090909091,0.012987012987012988,0.03896103896103896,0.0,0.0,0.012987012987012988,0.0
0038,0963890,Adenoma high grade,0.17099955677986145,0.17099955677986145,29,0.9785608468013224,20,0,0,0,0,0,4,0,0,0,0,1,4,0.6896551724137931,0.0,0.0,0.0,0.0,0.0,0.13793103448275862,0.0,0.0,0.0,0.0,0.034482758620689655,0.13793103448275862
0038,1038960,Adenoma high grade,0.17013205587863922,0.17013205587863922,67,0.9929148156237698,66,0,0,0,0,0,0,0,0,0,0,1,0,0.9850746268656716,0.0,0.0,0.0,0.0,0.0,0.0,0.0,0.0,0.0,0.0,0.014925373134328358,0.0
0075,0011636,Adenoma high grade,0.1380033642053604,0.1380033642053604,54,0.9974417432078282,54,0,0,0,0,0,0,0,0,0,0,0,0,1.0,0.0,0.0,0.0,0.0,0.0,0.0,0.0,0.0,0.0,0.0,0.0,0.0
0075,0014612,Adenoma high grade,0.08371693640947342,0.08371693640947342,35,0.9003527272743508,13,5,11,0,0,1,1,0,1,2,0,0,1,0.37142857142857144,0.14285714285714285,0.3142857142857143,0.0,0.0,0.02857142857142857,0.02857142857142857,0.0,0.02857142857142857,0.05714285714285714,0.0,0.0,0.02857142857142857
0075,0021705,Adenoma high grade,0.12788233160972595,0.12788233160972595,13,0.9725283666851238,12,0,0,0,0,0,0,0,0,0,0,1,0,0.9230769230769231,0.0,0.0,0.0,0.0,0.0,0.0,0.0,0.0,0.0,0.0,0.07692307692307693,0.0
0075,0038207,Adenoma high grade,0.10503466427326202,0.10503466427326202,28,0.9659077637787968,23,3,2,0,0,0,0,0,0,0,0,0,0,0.8214285714285714,0.10714285714285714,0.07142857142857142,0.0,0.0,0.0,0.0,0.0,0.0,0.0,0.0,0.0,0.0
0075,0040995,Adenoma high grade,0.1224452406167984,0.1224452406167984,23,0.9267807526865942,21,0,1,1,0,0,0,0,0,0,0,0,0,0.9130434782608695,0.0,0.043478260869565216,0.043478260869565216,0.0,0.0,0.0,0.0,0.0,0.0,0.0,0.0,0.0
0075,0046722,Adenoma high grade,0.13782714307308197,0.13782714307308197,30,0.9743591041726879,21,0,6,0,0,0,0,0,3,0,0,0,0,0.7,0.0,0.2,0.0,0.0,0.0,0.0,0.0,0.1,0.0,0.0,0.0,0.0
0075,0057079,Adenoma high grade,0.14564600586891174,0.14564600586891174,55,0.9644778283169209,55,0,0,0,0,0,0,0,0,0,0,0,0,1.0,0.0,0.0,0.0,0.0,0.0,0.0,0.0,0.0,0.0,0.0,0.0,0.0
0075,0099760,Adenoma high grade,0.14724145829677582,0.14724145829677582,50,0.9452764723658246,50,0,0,0,0,0,0,0,0,0,0,0,0,1.0,0.0,0.0,0.0,0.0,0.0,0.0,0.0,0.0,0.0,0.0,0.0,0.0
0075,0121355,Adenoma high grade,0.09692473709583282,0.09692473709583282,63,0.9675406957843274,51,4,6,0,0,0,2,0,0,0,0,0,0,0.8095238095238095,0.06349206349206349,0.09523809523809523,0.0,0.0,0.0,0.031746031746031744,0.0,0.0,0.0,0.0,0.0,0.0
0075,0158536,Adenoma high grade,0.13192281126976013,0.13192281126976013,45,0.9686194881144096,41,3,0,0,0,0,0,0,0,0,0,0,1,0.9111111111111111,0.06666666666666667,0.0,0.0,0.0,0.0,0.0,0.0,0.0,0.0,0.0,0.0,0.022222222222222223
0075,0181532,Adenoma high grade,0.13317476212978363,0.13317476212978363,26,0.9276568276383084,22,0,3,0,0,0,0,0,1,0,0,0,0,0.8461538461538461,0.0,0.11538461538461539,0.0,0.0,0.0,0.0,0.0,0.038461538461538464,0.0,0.0,0.0,0.0
0075,0209704,Adenoma high grade,0.13130831718444824,0.13130831718444824,53,0.9569251830260175,38,4,5,0,0,0,2,0,3,0,0,0,1,0.7169811320754716,0.07547169811320754,0.09433962264150944,0.0,0.0,0.0,0.03773584905660377,0.0,0.05660377358490566,0.0,0.0,0.0,0.018867924528301886
0075,0219684,Adenoma high grade,0.13064560294151306,0.13064560294151306,41,0.9692577847115096,27,3,1,0,0,1,1,0,3,0,0,0,5,0.6585365853658537,0.07317073170731707,0.024390243902439025,0.0,0.0,0.024390243902439025,0.024390243902439025,0.0,0.07317073170731707,0.0,0.0,0.0,0.12195121951219512
0075,0235058,Adenoma high grade,0.15209779143333435,0.15209779143333435,51,0.9909886645677952,51,0,0,0,0,0,0,0,0,0,0,0,0,1.0,0.0,0.0,0.0,0.0,0.0,0.0,0.0,0.0,0.0,0.0,0.0,0.0
0075,0242599,Adenoma high grade,0.10760578513145447,0.10760578513145447,54,0.9777134502066067,34,3,2,3,0,0,2,0,0,0,0,1,9,0.6296296296296297,0.05555555555555555,0.037037037037037035,0.05555555555555555,0.0,0.0,0.037037037037037035,0.0,0.0,0.0,0.0,0.018518518518518517,0.16666666666666666
0075,0331950,Adenoma high grade,0.07721375674009323,0.07721375674009323,57,0.9510813372127221,38,3,4,5,0,0,5,0,1,0,0,1,0,0.6666666666666666,0.05263157894736842,0.07017543859649122,0.08771929824561403,0.0,0.0,0.08771929824561403,0.0,0.017543859649122806,0.0,0.0,0.017543859649122806,0.0
0075,0418762,Adenoma high grade,0.14013612270355225,0.14013612270355225,8,0.999999992180603,6,0,1,0,0,0,1,0,0,0,0,0,0,0.75,0.0,0.125,0.0,0.0,0.0,0.125,0.0,0.0,0.0,0.0,0.0,0.0
0075,0421567,Adenoma high grade,0.14680202305316925,0.14680202305316925,6,0.9489373523070458,6,0,0,0,0,0,0,0,0,0,0,0,0,1.0,0.0,0.0,0.0,0.0,0.0,0.0,0.0,0.0,0.0,0.0,0.0,0.0
0075,0429822,Adenoma high grade,0.14109577238559723,0.14109577238559723,57,0.9820280209479043,47,2,1,4,0,0,3,0,0,0,0,0,0,0.8245614035087719,0.03508771929824561,0.017543859649122806,0.07017543859649122,0.0,0.0,0.05263157894736842,0.0,0.0,0.0,0.0,0.0,0.0
0075,0457915,Adenoma high grade,0.14743131399154663,0.14743131399154663,12,0.9393921637530586,12,0,0,0,0,0,0,0,0,0,0,0,0,1.0,0.0,0.0,0.0,0.0,0.0,0.0,0.0,0.0,0.0,0.0,0.0,0.0
0075,0461676,Adenoma high grade,0.14333516359329224,0.14333516359329224,2,0.9357142734656998,2,0,0,0,0,0,0,0,0,0,0,0,0,1.0,0.0,0.0,0.0,0.0,0.0,0.0,0.0,0.0,0.0,0.0,0.0,0.0
0075,0522921,Adenoma high grade,0.12643826007843018,0.12643826007843018,21,0.9824553905050014,21,0,0,0,0,0,0,0,0,0,0,0,0,1.0,0.0,0.0,0.0,0.0,0.0,0.0,0.0,0.0,0.0,0.0,0.0,0.0
0075,0532087,Adenoma high grade,0.14198656380176544,0.14198656380176544,47,0.9756768583910913,46,0,0,0,0,0,1,0,0,0,0,0,0,0.9787234042553191,0.0,0.0,0.0,0.0,0.0,0.02127659574468085,0.0,0.0,0.0,0.0,0.0,0.0
0075,0537702,Adenoma high grade,0.08452283591032028,0.08452283591032028,50,0.962616354654254,45,2,1,2,0,0,0,0,0,0,0,0,0,0.9,0.04,0.02,0.04,0.0,0.0,0.0,0.0,0.0,0.0,0.0,0.0,0.0
0075,0540057,Adenoma high grade,0.14805977046489716,0.14805977046489716,46,0.9773547990310665,44,0,0,0,0,0,1,0,0,0,0,0,1,0.9565217391304348,0.0,0.0,0.0,0.0,0.0,0.021739130434782608,0.0,0.0,0.0,0.0,0.0,0.021739130434782608
0075,0545506,Adenoma high grade,0.10490847378969193,0.10490847378969193,37,0.9848606564856395,36,0,0,0,0,0,0,0,0,0,0,0,1,0.972972972972973,0.0,0.0,0.0,0.0,0.0,0.0,0.0,0.0,0.0,0.0,0.0,0.02702702702702703
0075,0647265,Adenoma high grade,0.11490976065397263,0.11490976065397263,40,0.9796272276389496,37,1,1,0,0,0,1,0,0,0,0,0,0,0.925,0.025,0.025,0.0,0.0,0.0,0.025,0.0,0.0,0.0,0.0,0.0,0.0
0075,0708991,Adenoma high grade,0.15341658890247345,0.15341658890247345,40,0.9953891084771327,38,0,0,0,0,0,0,0,2,0,0,0,0,0.95,0.0,0.0,0.0,0.0,0.0,0.0,0.0,0.05,0.0,0.0,0.0,0.0
0075,0711170,Adenoma high grade,0.10704141855239868,0.10704141855239868,39,0.9104518863234237,15,6,6,1,1,5,3,0,0,0,0,0,2,0.38461538461538464,0.15384615384615385,0.15384615384615385,0.02564102564102564,0.02564102564102564,0.1282051282051282,0.07692307692307693,0.0,0.0,0.0,0.0,0.0,0.05128205128205128
0075,0720724,Adenoma high grade,0.15252432227134705,0.15252432227134705,50,0.9788736777380501,46,0,3,0,0,0,0,0,1,0,0,0,0,0.92,0.0,0.06,0.0,0.0,0.0,0.0,0.0,0.02,0.0,0.0,0.0,0.0
0075,0742706,Adenoma high grade,0.11917408555746078,0.11917408555746078,45,0.9510060910265704,36,2,2,0,0,0,3,0,0,0,0,0,2,0.8,0.044444444444444446,0.044444444444444446,0.0,0.0,0.0,0.06666666666666667,0.0,0.0,0.0,0.0,0.0,0.044444444444444446
0075,0745637,Adenoma high grade,0.14667145907878876,0.14667145907878876,54,0.960232834119323,54,0,0,0,0,0,0,0,0,0,0,0,0,1.0,0.0,0.0,0.0,0.0,0.0,0.0,0.0,0.0,0.0,0.0,0.0,0.0
0075,0748653,Adenoma high grade,0.12897524237632751,0.12897524237632751,41,0.9838449148224715,29,0,0,0,0,0,1,0,1,0,0,0,10,0.7073170731707317,0.0,0.0,0.0,0.0,0.0,0.024390243902439025,0.0,0.024390243902439025,0.0,0.0,0.0,0.24390243902439024
0075,0774959,Adenoma high grade,0.1262802928686142,0.1262802928686142,33,0.9619079503034917,23,4,4,1,0,0,1,0,0,0,0,0,0,0.696969696969697,0.12121212121212122,0.12121212121212122,0.030303030303030304,0.0,0.0,0.030303030303030304,0.0,0.0,0.0,0.0,0.0,0.0
0075,0804902,Adenoma high grade,0.10660340636968613,0.10660340636968613,31,0.9607207898748242,24,1,0,0,0,0,3,0,3,0,0,0,0,0.7741935483870968,0.03225806451612903,0.0,0.0,0.0,0.0,0.0967741935483871,0.0,0.0967741935483871,0.0,0.0,0.0,0.0
0075,0806544,Adenoma high grade,0.12882378697395325,0.12882378697395325,42,0.9639150322479246,32,1,7,0,0,0,0,0,1,0,0,0,1,0.7619047619047619,0.023809523809523808,0.16666666666666666,0.0,0.0,0.0,0.0,0.0,0.023809523809523808,0.0,0.0,0.0,0.023809523809523808
0075,0807315,Adenoma high grade,0.17485664784908295,0.17485664784908295,32,0.999999993496409,31,0,1,0,0,0,0,0,0,0,0,0,0,0.96875,0.0,0.03125,0.0,0.0,0.0,0.0,0.0,0.0,0.0,0.0,0.0,0.0
0075,0859114,Adenoma high grade,0.09521862119436264,0.09521862119436264,36,0.9704418843695891,16,7,8,3,0,0,2,0,0,0,0,0,0,0.4444444444444444,0.19444444444444445,0.2222222222222222,0.08333333333333333,0.0,0.0,0.05555555555555555,0.0,0.0,0.0,0.0,0.0,0.0
0075,0870435,Adenoma high grade,0.10005290806293488,0.10005290806293488,17,0.9847589314831717,11,1,5,0,0,0,0,0,0,0,0,0,0,0.6470588235294118,0.058823529411764705,0.29411764705882354,0.0,0.0,0.0,0.0,0.0,0.0,0.0,0.0,0.0,0.0
0075,0871989,Adenoma high grade,0.13212722539901733,0.13212722539901733,52,0.9632767740870047,42,1,1,2,0,0,3,0,1,0,0,0,2,0.8076923076923077,0.019230769230769232,0.019230769230769232,0.038461538461538464,0.0,0.0,0.057692307692307696,0.0,0.019230769230769232,0.0,0.0,0.0,0.038461538461538464
0075,0895809,Adenoma high grade,0.12001548707485199,0.12001548707485199,69,0.9725100350308294,64,0,0,0,0,0,0,0,5,0,0,0,0,0.927536231884058,0.0,0.0,0.0,0.0,0.0,0.0,0.0,0.07246376811594203,0.0,0.0,0.0,0.0
0075,0908820,Adenoma high grade,0.08514371514320374,0.08514371514320374,20,0.9208063707822873,14,0,0,0,0,0,2,0,4,0,0,0,0,0.7,0.0,0.0,0.0,0.0,0.0,0.1,0.0,0.2,0.0,0.0,0.0,0.0
0075,0921647,Adenoma high grade,0.13165536522865295,0.13165536522865295,29,0.9357524007934767,27,0,0,1,0,0,0,0,0,0,0,0,1,0.9310344827586207,0.0,0.0,0.034482758620689655,0.0,0.0,0.0,0.0,0.0,0.0,0.0,0.0,0.034482758620689655
0075,0924799,Adenoma high grade,0.04630124568939209,0.04630124568939209,94,0.9873205666911251,84,3,3,0,0,0,3,0,1,0,0,0,0,0.8936170212765957,0.031914893617021274,0.031914893617021274,0.0,0.0,0.0,0.031914893617021274,0.0,0.010638297872340425,0.0,0.0,0.0,0.0
0075,0925379,Adenoma high grade,0.1535317450761795,0.1535317450761795,38,0.9836938728332167,32,3,0,0,0,1,1,0,0,0,0,0,1,0.8421052631578947,0.07894736842105263,0.0,0.0,0.0,0.02631578947368421,0.02631578947368421,0.0,0.0,0.0,0.0,0.0,0.02631578947368421
0075,0932031,Adenoma high grade,0.10165002942085266,0.10165002942085266,35,0.9568874645717705,31,1,1,0,0,0,2,0,0,0,0,0,0,0.8857142857142857,0.02857142857142857,0.02857142857142857,0.0,0.0,0.0,0.05714285714285714,0.0,0.0,0.0,0.0,0.0,0.0
0075,0972254,Adenoma high grade,0.13979946076869965,0.13979946076869965,21,0.9762538417922713,18,2,0,0,0,0,1,0,0,0,0,0,0,0.8571428571428571,0.09523809523809523,0.0,0.0,0.0,0.0,0.047619047619047616,0.0,0.0,0.0,0.0,0.0,0.0
0075,0974825,Adenoma high grade,0.13098947703838348,0.13098947703838348,33,0.9870057174163976,31,1,1,0,0,0,0,0,0,0,0,0,0,0.9393939393939394,0.030303030303030304,0.030303030303030304,0.0,0.0,0.0,0.0,0.0,0.0,0.0,0.0,0.0,0.0
0075,0986740,Adenoma high grade,0.13456222414970398,0.13456222414970398,39,0.8731544399868357,13,4,0,0,0,12,0,0,0,0,0,0,10,0.3333333333333333,0.10256410256410256,0.0,0.0,0.0,0.3076923076923077,0.0,0.0,0.0,0.0,0.0,0.0,0.2564102564102564
0075,0992827,Adenoma high grade,0.14344611763954163,0.14344611763954163,36,0.9385938986866841,36,0,0,0,0,0,0,0,0,0,0,0,0,1.0,0.0,0.0,0.0,0.0,0.0,0.0,0.0,0.0,0.0,0.0,0.0,0.0
0093,0184949,Adenoma high grade,0.22701379656791687,0.22701379656791687,86,0.9808892663032813,83,0,0,0,0,0,0,0,0,0,0,1,2,0.9651162790697675,0.0,0.0,0.0,0.0,0.0,0.0,0.0,0.0,0.0,0.0,0.011627906976744186,0.023255813953488372
0093,0329393,Adenoma high grade,0.22646509110927582,0.22646509110927582,76,0.991593560128959,76,0,0,0,0,0,0,0,0,0,0,0,0,1.0,0.0,0.0,0.0,0.0,0.0,0.0,0.0,0.0,0.0,0.0,0.0,0.0
0093,0386003,Adenoma high grade,0.21978844702243805,0.21978844702243805,68,0.9868670746601621,68,0,0,0,0,0,0,0,0,0,0,0,0,1.0,0.0,0.0,0.0,0.0,0.0,0.0,0.0,0.0,0.0,0.0,0.0,0.0
0093,0476914,Adenoma high grade,0.21932585537433624,0.21932585537433624,54,0.9999999909815914,54,0,0,0,0,0,0,0,0,0,0,0,0,1.0,0.0,0.0,0.0,0.0,0.0,0.0,0.0,0.0,0.0,0.0,0.0,0.0
0093,0723065,Adenoma high grade,0.2209843397140503,0.2209843397140503,74,0.9993846256814275,73,1,0,0,0,0,0,0,0,0,0,0,0,0.9864864864864865,0.013513513513513514,0.0,0.0,0.0,0.0,0.0,0.0,0.0,0.0,0.0,0.0,0.0
0093,0773785,Adenoma high grade,0.22443149983882904,0.22443149983882904,57,0.9978483882398632,56,1,0,0,0,0,0,0,0,0,0,0,0,0.9824561403508771,0.017543859649122806,0.0,0.0,0.0,0.0,0.0,0.0,0.0,0.0,0.0,0.0,0.0
0093,0898610,Adenoma high grade,0.22897082567214966,0.22897082567214966,78,0.9999999913140891,78,0,0,0,0,0,0,0,0,0,0,0,0,1.0,0.0,0.0,0.0,0.0,0.0,0.0,0.0,0.0,0.0,0.0,0.0,0.0
0093,0918241,Adenoma high grade,0.2267916202545166,0.2267916202545166,72,0.9916891382487587,72,0,0,0,0,0,0,0,0,0,0,0,0,1.0,0.0,0.0,0.0,0.0,0.0,0.0,0.0,0.0,0.0,0.0,0.0,0.0
0093,0997347,Adenoma high grade,0.2250935286283493,0.2250935286283493,46,0.9999999933985819,46,0,0,0,0,0,0,0,0,0,0,0,0,1.0,0.0,0.0,0.0,0.0,0.0,0.0,0.0,0.0,0.0,0.0,0.0,0.0
0105,0598026,Adenoma high grade,0.13079464435577393,0.13079464435577393,37,0.996743721734016,37,0,0,0,0,0,0,0,0,0,0,0,0,1.0,0.0,0.0,0.0,0.0,0.0,0.0,0.0,0.0,0.0,0.0,0.0,0.0
0125,0012209,Adenoma high grade,0.1430789828300476,0.1430789828300476,66,0.9918640433030124,65,0,1,0,0,0,0,0,0,0,0,0,0,0.9848484848484849,0.0,0.015151515151515152,0.0,0.0,0.0,0.0,0.0,0.0,0.0,0.0,0.0,0.0
0125,0017185,Adenoma high grade,0.14484915137290955,0.14484915137290955,74,0.9978615367789387,68,0,2,0,0,0,0,0,4,0,0,0,0,0.918918918918919,0.0,0.02702702702702703,0.0,0.0,0.0,0.0,0.0,0.05405405405405406,0.0,0.0,0.0,0.0
0125,0023400,Adenoma high grade,0.1510917842388153,0.1510917842388153,66,0.9873227450063389,62,0,2,0,0,0,1,0,0,0,0,1,0,0.9393939393939394,0.0,0.030303030303030304,0.0,0.0,0.0,0.015151515151515152,0.0,0.0,0.0,0.0,0.015151515151515152,0.0
0125,0032257,Adenoma high grade,0.12074513733386993,0.12074513733386993,44,0.9850554748767663,42,0,0,1,0,0,1,0,0,0,0,0,0,0.9545454545454546,0.0,0.0,0.022727272727272728,0.0,0.0,0.022727272727272728,0.0,0.0,0.0,0.0,0.0,0.0
0125,0052583,Adenoma high grade,0.14426253736019135,0.14426253736019135,62,0.9994985243952891,59,0,2,0,0,0,1,0,0,0,0,0,0,0.9516129032258065,0.0,0.03225806451612903,0.0,0.0,0.0,0.016129032258064516,0.0,0.0,0.0,0.0,0.0,0.0
0125,0076826,Adenoma high grade,0.15654198825359344,0.15654198825359344,58,0.9882359607211872,58,0,0,0,0,0,0,0,0,0,0,0,0,1.0,0.0,0.0,0.0,0.0,0.0,0.0,0.0,0.0,0.0,0.0,0.0,0.0
0125,0143065,Adenoma high grade,0.13720105588436127,0.13720105588436127,65,0.9875251031161281,57,0,1,0,0,0,3,0,3,0,0,1,0,0.8769230769230769,0.0,0.015384615384615385,0.0,0.0,0.0,0.046153846153846156,0.0,0.046153846153846156,0.0,0.0,0.015384615384615385,0.0
0125,0185427,Adenoma high grade,0.13841304183006287,0.13841304183006287,68,0.9991792900596548,68,0,0,0,0,0,0,0,0,0,0,0,0,1.0,0.0,0.0,0.0,0.0,0.0,0.0,0.0,0.0,0.0,0.0,0.0,0.0
0125,0200676,Adenoma high grade,0.14296308159828186,0.14296308159828186,98,0.9958999879902375,93,0,5,0,0,0,0,0,0,0,0,0,0,0.9489795918367347,0.0,0.05102040816326531,0.0,0.0,0.0,0.0,0.0,0.0,0.0,0.0,0.0,0.0
0125,0201920,Adenoma high grade,0.15339310467243195,0.15339310467243195,66,0.9834662661012218,39,11,3,0,0,0,10,0,2,1,0,0,0,0.5909090909090909,0.16666666666666666,0.045454545454545456,0.0,0.0,0.0,0.15151515151515152,0.0,0.030303030303030304,0.015151515151515152,0.0,0.0,0.0
0125,0209514,Adenoma high grade,0.14000776410102844,0.14000776410102844,65,0.9999999924771051,59,1,2,0,0,0,0,0,0,0,0,0,3,0.9076923076923077,0.015384615384615385,0.03076923076923077,0.0,0.0,0.0,0.0,0.0,0.0,0.0,0.0,0.0,0.046153846153846156
0125,0250318,Adenoma high grade,0.14812467992305756,0.14812467992305756,45,0.999318268783285,41,0,2,0,0,0,1,0,0,0,0,0,1,0.9111111111111111,0.0,0.044444444444444446,0.0,0.0,0.0,0.022222222222222223,0.0,0.0,0.0,0.0,0.0,0.022222222222222223
0125,0274425,Adenoma high grade,0.1436089277267456,0.1436089277267456,53,0.9868085007049933,46,2,2,0,0,0,2,0,0,0,0,1,0,0.8679245283018868,0.03773584905660377,0.03773584905660377,0.0,0.0,0.0,0.03773584905660377,0.0,0.0,0.0,0.0,0.018867924528301886,0.0
0125,0276387,Adenoma high grade,0.1404467523097992,0.1404467523097992,61,0.9529087260722797,60,0,0,1,0,0,0,0,0,0,0,0,0,0.9836065573770492,0.0,0.0,0.01639344262295082,0.0,0.0,0.0,0.0,0.0,0.0,0.0,0.0,0.0
0125,0314865,Adenoma high grade,0.15413223206996918,0.15413223206996918,47,0.9577779017669837,30,1,6,0,0,0,5,0,5,0,0,0,0,0.6382978723404256,0.02127659574468085,0.1276595744680851,0.0,0.0,0.0,0.10638297872340426,0.0,0.10638297872340426,0.0,0.0,0.0,0.0
0125,0317228,Adenoma high grade,0.15737934410572052,0.15737934410572052,71,0.9939803037843407,71,0,0,0,0,0,0,0,0,0,0,0,0,1.0,0.0,0.0,0.0,0.0,0.0,0.0,0.0,0.0,0.0,0.0,0.0,0.0
0125,0320535,Adenoma high grade,0.1470821648836136,0.1470821648836136,48,0.9897228206134728,46,0,2,0,0,0,0,0,0,0,0,0,0,0.9583333333333334,0.0,0.041666666666666664,0.0,0.0,0.0,0.0,0.0,0.0,0.0,0.0,0.0,0.0
0125,0325876,Adenoma high grade,0.1444397270679474,0.1444397270679474,59,0.9929413861196256,52,0,5,0,0,0,1,0,1,0,0,0,0,0.8813559322033898,0.0,0.0847457627118644,0.0,0.0,0.0,0.01694915254237288,0.0,0.01694915254237288,0.0,0.0,0.0,0.0
0125,0331914,Adenoma high grade,0.1369607001543045,0.1369607001543045,50,0.9787638314991972,40,1,1,0,0,0,4,0,4,0,0,0,0,0.8,0.02,0.02,0.0,0.0,0.0,0.08,0.0,0.08,0.0,0.0,0.0,0.0
0125,0355800,Adenoma high grade,0.14362947642803192,0.14362947642803192,63,0.9985540412005327,61,0,2,0,0,0,0,0,0,0,0,0,0,0.9682539682539683,0.0,0.031746031746031744,0.0,0.0,0.0,0.0,0.0,0.0,0.0,0.0,0.0,0.0
0125,0383293,Adenoma high grade,0.14353549480438232,0.14353549480438232,52,0.98945066996473,49,0,0,1,0,0,0,0,0,0,0,2,0,0.9423076923076923,0.0,0.0,0.019230769230769232,0.0,0.0,0.0,0.0,0.0,0.0,0.0,0.038461538461538464,0.0
0125,0474776,Adenoma high grade,0.11903633177280426,0.11903633177280426,50,0.98505917763543,49,0,1,0,0,0,0,0,0,0,0,0,0,0.98,0.0,0.02,0.0,0.0,0.0,0.0,0.0,0.0,0.0,0.0,0.0,0.0
0125,0478326,Adenoma high grade,0.13992640376091003,0.13992640376091003,42,0.9841952043172917,31,1,0,0,0,0,4,0,6,0,0,0,0,0.7380952380952381,0.023809523809523808,0.0,0.0,0.0,0.0,0.09523809523809523,0.0,0.14285714285714285,0.0,0.0,0.0,0.0
0125,0487360,Adenoma high grade,0.13765473663806915,0.13765473663806915,50,0.9823986708104784,49,0,0,0,0,0,0,0,0,0,0,1,0,0.98,0.0,0.0,0.0,0.0,0.0,0.0,0.0,0.0,0.0,0.0,0.02,0.0
0125,0493140,Adenoma high grade,0.14239518344402313,0.14239518344402313,56,0.9421813964495497,56,0,0,0,0,0,0,0,0,0,0,0,0,1.0,0.0,0.0,0.0,0.0,0.0,0.0,0.0,0.0,0.0,0.0,0.0,0.0
0125,0503740,Adenoma high grade,0.15209002792835236,0.15209002792835236,89,0.9938612235549693,82,1,3,0,0,0,0,0,3,0,0,0,0,0.9213483146067416,0.011235955056179775,0.033707865168539325,0.0,0.0,0.0,0.0,0.0,0.033707865168539325,0.0,0.0,0.0,0.0
0125,0512256,Adenoma high grade,0.15268582105636597,0.15268582105636597,70,0.9900320390565698,68,1,1,0,0,0,0,0,0,0,0,0,0,0.9714285714285714,0.014285714285714285,0.014285714285714285,0.0,0.0,0.0,0.0,0.0,0.0,0.0,0.0,0.0,0.0
0125,0554419,Adenoma high grade,0.15212880074977875,0.15212880074977875,33,0.9803175225938051,31,0,0,0,0,0,0,0,0,0,0,1,1,0.9393939393939394,0.0,0.0,0.0,0.0,0.0,0.0,0.0,0.0,0.0,0.0,0.030303030303030304,0.030303030303030304
0125,0575379,Adenoma high grade,0.13795508444309235,0.13795508444309235,50,0.9999999937342428,46,1,2,0,0,0,0,0,0,0,0,0,1,0.92,0.02,0.04,0.0,0.0,0.0,0.0,0.0,0.0,0.0,0.0,0.0,0.02
0125,0576836,Adenoma high grade,0.14921660721302032,0.14921660721302032,59,0.9791053435452727,48,0,1,0,0,0,0,0,9,0,0,0,1,0.8135593220338984,0.0,0.01694915254237288,0.0,0.0,0.0,0.0,0.0,0.15254237288135594,0.0,0.0,0.0,0.01694915254237288
0125,0594814,Adenoma high grade,0.1465877741575241,0.1465877741575241,48,0.999686738159936,44,0,0,0,0,0,4,0,0,0,0,0,0,0.9166666666666666,0.0,0.0,0.0,0.0,0.0,0.08333333333333333,0.0,0.0,0.0,0.0,0.0,0.0
0125,0606524,Adenoma high grade,0.15344157814979553,0.15344157814979553,82,0.9618216109111716,82,0,0,0,0,0,0,0,0,0,0,0,0,1.0,0.0,0.0,0.0,0.0,0.0,0.0,0.0,0.0,0.0,0.0,0.0,0.0
0125,0607298,Adenoma high grade,0.14709505438804626,0.14709505438804626,61,0.9831157175308062,44,0,7,0,0,0,0,0,9,0,0,0,1,0.7213114754098361,0.0,0.11475409836065574,0.0,0.0,0.0,0.0,0.0,0.14754098360655737,0.0,0.0,0.0,0.01639344262295082
0125,0616003,Adenoma high grade,0.14803797006607056,0.14803797006607056,53,0.9990531981729297,51,0,1,0,0,0,0,0,1,0,0,0,0,0.9622641509433962,0.0,0.018867924528301886,0.0,0.0,0.0,0.0,0.0,0.018867924528301886,0.0,0.0,0.0,0.0
0125,0630110,Adenoma high grade,0.1475328654050827,0.1475328654050827,52,0.9682074158133196,51,0,0,0,0,0,0,0,0,0,0,0,1,0.9807692307692307,0.0,0.0,0.0,0.0,0.0,0.0,0.0,0.0,0.0,0.0,0.0,0.019230769230769232
0125,0648066,Adenoma high grade,0.07931973040103912,0.07931973040103912,53,0.988475031441574,48,0,5,0,0,0,0,0,0,0,0,0,0,0.9056603773584906,0.0,0.09433962264150944,0.0,0.0,0.0,0.0,0.0,0.0,0.0,0.0,0.0,0.0
0125,0667403,Adenoma high grade,0.14283651113510132,0.14283651113510132,77,0.9782751237485099,77,0,0,0,0,0,0,0,0,0,0,0,0,1.0,0.0,0.0,0.0,0.0,0.0,0.0,0.0,0.0,0.0,0.0,0.0,0.0
0125,0672925,Adenoma high grade,0.1447734832763672,0.1447734832763672,71,0.998542418289091,70,0,0,0,0,0,0,0,0,0,0,1,0,0.9859154929577465,0.0,0.0,0.0,0.0,0.0,0.0,0.0,0.0,0.0,0.0,0.014084507042253521,0.0
0125,0683895,Adenoma high grade,0.14005839824676514,0.14005839824676514,63,0.957012888997055,61,0,1,0,0,0,1,0,0,0,0,0,0,0.9682539682539683,0.0,0.015873015873015872,0.0,0.0,0.0,0.015873015873015872,0.0,0.0,0.0,0.0,0.0,0.0
0125,0754850,Adenoma high grade,0.11226248741149902,0.11226248741149902,59,0.9976015275282584,59,0,0,0,0,0,0,0,0,0,0,0,0,1.0,0.0,0.0,0.0,0.0,0.0,0.0,0.0,0.0,0.0,0.0,0.0,0.0
0125,0766541,Adenoma high grade,0.13825806975364685,0.13825806975364685,49,0.9994370083570308,47,1,0,0,0,0,1,0,0,0,0,0,0,0.9591836734693877,0.02040816326530612,0.0,0.0,0.0,0.0,0.02040816326530612,0.0,0.0,0.0,0.0,0.0,0.0
0125,0807374,Adenoma high grade,0.14394709467887878,0.14394709467887878,53,0.9651472244340715,48,0,4,1,0,0,0,0,0,0,0,0,0,0.9056603773584906,0.0,0.07547169811320754,0.018867924528301886,0.0,0.0,0.0,0.0,0.0,0.0,0.0,0.0,0.0
0125,0824657,Adenoma high grade,0.14145122468471527,0.14145122468471527,63,0.9847271801286385,58,2,3,0,0,0,0,0,0,0,0,0,0,0.9206349206349206,0.031746031746031744,0.047619047619047616,0.0,0.0,0.0,0.0,0.0,0.0,0.0,0.0,0.0,0.0
0125,0863198,Adenoma high grade,0.13007663190364838,0.13007663190364838,64,0.9899902260151657,60,0,1,1,0,0,0,0,2,0,0,0,0,0.9375,0.0,0.015625,0.015625,0.0,0.0,0.0,0.0,0.03125,0.0,0.0,0.0,0.0
0125,0865302,Adenoma high grade,0.1522134393453598,0.1522134393453598,61,0.9730006553300437,61,0,0,0,0,0,0,0,0,0,0,0,0,1.0,0.0,0.0,0.0,0.0,0.0,0.0,0.0,0.0,0.0,0.0,0.0,0.0
0125,0916911,Adenoma high grade,0.15951043367385864,0.15951043367385864,32,0.9739555831973643,32,0,0,0,0,0,0,0,0,0,0,0,0,1.0,0.0,0.0,0.0,0.0,0.0,0.0,0.0,0.0,0.0,0.0,0.0,0.0
0125,0927418,Adenoma high grade,0.14915485680103302,0.14915485680103302,53,0.9534191369703814,38,1,3,0,0,1,3,1,6,0,0,0,0,0.7169811320754716,0.018867924528301886,0.05660377358490566,0.0,0.0,0.018867924528301886,0.05660377358490566,0.018867924528301886,0.11320754716981132,0.0,0.0,0.0,0.0
0125,0982253,Adenoma high grade,0.14707066118717194,0.14707066118717194,62,0.9909971430171238,60,0,0,0,0,0,0,0,1,1,0,0,0,0.967741935483871,0.0,0.0,0.0,0.0,0.0,0.0,0.0,0.016129032258064516,0.016129032258064516,0.0,0.0,0.0
0125,0987577,Adenoma high grade,0.13989472389221191,0.13989472389221191,47,0.9953015173204399,43,0,0,0,0,0,0,0,0,0,0,0,4,0.9148936170212766,0.0,0.0,0.0,0.0,0.0,0.0,0.0,0.0,0.0,0.0,0.0,0.0851063829787234
0125,0988840,Adenoma high grade,0.15051205456256866,0.15051205456256866,52,0.9869209350105164,48,0,1,0,0,0,1,0,0,0,0,1,1,0.9230769230769231,0.0,0.019230769230769232,0.0,0.0,0.0,0.019230769230769232,0.0,0.0,0.0,0.0,0.019230769230769232,0.019230769230769232
0137,0168220,Adenoma high grade,0.23425133526325226,0.23425133526325226,38,0.9199753660232692,36,1,0,0,0,0,0,0,0,0,0,0,1,0.9473684210526315,0.02631578947368421,0.0,0.0,0.0,0.0,0.0,0.0,0.0,0.0,0.0,0.0,0.02631578947368421
0137,0211060,Adenoma high grade,0.23941628634929657,0.23941628634929657,40,0.9363700949370894,37,1,0,0,0,0,1,0,0,1,0,0,0,0.925,0.025,0.0,0.0,0.0,0.0,0.025,0.0,0.0,0.025,0.0,0.0,0.0
0137,0228336,Adenoma high grade,0.23274177312850952,0.23274177312850952,42,0.9631519214232827,42,0,0,0,0,0,0,0,0,0,0,0,0,1.0,0.0,0.0,0.0,0.0,0.0,0.0,0.0,0.0,0.0,0.0,0.0,0.0
0137,0235205,Adenoma high grade,0.23197486996650696,0.23197486996650696,34,0.9784871656889258,33,0,0,0,0,0,0,0,0,0,0,0,1,0.9705882352941176,0.0,0.0,0.0,0.0,0.0,0.0,0.0,0.0,0.0,0.0,0.0,0.029411764705882353
0137,0674403,Adenoma high grade,0.23884768784046173,0.23884768784046173,49,0.9817567100350956,48,0,0,0,0,0,0,0,0,0,0,0,1,0.9795918367346939,0.0,0.0,0.0,0.0,0.0,0.0,0.0,0.0,0.0,0.0,0.0,0.02040816326530612
0139,0007743,Adenoma high grade,0.1536322683095932,0.1536322683095932,50,0.9987692250615087,49,0,1,0,0,0,0,0,0,0,0,0,0,0.98,0.0,0.02,0.0,0.0,0.0,0.0,0.0,0.0,0.0,0.0,0.0,0.0
0139,0049090,Adenoma high grade,0.14342907071113586,0.14342907071113586,68,0.9897771224611714,67,0,0,0,0,0,0,0,0,0,0,1,0,0.9852941176470589,0.0,0.0,0.0,0.0,0.0,0.0,0.0,0.0,0.0,0.0,0.014705882352941176,0.0
0139,0067083,Adenoma high grade,0.11330084502696991,0.11330084502696991,47,0.9861910520659741,43,2,0,1,0,0,1,0,0,0,0,0,0,0.9148936170212766,0.0425531914893617,0.0,0.02127659574468085,0.0,0.0,0.02127659574468085,0.0,0.0,0.0,0.0,0.0,0.0
0139,0132386,Adenoma high grade,0.13402687013149261,0.13402687013149261,60,0.9999999929757821,60,0,0,0,0,0,0,0,0,0,0,0,0,1.0,0.0,0.0,0.0,0.0,0.0,0.0,0.0,0.0,0.0,0.0,0.0,0.0
0139,0167393,Adenoma high grade,0.10320621728897095,0.10320621728897095,40,0.9735709227100922,30,2,4,0,0,0,3,0,1,0,0,0,0,0.75,0.05,0.1,0.0,0.0,0.0,0.075,0.0,0.025,0.0,0.0,0.0,0.0
0139,0183199,Adenoma high grade,0.1528586596250534,0.1528586596250534,47,0.996299718131118,44,2,0,0,0,0,0,0,0,0,0,0,1,0.9361702127659575,0.0425531914893617,0.0,0.0,0.0,0.0,0.0,0.0,0.0,0.0,0.0,0.0,0.02127659574468085
0139,0186825,Adenoma high grade,0.15919610857963562,0.15919610857963562,50,0.9961904696411301,50,0,0,0,0,0,0,0,0,0,0,0,0,1.0,0.0,0.0,0.0,0.0,0.0,0.0,0.0,0.0,0.0,0.0,0.0,0.0
0139,0211818,Adenoma high grade,0.16150911152362823,0.16150911152362823,72,0.9992510195730411,71,0,1,0,0,0,0,0,0,0,0,0,0,0.9861111111111112,0.0,0.013888888888888888,0.0,0.0,0.0,0.0,0.0,0.0,0.0,0.0,0.0,0.0
0139,0216058,Adenoma high grade,0.14340372383594513,0.14340372383594513,56,0.9931908315623842,53,0,0,0,0,0,0,0,0,0,0,0,3,0.9464285714285714,0.0,0.0,0.0,0.0,0.0,0.0,0.0,0.0,0.0,0.0,0.0,0.05357142857142857
0139,0249690,Adenoma high grade,0.1338370442390442,0.1338370442390442,46,0.9822646730319142,43,0,3,0,0,0,0,0,0,0,0,0,0,0.9347826086956522,0.0,0.06521739130434782,0.0,0.0,0.0,0.0,0.0,0.0,0.0,0.0,0.0,0.0
0139,0271640,Adenoma high grade,0.1319129467010498,0.1319129467010498,55,0.9971175063760791,54,1,0,0,0,0,0,0,0,0,0,0,0,0.9818181818181818,0.01818181818181818,0.0,0.0,0.0,0.0,0.0,0.0,0.0,0.0,0.0,0.0,0.0
0139,0275643,Adenoma high grade,0.13981512188911438,0.13981512188911438,39,0.9684603292511546,35,0,0,0,0,0,1,0,0,0,0,1,2,0.8974358974358975,0.0,0.0,0.0,0.0,0.0,0.02564102564102564,0.0,0.0,0.0,0.0,0.02564102564102564,0.05128205128205128
0139,0324790,Adenoma high grade,0.12930059432983398,0.12930059432983398,42,0.9923469314726442,42,0,0,0,0,0,0,0,0,0,0,0,0,1.0,0.0,0.0,0.0,0.0,0.0,0.0,0.0,0.0,0.0,0.0,0.0,0.0
0139,0360480,Adenoma high grade,0.1636393815279007,0.1636393815279007,20,0.9999999938991865,20,0,0,0,0,0,0,0,0,0,0,0,0,1.0,0.0,0.0,0.0,0.0,0.0,0.0,0.0,0.0,0.0,0.0,0.0,0.0
0139,0363019,Adenoma high grade,0.14197850227355957,0.14197850227355957,43,0.9999999936978546,40,1,1,0,0,0,1,0,0,0,0,0,0,0.9302325581395349,0.023255813953488372,0.023255813953488372,0.0,0.0,0.0,0.023255813953488372,0.0,0.0,0.0,0.0,0.0,0.0
0139,0391697,Adenoma high grade,0.09679671376943588,0.09679671376943588,65,0.9682739462038709,53,2,4,0,0,0,1,0,4,0,0,1,0,0.8153846153846154,0.03076923076923077,0.06153846153846154,0.0,0.0,0.0,0.015384615384615385,0.0,0.06153846153846154,0.0,0.0,0.015384615384615385,0.0
0139,0460327,Adenoma high grade,0.13200590014457703,0.13200590014457703,101,0.9838704865549597,89,7,2,0,0,1,1,0,0,0,0,1,0,0.8811881188118812,0.06930693069306931,0.019801980198019802,0.0,0.0,0.009900990099009901,0.009900990099009901,0.0,0.0,0.0,0.0,0.009900990099009901,0.0
0139,0507384,Adenoma high grade,0.13868945837020874,0.13868945837020874,66,0.9992025434274296,65,0,1,0,0,0,0,0,0,0,0,0,0,0.9848484848484849,0.0,0.015151515151515152,0.0,0.0,0.0,0.0,0.0,0.0,0.0,0.0,0.0,0.0
0139,0515220,Adenoma high grade,0.13903693854808807,0.13903693854808807,58,0.9831230434935234,50,3,4,1,0,0,0,0,0,0,0,0,0,0.8620689655172413,0.05172413793103448,0.06896551724137931,0.017241379310344827,0.0,0.0,0.0,0.0,0.0,0.0,0.0,0.0,0.0
0139,0555083,Adenoma high grade,0.15184879302978516,0.15184879302978516,29,0.9772445365424431,29,0,0,0,0,0,0,0,0,0,0,0,0,1.0,0.0,0.0,0.0,0.0,0.0,0.0,0.0,0.0,0.0,0.0,0.0,0.0
0139,0566479,Adenoma high grade,0.14583885669708252,0.14583885669708252,65,0.9748826890403077,53,5,0,0,0,0,0,0,0,0,0,0,7,0.8153846153846154,0.07692307692307693,0.0,0.0,0.0,0.0,0.0,0.0,0.0,0.0,0.0,0.0,0.1076923076923077
0139,0567024,Adenoma high grade,0.12798652052879333,0.12798652052879333,63,0.9922741882418482,62,0,0,0,0,0,0,0,0,0,0,0,1,0.9841269841269841,0.0,0.0,0.0,0.0,0.0,0.0,0.0,0.0,0.0,0.0,0.0,0.015873015873015872
0139,0583952,Adenoma high grade,0.1515016406774521,0.1515016406774521,48,0.9832944784771339,43,1,0,0,0,0,0,0,0,0,0,1,3,0.8958333333333334,0.020833333333333332,0.0,0.0,0.0,0.0,0.0,0.0,0.0,0.0,0.0,0.020833333333333332,0.0625
0139,0652619,Adenoma high grade,0.1493079960346222,0.1493079960346222,74,0.9806420275250871,71,0,1,0,0,0,0,0,0,0,1,0,1,0.9594594594594594,0.0,0.013513513513513514,0.0,0.0,0.0,0.0,0.0,0.0,0.0,0.013513513513513514,0.0,0.013513513513513514
0139,0673125,Adenoma high grade,0.15100005269050598,0.15100005269050598,68,0.9995097953246176,67,1,0,0,0,0,0,0,0,0,0,0,0,0.9852941176470589,0.014705882352941176,0.0,0.0,0.0,0.0,0.0,0.0,0.0,0.0,0.0,0.0,0.0
0139,0721573,Adenoma high grade,0.1643877774477005,0.1643877774477005,54,0.9609144713142151,53,1,0,0,0,0,0,0,0,0,0,0,0,0.9814814814814815,0.018518518518518517,0.0,0.0,0.0,0.0,0.0,0.0,0.0,0.0,0.0,0.0,0.0
0139,0735224,Adenoma high grade,0.1382908821105957,0.1382908821105957,43,0.9955971916939197,41,0,1,0,0,0,0,0,1,0,0,0,0,0.9534883720930233,0.0,0.023255813953488372,0.0,0.0,0.0,0.0,0.0,0.023255813953488372,0.0,0.0,0.0,0.0
0139,0748515,Adenoma high grade,0.14588016271591187,0.14588016271591187,40,0.9850768459518845,37,1,1,0,0,0,0,0,0,0,0,1,0,0.925,0.025,0.025,0.0,0.0,0.0,0.0,0.0,0.0,0.0,0.0,0.025,0.0
0139,0750209,Adenoma high grade,0.15584884583950043,0.15584884583950043,48,0.9855728370287437,46,0,0,0,0,0,2,0,0,0,0,0,0,0.9583333333333334,0.0,0.0,0.0,0.0,0.0,0.041666666666666664,0.0,0.0,0.0,0.0,0.0,0.0
0139,0788525,Adenoma high grade,0.1517590880393982,0.1517590880393982,59,0.9982615265978703,59,0,0,0,0,0,0,0,0,0,0,0,0,1.0,0.0,0.0,0.0,0.0,0.0,0.0,0.0,0.0,0.0,0.0,0.0,0.0
0139,0872427,Adenoma high grade,0.13450975716114044,0.13450975716114044,56,0.9841671444053662,48,2,5,0,0,0,0,0,0,0,0,1,0,0.8571428571428571,0.03571428571428571,0.08928571428571429,0.0,0.0,0.0,0.0,0.0,0.0,0.0,0.0,0.017857142857142856,0.0
0139,0872832,Adenoma high grade,0.15236571431159973,0.15236571431159973,68,0.9981996645026402,63,1,3,0,0,0,1,0,0,0,0,0,0,0.9264705882352942,0.014705882352941176,0.04411764705882353,0.0,0.0,0.0,0.014705882352941176,0.0,0.0,0.0,0.0,0.0,0.0
0139,0888454,Adenoma high grade,0.14912118017673492,0.14912118017673492,54,0.9997087160047038,54,0,0,0,0,0,0,0,0,0,0,0,0,1.0,0.0,0.0,0.0,0.0,0.0,0.0,0.0,0.0,0.0,0.0,0.0,0.0
0139,0907731,Adenoma high grade,0.1441030204296112,0.1441030204296112,50,0.9989970090607061,49,1,0,0,0,0,0,0,0,0,0,0,0,0.98,0.02,0.0,0.0,0.0,0.0,0.0,0.0,0.0,0.0,0.0,0.0,0.0
0139,0971339,Adenoma high grade,0.13068097829818726,0.13068097829818726,60,0.9987194111252445,49,2,9,0,0,0,0,0,0,0,0,0,0,0.8166666666666667,0.03333333333333333,0.15,0.0,0.0,0.0,0.0,0.0,0.0,0.0,0.0,0.0,0.0
0139,1015606,Adenoma high grade,0.15373994410037994,0.15373994410037994,61,0.9786853895135784,61,0,0,0,0,0,0,0,0,0,0,0,0,1.0,0.0,0.0,0.0,0.0,0.0,0.0,0.0,0.0,0.0,0.0,0.0,0.0
0139,1027517,Adenoma high grade,0.11481118947267532,0.11481118947267532,48,0.9999999934216571,47,1,0,0,0,0,0,0,0,0,0,0,0,0.9791666666666666,0.020833333333333332,0.0,0.0,0.0,0.0,0.0,0.0,0.0,0.0,0.0,0.0,0.0
0141,0003869,Adenoma high grade,0.1436038315296173,0.1436038315296173,27,0.995254145818704,27,0,0,0,0,0,0,0,0,0,0,0,0,1.0,0.0,0.0,0.0,0.0,0.0,0.0,0.0,0.0,0.0,0.0,0.0,0.0
0141,0005480,Adenoma high grade,0.15376894176006317,0.15376894176006317,53,0.9558936207079404,29,6,2,1,0,1,5,0,9,0,0,0,0,0.5471698113207547,0.11320754716981132,0.03773584905660377,0.018867924528301886,0.0,0.018867924528301886,0.09433962264150944,0.0,0.16981132075471697,0.0,0.0,0.0,0.0
0141,0045666,Adenoma high grade,0.1578873246908188,0.1578873246908188,52,0.9573192883522397,38,4,3,0,0,1,1,0,5,0,0,0,0,0.7307692307692307,0.07692307692307693,0.057692307692307696,0.0,0.0,0.019230769230769232,0.019230769230769232,0.0,0.09615384615384616,0.0,0.0,0.0,0.0
0141,0057242,Adenoma high grade,0.14462141692638397,0.14462141692638397,48,0.9794083214099084,40,4,3,0,0,0,1,0,0,0,0,0,0,0.8333333333333334,0.08333333333333333,0.0625,0.0,0.0,0.0,0.020833333333333332,0.0,0.0,0.0,0.0,0.0,0.0
0141,0094113,Adenoma high grade,0.16309033334255219,0.16309033334255219,61,0.9103762287431949,29,8,12,0,0,0,4,0,7,0,1,0,0,0.47540983606557374,0.13114754098360656,0.19672131147540983,0.0,0.0,0.0,0.06557377049180328,0.0,0.11475409836065574,0.0,0.01639344262295082,0.0,0.0
0141,0116566,Adenoma high grade,0.15750433504581451,0.15750433504581451,61,0.9729449314775063,55,0,2,0,0,0,1,0,2,0,0,0,1,0.9016393442622951,0.0,0.03278688524590164,0.0,0.0,0.0,0.01639344262295082,0.0,0.03278688524590164,0.0,0.0,0.0,0.01639344262295082
0141,0170558,Adenoma high grade,0.1535208523273468,0.1535208523273468,42,0.9717432687226942,36,0,2,1,0,0,0,0,3,0,0,0,0,0.8571428571428571,0.0,0.047619047619047616,0.023809523809523808,0.0,0.0,0.0,0.0,0.07142857142857142,0.0,0.0,0.0,0.0
0141,0207666,Adenoma high grade,0.15441103279590607,0.15441103279590607,74,0.9999999932231568,74,0,0,0,0,0,0,0,0,0,0,0,0,1.0,0.0,0.0,0.0,0.0,0.0,0.0,0.0,0.0,0.0,0.0,0.0,0.0
0141,0250888,Adenoma high grade,0.1583147644996643,0.1583147644996643,59,0.9972322349158843,59,0,0,0,0,0,0,0,0,0,0,0,0,1.0,0.0,0.0,0.0,0.0,0.0,0.0,0.0,0.0,0.0,0.0,0.0,0.0
0141,0295864,Adenoma high grade,0.1544537991285324,0.1544537991285324,49,0.997018037560398,47,0,0,0,0,0,0,0,1,0,0,0,1,0.9591836734693877,0.0,0.0,0.0,0.0,0.0,0.0,0.0,0.02040816326530612,0.0,0.0,0.0,0.02040816326530612
0141,0299935,Adenoma high grade,0.1275276392698288,0.1275276392698288,38,0.9897389891303403,37,0,1,0,0,0,0,0,0,0,0,0,0,0.9736842105263158,0.0,0.02631578947368421,0.0,0.0,0.0,0.0,0.0,0.0,0.0,0.0,0.0,0.0
0141,0312668,Adenoma high grade,0.1605435311794281,0.1605435311794281,84,0.9923031247180457,82,2,0,0,0,0,0,0,0,0,0,0,0,0.9761904761904762,0.023809523809523808,0.0,0.0,0.0,0.0,0.0,0.0,0.0,0.0,0.0,0.0,0.0
0141,0315390,Adenoma high grade,0.15026360750198364,0.15026360750198364,40,0.9763127222393795,36,0,0,0,0,0,1,0,1,0,0,0,2,0.9,0.0,0.0,0.0,0.0,0.0,0.025,0.0,0.025,0.0,0.0,0.0,0.05
0141,0328807,Adenoma high grade,0.16051338613033295,0.16051338613033295,54,0.9093036714814621,33,4,9,3,0,0,3,0,1,0,0,0,1,0.6111111111111112,0.07407407407407407,0.16666666666666666,0.05555555555555555,0.0,0.0,0.05555555555555555,0.0,0.018518518518518517,0.0,0.0,0.0,0.018518518518518517
0141,0377837,Adenoma high grade,0.1427035927772522,0.1427035927772522,47,0.996491271565337,46,0,0,0,0,0,0,0,0,0,0,1,0,0.9787234042553191,0.0,0.0,0.0,0.0,0.0,0.0,0.0,0.0,0.0,0.0,0.02127659574468085,0.0
0141,0379810,Adenoma high grade,0.15594296157360077,0.15594296157360077,59,0.9693999547864385,43,0,5,1,0,4,4,0,2,0,0,0,0,0.7288135593220338,0.0,0.0847457627118644,0.01694915254237288,0.0,0.06779661016949153,0.06779661016949153,0.0,0.03389830508474576,0.0,0.0,0.0,0.0
0141,0407752,Adenoma high grade,0.15728551149368286,0.15728551149368286,35,0.9883410515644095,31,0,2,0,0,0,2,0,0,0,0,0,0,0.8857142857142857,0.0,0.05714285714285714,0.0,0.0,0.0,0.05714285714285714,0.0,0.0,0.0,0.0,0.0,0.0
0141,0421445,Adenoma high grade,0.12383491545915604,0.12383491545915604,47,0.9770620878787092,40,0,5,0,0,0,0,0,0,0,0,2,0,0.851063829787234,0.0,0.10638297872340426,0.0,0.0,0.0,0.0,0.0,0.0,0.0,0.0,0.0425531914893617,0.0
0141,0450796,Adenoma high grade,0.1451839655637741,0.1451839655637741,42,0.9994786168498755,42,0,0,0,0,0,0,0,0,0,0,0,0,1.0,0.0,0.0,0.0,0.0,0.0,0.0,0.0,0.0,0.0,0.0,0.0,0.0
0141,0455418,Adenoma high grade,0.15306556224822998,0.15306556224822998,54,0.947915600318773,42,0,3,0,0,0,2,0,7,0,0,0,0,0.7777777777777778,0.0,0.05555555555555555,0.0,0.0,0.0,0.037037037037037035,0.0,0.12962962962962962,0.0,0.0,0.0,0.0
0141,0466998,Adenoma high grade,0.16388528048992157,0.16388528048992157,41,0.9681437386626424,36,0,2,0,0,0,1,0,1,0,0,0,1,0.8780487804878049,0.0,0.04878048780487805,0.0,0.0,0.0,0.024390243902439025,0.0,0.024390243902439025,0.0,0.0,0.0,0.024390243902439025
0141,0480079,Adenoma high grade,0.1297747939825058,0.1297747939825058,31,0.9993112101428535,29,0,1,0,0,0,0,0,0,0,0,1,0,0.9354838709677419,0.0,0.03225806451612903,0.0,0.0,0.0,0.0,0.0,0.0,0.0,0.0,0.03225806451612903,0.0
0141,0495096,Adenoma high grade,0.11876541376113892,0.11876541376113892,43,0.9156896869365396,33,2,5,0,0,0,0,1,1,0,0,1,0,0.7674418604651163,0.046511627906976744,0.11627906976744186,0.0,0.0,0.0,0.0,0.023255813953488372,0.023255813953488372,0.0,0.0,0.023255813953488372,0.0
0141,0515119,Adenoma high grade,0.15446850657463074,0.15446850657463074,69,0.9595267097379008,41,8,12,0,1,0,3,0,3,0,0,1,0,0.5942028985507246,0.11594202898550725,0.17391304347826086,0.0,0.014492753623188406,0.0,0.043478260869565216,0.0,0.043478260869565216,0.0,0.0,0.014492753623188406,0.0
0141,0579116,Adenoma high grade,0.16068913042545319,0.16068913042545319,55,0.9542218219744678,41,1,0,2,0,0,10,0,0,0,0,0,1,0.7454545454545455,0.01818181818181818,0.0,0.03636363636363636,0.0,0.0,0.18181818181818182,0.0,0.0,0.0,0.0,0.0,0.01818181818181818
0141,0580127,Adenoma high grade,0.15717604756355286,0.15717604756355286,42,0.9927867361417215,42,0,0,0,0,0,0,0,0,0,0,0,0,1.0,0.0,0.0,0.0,0.0,0.0,0.0,0.0,0.0,0.0,0.0,0.0,0.0
0141,0609149,Adenoma high grade,0.15821245312690735,0.15821245312690735,76,0.9687026172420475,53,1,12,0,0,0,0,0,8,0,0,0,2,0.6973684210526315,0.013157894736842105,0.15789473684210525,0.0,0.0,0.0,0.0,0.0,0.10526315789473684,0.0,0.0,0.0,0.02631578947368421
0141,0610187,Adenoma high grade,0.1589955985546112,0.1589955985546112,48,0.9647116285200723,33,2,1,0,0,1,2,0,9,0,0,0,0,0.6875,0.041666666666666664,0.020833333333333332,0.0,0.0,0.020833333333333332,0.041666666666666664,0.0,0.1875,0.0,0.0,0.0,0.0
0141,0673068,Adenoma high grade,0.16069325804710388,0.16069325804710388,62,0.9769657282399261,42,1,3,0,0,0,0,0,15,0,0,0,1,0.6774193548387096,0.016129032258064516,0.04838709677419355,0.0,0.0,0.0,0.0,0.0,0.24193548387096775,0.0,0.0,0.0,0.016129032258064516
0141,0674999,Adenoma high grade,0.1585991531610489,0.1585991531610489,23,0.9999999921091616,23,0,0,0,0,0,0,0,0,0,0,0,0,1.0,0.0,0.0,0.0,0.0,0.0,0.0,0.0,0.0,0.0,0.0,0.0,0.0
0141,0679668,Adenoma high grade,0.15596309304237366,0.15596309304237366,43,0.9951162719935109,38,1,4,0,0,0,0,0,0,0,0,0,0,0.8837209302325582,0.023255813953488372,0.09302325581395349,0.0,0.0,0.0,0.0,0.0,0.0,0.0,0.0,0.0,0.0
0141,0690274,Adenoma high grade,0.14866337180137634,0.14866337180137634,59,0.9983353433035305,58,0,0,0,0,1,0,0,0,0,0,0,0,0.9830508474576272,0.0,0.0,0.0,0.0,0.01694915254237288,0.0,0.0,0.0,0.0,0.0,0.0,0.0
0141,0702880,Adenoma high grade,0.1559668332338333,0.1559668332338333,49,0.9875743089953082,47,0,0,1,0,0,0,0,0,0,0,1,0,0.9591836734693877,0.0,0.0,0.02040816326530612,0.0,0.0,0.0,0.0,0.0,0.0,0.0,0.02040816326530612,0.0
0141,0710360,Adenoma high grade,0.11987629532814026,0.11987629532814026,67,0.9704454279617076,50,2,6,2,0,0,2,0,5,0,0,0,0,0.746268656716418,0.029850746268656716,0.08955223880597014,0.029850746268656716,0.0,0.0,0.029850746268656716,0.0,0.07462686567164178,0.0,0.0,0.0,0.0
0141,0740186,Adenoma high grade,0.15492449700832367,0.15492449700832367,53,0.9764931143794772,41,1,5,0,0,0,1,0,5,0,0,0,0,0.7735849056603774,0.018867924528301886,0.09433962264150944,0.0,0.0,0.0,0.018867924528301886,0.0,0.09433962264150944,0.0,0.0,0.0,0.0
0141,0741524,Adenoma high grade,0.1623261570930481,0.1623261570930481,26,0.9439623427513122,22,0,0,0,0,0,4,0,0,0,0,0,0,0.8461538461538461,0.0,0.0,0.0,0.0,0.0,0.15384615384615385,0.0,0.0,0.0,0.0,0.0,0.0
0141,0749139,Adenoma high grade,0.14670859277248383,0.14670859277248383,42,0.9999999937794658,37,0,4,0,0,0,0,0,1,0,0,0,0,0.8809523809523809,0.0,0.09523809523809523,0.0,0.0,0.0,0.0,0.0,0.023809523809523808,0.0,0.0,0.0,0.0
0141,0768737,Adenoma high grade,0.15516360104084015,0.15516360104084015,51,0.9818724681865038,47,0,1,0,0,0,0,0,2,0,0,0,1,0.9215686274509803,0.0,0.0196078431372549,0.0,0.0,0.0,0.0,0.0,0.0392156862745098,0.0,0.0,0.0,0.0196078431372549
0141,0785779,Adenoma high grade,0.1570720225572586,0.1570720225572586,49,0.9523830028323503,37,0,2,0,0,0,1,0,9,0,0,0,0,0.7551020408163265,0.0,0.04081632653061224,0.0,0.0,0.0,0.02040816326530612,0.0,0.1836734693877551,0.0,0.0,0.0,0.0
0141,0794661,Adenoma high grade,0.14095322787761688,0.14095322787761688,36,0.9937641654451483,35,0,0,0,0,0,0,0,0,0,0,1,0,0.9722222222222222,0.0,0.0,0.0,0.0,0.0,0.0,0.0,0.0,0.0,0.0,0.027777777777777776,0.0
0141,0884258,Adenoma high grade,0.13025052845478058,0.13025052845478058,48,0.9640582432184243,42,0,2,0,0,0,4,0,0,0,0,0,0,0.875,0.0,0.041666666666666664,0.0,0.0,0.0,0.08333333333333333,0.0,0.0,0.0,0.0,0.0,0.0
0141,0922349,Adenoma high grade,0.15509848296642303,0.15509848296642303,52,0.9980953480986346,52,0,0,0,0,0,0,0,0,0,0,0,0,1.0,0.0,0.0,0.0,0.0,0.0,0.0,0.0,0.0,0.0,0.0,0.0,0.0
0141,0932049,Adenoma high grade,0.15577618777751923,0.15577618777751923,37,0.9643335134393461,29,0,2,0,0,0,1,0,5,0,0,0,0,0.7837837837837838,0.0,0.05405405405405406,0.0,0.0,0.0,0.02702702702702703,0.0,0.13513513513513514,0.0,0.0,0.0,0.0
0141,0939110,Adenoma high grade,0.15237274765968323,0.15237274765968323,58,0.9821319817648609,53,3,0,0,0,0,1,0,0,0,0,0,1,0.9137931034482759,0.05172413793103448,0.0,0.0,0.0,0.0,0.017241379310344827,0.0,0.0,0.0,0.0,0.0,0.017241379310344827
0141,0942088,Adenoma high grade,0.16631421446800232,0.16631421446800232,60,0.8899671007174818,36,9,2,2,0,0,4,0,5,0,0,0,2,0.6,0.15,0.03333333333333333,0.03333333333333333,0.0,0.0,0.06666666666666667,0.0,0.08333333333333333,0.0,0.0,0.0,0.03333333333333333
0141,0946056,Adenoma high grade,0.15044128894805908,0.15044128894805908,64,0.9893871573056572,57,4,0,0,0,0,0,0,0,0,0,1,2,0.890625,0.0625,0.0,0.0,0.0,0.0,0.0,0.0,0.0,0.0,0.0,0.015625,0.03125
0141,0993111,Adenoma high grade,0.15111364424228668,0.15111364424228668,38,0.9965098351890775,34,0,0,0,0,0,1,0,3,0,0,0,0,0.8947368421052632,0.0,0.0,0.0,0.0,0.0,0.02631578947368421,0.0,0.07894736842105263,0.0,0.0,0.0,0.0
0141,1005091,Adenoma high grade,0.11174856126308441,0.11174856126308441,46,0.9873448968283843,42,1,1,0,0,0,0,0,1,0,0,1,0,0.9130434782608695,0.021739130434782608,0.021739130434782608,0.0,0.0,0.0,0.0,0.0,0.021739130434782608,0.0,0.0,0.021739130434782608,0.0
0141,1022996,Adenoma high grade,0.15400336682796478,0.15400336682796478,65,0.9786812514775868,55,0,3,0,0,0,1,0,6,0,0,0,0,0.8461538461538461,0.0,0.046153846153846156,0.0,0.0,0.0,0.015384615384615385,0.0,0.09230769230769231,0.0,0.0,0.0,0.0
0141,1030033,Adenoma high grade,0.1494942605495453,0.1494942605495453,48,0.9872310465770197,40,1,4,0,0,0,1,0,1,0,0,1,0,0.8333333333333334,0.020833333333333332,0.08333333333333333,0.0,0.0,0.0,0.020833333333333332,0.0,0.020833333333333332,0.0,0.0,0.020833333333333332,0.0
0154,0022704,Adenoma high grade,0.16354021430015564,0.16354021430015564,47,0.9894743707418012,45,0,0,0,0,0,0,0,2,0,0,0,0,0.9574468085106383,0.0,0.0,0.0,0.0,0.0,0.0,0.0,0.0425531914893617,0.0,0.0,0.0,0.0
0154,0036039,Adenoma high grade,0.16494548320770264,0.16494548320770264,79,0.9876938170595555,71,2,1,0,0,0,0,0,5,0,0,0,0,0.8987341772151899,0.02531645569620253,0.012658227848101266,0.0,0.0,0.0,0.0,0.0,0.06329113924050633,0.0,0.0,0.0,0.0
0154,0138799,Adenoma high grade,0.16615280508995056,0.16615280508995056,64,0.9904367924970277,62,0,2,0,0,0,0,0,0,0,0,0,0,0.96875,0.0,0.03125,0.0,0.0,0.0,0.0,0.0,0.0,0.0,0.0,0.0,0.0
0154,0264675,Adenoma high grade,0.16579246520996094,0.16579246520996094,71,0.9792105871190712,58,2,4,2,0,0,4,0,1,0,0,0,0,0.8169014084507042,0.028169014084507043,0.056338028169014086,0.028169014084507043,0.0,0.0,0.056338028169014086,0.0,0.014084507042253521,0.0,0.0,0.0,0.0
0154,0357364,Adenoma high grade,0.157527357339859,0.157527357339859,58,0.9961602102997787,56,0,2,0,0,0,0,0,0,0,0,0,0,0.9655172413793104,0.0,0.034482758620689655,0.0,0.0,0.0,0.0,0.0,0.0,0.0,0.0,0.0,0.0
0154,0365182,Adenoma high grade,0.16829738020896912,0.16829738020896912,82,0.9856690729853371,69,5,6,0,0,0,0,0,0,0,0,0,2,0.8414634146341463,0.06097560975609756,0.07317073170731707,0.0,0.0,0.0,0.0,0.0,0.0,0.0,0.0,0.0,0.024390243902439025
0154,0493849,Adenoma high grade,0.16843508183956146,0.16843508183956146,69,0.9890741029571843,59,1,1,0,0,0,4,0,4,0,0,0,0,0.855072463768116,0.014492753623188406,0.014492753623188406,0.0,0.0,0.0,0.057971014492753624,0.0,0.057971014492753624,0.0,0.0,0.0,0.0
0154,0501004,Adenoma high grade,0.16276513040065765,0.16276513040065765,70,0.9999526900470741,70,0,0,0,0,0,0,0,0,0,0,0,0,1.0,0.0,0.0,0.0,0.0,0.0,0.0,0.0,0.0,0.0,0.0,0.0,0.0
0154,0742393,Adenoma high grade,0.16353461146354675,0.16353461146354675,70,0.9429440658629622,60,2,6,0,0,0,1,0,1,0,0,0,0,0.8571428571428571,0.02857142857142857,0.08571428571428572,0.0,0.0,0.0,0.014285714285714285,0.0,0.014285714285714285,0.0,0.0,0.0,0.0
0154,0765937,Adenoma high grade,0.16422493755817413,0.16422493755817413,73,0.9495584347700654,40,6,18,1,0,0,4,0,4,0,0,0,0,0.547945205479452,0.0821917808219178,0.2465753424657534,0.0136986301369863,0.0,0.0,0.0547945205479452,0.0,0.0547945205479452,0.0,0.0,0.0,0.0
0154,0879801,Adenoma high grade,0.15796726942062378,0.15796726942062378,68,0.9505874432136703,44,3,13,2,0,0,6,0,0,0,0,0,0,0.6470588235294118,0.04411764705882353,0.19117647058823528,0.029411764705882353,0.0,0.0,0.08823529411764706,0.0,0.0,0.0,0.0,0.0,0.0
0154,0942585,Adenoma high grade,0.162827268242836,0.162827268242836,64,0.9999999925576987,64,0,0,0,0,0,0,0,0,0,0,0,0,1.0,0.0,0.0,0.0,0.0,0.0,0.0,0.0,0.0,0.0,0.0,0.0,0.0
0154,0957804,Adenoma high grade,0.16375164687633514,0.16375164687633514,56,0.9960731927143983,56,0,0,0,0,0,0,0,0,0,0,0,0,1.0,0.0,0.0,0.0,0.0,0.0,0.0,0.0,0.0,0.0,0.0,0.0,0.0
0154,0984071,Adenoma high grade,0.16022802889347076,0.16022802889347076,95,0.993587848643404,95,0,0,0,0,0,0,0,0,0,0,0,0,1.0,0.0,0.0,0.0,0.0,0.0,0.0,0.0,0.0,0.0,0.0,0.0,0.0
0157,0028957,Adenoma high grade,0.15378208458423615,0.15378208458423615,60,0.9961315542907092,59,0,0,0,0,0,0,0,0,0,0,0,1,0.9833333333333333,0.0,0.0,0.0,0.0,0.0,0.0,0.0,0.0,0.0,0.0,0.0,0.016666666666666666
0157,0071481,Adenoma high grade,0.15696217119693756,0.15696217119693756,60,0.987462858063156,56,0,1,0,0,0,2,0,1,0,0,0,0,0.9333333333333333,0.0,0.016666666666666666,0.0,0.0,0.0,0.03333333333333333,0.0,0.016666666666666666,0.0,0.0,0.0,0.0
0157,0138537,Adenoma high grade,0.14605627954006195,0.14605627954006195,61,0.9351367185507219,44,0,6,0,0,2,9,0,0,0,0,0,0,0.7213114754098361,0.0,0.09836065573770492,0.0,0.0,0.03278688524590164,0.14754098360655737,0.0,0.0,0.0,0.0,0.0,0.0
0157,0158585,Adenoma high grade,0.13729113340377808,0.13729113340377808,36,0.9765818194226239,30,0,3,0,0,0,2,0,1,0,0,0,0,0.8333333333333334,0.0,0.08333333333333333,0.0,0.0,0.0,0.05555555555555555,0.0,0.027777777777777776,0.0,0.0,0.0,0.0
0157,0250237,Adenoma high grade,0.1577897071838379,0.1577897071838379,60,0.9980729104466638,60,0,0,0,0,0,0,0,0,0,0,0,0,1.0,0.0,0.0,0.0,0.0,0.0,0.0,0.0,0.0,0.0,0.0,0.0,0.0
0157,0269434,Adenoma high grade,0.16216786205768585,0.16216786205768585,49,0.9594095832585148,39,1,0,0,0,0,5,0,1,0,0,0,3,0.7959183673469388,0.02040816326530612,0.0,0.0,0.0,0.0,0.10204081632653061,0.0,0.02040816326530612,0.0,0.0,0.0,0.061224489795918366
0157,0391328,Adenoma high grade,0.14501561224460602,0.14501561224460602,42,0.9464569953207526,34,0,3,0,0,0,2,0,1,0,0,0,2,0.8095238095238095,0.0,0.07142857142857142,0.0,0.0,0.0,0.047619047619047616,0.0,0.023809523809523808,0.0,0.0,0.0,0.047619047619047616
0157,0393389,Adenoma high grade,0.15782716870307922,0.15782716870307922,71,0.9784925669294753,68,0,2,1,0,0,0,0,0,0,0,0,0,0.9577464788732394,0.0,0.028169014084507043,0.014084507042253521,0.0,0.0,0.0,0.0,0.0,0.0,0.0,0.0,0.0
0157,0416931,Adenoma high grade,0.12114498764276505,0.12114498764276505,41,0.863860123285087,39,0,1,1,0,0,0,0,0,0,0,0,0,0.9512195121951219,0.0,0.024390243902439025,0.024390243902439025,0.0,0.0,0.0,0.0,0.0,0.0,0.0,0.0,0.0
0157,0492283,Adenoma high grade,0.1881856769323349,0.1881856769323349,48,0.9350645294973172,32,4,9,0,0,0,2,0,0,0,0,0,1,0.6666666666666666,0.08333333333333333,0.1875,0.0,0.0,0.0,0.041666666666666664,0.0,0.0,0.0,0.0,0.0,0.020833333333333332
0157,0585201,Adenoma high grade,0.1524563580751419,0.1524563580751419,21,0.9920276777132906,21,0,0,0,0,0,0,0,0,0,0,0,0,1.0,0.0,0.0,0.0,0.0,0.0,0.0,0.0,0.0,0.0,0.0,0.0,0.0
0157,0622993,Adenoma high grade,0.14896105229854584,0.14896105229854584,34,0.9606876393680286,31,0,1,0,0,0,2,0,0,0,0,0,0,0.9117647058823529,0.0,0.029411764705882353,0.0,0.0,0.0,0.058823529411764705,0.0,0.0,0.0,0.0,0.0,0.0
0157,0669789,Adenoma high grade,0.1526719331741333,0.1526719331741333,46,0.9581214492391221,38,4,3,1,0,0,0,0,0,0,0,0,0,0.8260869565217391,0.08695652173913043,0.06521739130434782,0.021739130434782608,0.0,0.0,0.0,0.0,0.0,0.0,0.0,0.0,0.0
0157,0739404,Adenoma high grade,0.1566738784313202,0.1566738784313202,47,0.9629859526375949,38,0,3,0,0,0,1,0,1,0,0,0,4,0.8085106382978723,0.0,0.06382978723404255,0.0,0.0,0.0,0.02127659574468085,0.0,0.02127659574468085,0.0,0.0,0.0,0.0851063829787234
0157,0765219,Adenoma high grade,0.15484465658664703,0.15484465658664703,58,0.949749847886938,38,3,10,0,0,0,0,0,7,0,0,0,0,0.6551724137931034,0.05172413793103448,0.1724137931034483,0.0,0.0,0.0,0.0,0.0,0.1206896551724138,0.0,0.0,0.0,0.0
0157,0957376,Adenoma high grade,0.15869614481925964,0.15869614481925964,79,0.9946992717380868,79,0,0,0,0,0,0,0,0,0,0,0,0,1.0,0.0,0.0,0.0,0.0,0.0,0.0,0.0,0.0,0.0,0.0,0.0,0.0
0157,0965884,Adenoma high grade,0.14176374673843384,0.14176374673843384,48,0.9925739606552325,48,0,0,0,0,0,0,0,0,0,0,0,0,1.0,0.0,0.0,0.0,0.0,0.0,0.0,0.0,0.0,0.0,0.0,0.0,0.0
0157,0991786,Adenoma high grade,0.16219094395637512,0.16219094395637512,65,0.9957379683185298,64,1,0,0,0,0,0,0,0,0,0,0,0,0.9846153846153847,0.015384615384615385,0.0,0.0,0.0,0.0,0.0,0.0,0.0,0.0,0.0,0.0,0.0
0157,1014802,Adenoma high grade,0.15964911878108978,0.15964911878108978,54,0.9937242726956084,48,0,2,0,0,0,1,0,3,0,0,0,0,0.8888888888888888,0.0,0.037037037037037035,0.0,0.0,0.0,0.018518518518518517,0.0,0.05555555555555555,0.0,0.0,0.0,0.0
0168,0047801,Adenoma high grade,0.17037169635295868,0.17037169635295868,27,0.962981682366699,26,0,0,1,0,0,0,0,0,0,0,0,0,0.9629629629629629,0.0,0.0,0.037037037037037035,0.0,0.0,0.0,0.0,0.0,0.0,0.0,0.0,0.0
0168,0061955,Adenoma high grade,0.16622965037822723,0.16622965037822723,68,0.9894635075667303,66,2,0,0,0,0,0,0,0,0,0,0,0,0.9705882352941176,0.029411764705882353,0.0,0.0,0.0,0.0,0.0,0.0,0.0,0.0,0.0,0.0,0.0
0168,0069946,Adenoma high grade,0.1600397229194641,0.1600397229194641,52,0.9862814180779099,48,0,2,0,0,1,1,0,0,0,0,0,0,0.9230769230769231,0.0,0.038461538461538464,0.0,0.0,0.019230769230769232,0.019230769230769232,0.0,0.0,0.0,0.0,0.0,0.0
0168,0115741,Adenoma high grade,0.16619592905044556,0.16619592905044556,31,0.955178219254181,25,0,0,0,0,0,3,0,1,0,0,0,2,0.8064516129032258,0.0,0.0,0.0,0.0,0.0,0.0967741935483871,0.0,0.03225806451612903,0.0,0.0,0.0,0.06451612903225806
0168,0184256,Adenoma high grade,0.1637217253446579,0.1637217253446579,55,0.9669593932528916,45,1,6,0,0,0,0,0,0,0,0,0,3,0.8181818181818182,0.01818181818181818,0.10909090909090909,0.0,0.0,0.0,0.0,0.0,0.0,0.0,0.0,0.0,0.05454545454545454
0168,0189990,Adenoma high grade,0.1640746295452118,0.1640746295452118,33,0.9473294441516178,15,1,4,0,0,0,1,0,11,0,0,0,1,0.45454545454545453,0.030303030303030304,0.12121212121212122,0.0,0.0,0.0,0.030303030303030304,0.0,0.3333333333333333,0.0,0.0,0.0,0.030303030303030304
0168,0256731,Adenoma high grade,0.1616155505180359,0.1616155505180359,34,0.9748093546888631,29,0,1,0,0,0,2,0,2,0,0,0,0,0.8529411764705882,0.0,0.029411764705882353,0.0,0.0,0.0,0.058823529411764705,0.0,0.058823529411764705,0.0,0.0,0.0,0.0
0168,0284837,Adenoma high grade,0.1668953001499176,0.1668953001499176,19,0.9794486150603801,16,0,0,0,0,1,1,0,0,0,0,0,1,0.8421052631578947,0.0,0.0,0.0,0.0,0.05263157894736842,0.05263157894736842,0.0,0.0,0.0,0.0,0.0,0.05263157894736842
0168,0300756,Adenoma high grade,0.1592007726430893,0.1592007726430893,67,0.9779096449553075,65,0,2,0,0,0,0,0,0,0,0,0,0,0.9701492537313433,0.0,0.029850746268656716,0.0,0.0,0.0,0.0,0.0,0.0,0.0,0.0,0.0,0.0
0168,0332474,Adenoma high grade,0.17040282487869263,0.17040282487869263,33,0.9999999936007405,32,0,0,0,0,0,0,0,1,0,0,0,0,0.9696969696969697,0.0,0.0,0.0,0.0,0.0,0.0,0.0,0.030303030303030304,0.0,0.0,0.0,0.0
0168,0344084,Adenoma high grade,0.16528558731079102,0.16528558731079102,48,0.9773881236472137,31,1,5,0,0,0,7,0,3,0,0,0,1,0.6458333333333334,0.020833333333333332,0.10416666666666667,0.0,0.0,0.0,0.14583333333333334,0.0,0.0625,0.0,0.0,0.0,0.020833333333333332
0168,0400759,Adenoma high grade,0.1611815243959427,0.1611815243959427,54,0.9162498812860107,37,1,2,0,0,3,3,0,1,0,1,0,6,0.6851851851851852,0.018518518518518517,0.037037037037037035,0.0,0.0,0.05555555555555555,0.05555555555555555,0.0,0.018518518518518517,0.0,0.018518518518518517,0.0,0.1111111111111111
0168,0438649,Adenoma high grade,0.15898218750953674,0.15898218750953674,51,0.9892978943311468,46,0,5,0,0,0,0,0,0,0,0,0,0,0.9019607843137255,0.0,0.09803921568627451,0.0,0.0,0.0,0.0,0.0,0.0,0.0,0.0,0.0,0.0
0168,0444938,Adenoma high grade,0.15465231239795685,0.15465231239795685,38,0.9682469451148312,35,0,0,0,0,1,2,0,0,0,0,0,0,0.9210526315789473,0.0,0.0,0.0,0.0,0.02631578947368421,0.05263157894736842,0.0,0.0,0.0,0.0,0.0,0.0
0168,0486844,Adenoma high grade,0.16446802020072937,0.16446802020072937,63,0.992429199951821,57,2,0,0,0,0,2,0,1,0,0,0,1,0.9047619047619048,0.031746031746031744,0.0,0.0,0.0,0.0,0.031746031746031744,0.0,0.015873015873015872,0.0,0.0,0.0,0.015873015873015872
0168,0496658,Adenoma high grade,0.16773588955402374,0.16773588955402374,59,0.9840420795625922,48,1,1,0,0,1,6,0,0,0,0,0,2,0.8135593220338984,0.01694915254237288,0.01694915254237288,0.0,0.0,0.01694915254237288,0.1016949152542373,0.0,0.0,0.0,0.0,0.0,0.03389830508474576
0168,0512270,Adenoma high grade,0.16020135581493378,0.16020135581493378,33,0.9935406631979067,32,1,0,0,0,0,0,0,0,0,0,0,0,0.9696969696969697,0.030303030303030304,0.0,0.0,0.0,0.0,0.0,0.0,0.0,0.0,0.0,0.0,0.0
0168,0549048,Adenoma high grade,0.16691505908966064,0.16691505908966064,41,0.9999999936906989,34,0,1,0,0,0,1,0,4,1,0,0,0,0.8292682926829268,0.0,0.024390243902439025,0.0,0.0,0.0,0.024390243902439025,0.0,0.0975609756097561,0.024390243902439025,0.0,0.0,0.0
0168,0551603,Adenoma high grade,0.15735115110874176,0.15735115110874176,53,0.9913961398971932,49,0,3,0,0,0,0,0,1,0,0,0,0,0.9245283018867925,0.0,0.05660377358490566,0.0,0.0,0.0,0.0,0.0,0.018867924528301886,0.0,0.0,0.0,0.0
0168,0579808,Adenoma high grade,0.16473284363746643,0.16473284363746643,50,0.979893740782179,42,0,0,0,0,0,6,0,2,0,0,0,0,0.84,0.0,0.0,0.0,0.0,0.0,0.12,0.0,0.04,0.0,0.0,0.0,0.0
0168,0590831,Adenoma high grade,0.1626448631286621,0.1626448631286621,38,0.9517697277487083,23,0,11,0,0,0,1,0,3,0,0,0,0,0.6052631578947368,0.0,0.2894736842105263,0.0,0.0,0.0,0.02631578947368421,0.0,0.07894736842105263,0.0,0.0,0.0,0.0
0168,0605373,Adenoma high grade,0.1637616604566574,0.1637616604566574,56,0.9948712110125622,54,1,0,0,0,0,0,0,0,0,0,1,0,0.9642857142857143,0.017857142857142856,0.0,0.0,0.0,0.0,0.0,0.0,0.0,0.0,0.0,0.017857142857142856,0.0
0168,0641207,Adenoma high grade,0.17041371762752533,0.17041371762752533,60,0.9619567227470459,51,0,3,0,0,0,3,0,0,0,0,1,2,0.85,0.0,0.05,0.0,0.0,0.0,0.05,0.0,0.0,0.0,0.0,0.016666666666666666,0.03333333333333333
0168,0653748,Adenoma high grade,0.17445364594459534,0.17445364594459534,27,0.9561654034634138,22,1,1,0,0,0,2,0,1,0,0,0,0,0.8148148148148148,0.037037037037037035,0.037037037037037035,0.0,0.0,0.0,0.07407407407407407,0.0,0.037037037037037035,0.0,0.0,0.0,0.0
0168,0706732,Adenoma high grade,0.1702331304550171,0.1702331304550171,33,0.9556157751656515,28,0,1,0,0,0,3,0,0,0,0,0,1,0.8484848484848485,0.0,0.030303030303030304,0.0,0.0,0.0,0.09090909090909091,0.0,0.0,0.0,0.0,0.0,0.030303030303030304
0168,0746057,Adenoma high grade,0.15964491665363312,0.15964491665363312,60,0.9512115965464469,54,0,3,1,0,0,2,0,0,0,0,0,0,0.9,0.0,0.05,0.016666666666666666,0.0,0.0,0.03333333333333333,0.0,0.0,0.0,0.0,0.0,0.0
0168,0748223,Adenoma high grade,0.16605502367019653,0.16605502367019653,20,0.9876234913202987,19,1,0,0,0,0,0,0,0,0,0,0,0,0.95,0.05,0.0,0.0,0.0,0.0,0.0,0.0,0.0,0.0,0.0,0.0,0.0
0168,0812587,Adenoma high grade,0.16606217622756958,0.16606217622756958,79,0.9929531441299005,76,0,1,0,0,0,0,0,0,0,0,0,2,0.9620253164556962,0.0,0.012658227848101266,0.0,0.0,0.0,0.0,0.0,0.0,0.0,0.0,0.0,0.02531645569620253
0168,0825844,Adenoma high grade,0.1663472205400467,0.1663472205400467,66,0.9639641338668193,58,2,4,0,0,0,0,0,0,0,0,1,1,0.8787878787878788,0.030303030303030304,0.06060606060606061,0.0,0.0,0.0,0.0,0.0,0.0,0.0,0.0,0.015151515151515152,0.015151515151515152
0168,0827756,Adenoma high grade,0.16160240769386292,0.16160240769386292,49,0.9341750698013195,22,0,2,0,0,1,0,0,20,0,0,0,4,0.4489795918367347,0.0,0.04081632653061224,0.0,0.0,0.02040816326530612,0.0,0.0,0.40816326530612246,0.0,0.0,0.0,0.08163265306122448
0168,0837492,Adenoma high grade,0.15856900811195374,0.15856900811195374,51,0.97135359209023,34,0,6,0,0,0,7,0,1,0,0,0,3,0.6666666666666666,0.0,0.11764705882352941,0.0,0.0,0.0,0.13725490196078433,0.0,0.0196078431372549,0.0,0.0,0.0,0.058823529411764705
0168,0841178,Adenoma high grade,0.16227951645851135,0.16227951645851135,25,0.9676939647570593,20,0,0,0,0,0,1,0,0,0,0,0,4,0.8,0.0,0.0,0.0,0.0,0.0,0.04,0.0,0.0,0.0,0.0,0.0,0.16
0168,0876932,Adenoma high grade,0.17790357768535614,0.17790357768535614,55,0.9529869080671438,44,3,2,0,0,0,4,0,1,0,0,0,1,0.8,0.05454545454545454,0.03636363636363636,0.0,0.0,0.0,0.07272727272727272,0.0,0.01818181818181818,0.0,0.0,0.0,0.01818181818181818
0168,0904765,Adenoma high grade,0.16747377812862396,0.16747377812862396,33,0.995030236499464,32,1,0,0,0,0,0,0,0,0,0,0,0,0.9696969696969697,0.030303030303030304,0.0,0.0,0.0,0.0,0.0,0.0,0.0,0.0,0.0,0.0,0.0
0168,0955709,Adenoma high grade,0.17361316084861755,0.17361316084861755,50,0.9084376005923113,28,1,2,0,0,1,14,0,2,0,0,0,2,0.56,0.02,0.04,0.0,0.0,0.02,0.28,0.0,0.04,0.0,0.0,0.0,0.04
0194,0083062,Adenoma high grade,0.13573189079761505,0.13573189079761505,26,0.9849658185325154,25,0,0,0,0,0,1,0,0,0,0,0,0,0.9615384615384616,0.0,0.0,0.0,0.0,0.0,0.038461538461538464,0.0,0.0,0.0,0.0,0.0,0.0
0194,0155336,Adenoma high grade,0.09723708033561707,0.09723708033561707,51,0.9174980476598192,22,4,12,0,1,3,6,0,3,0,0,0,0,0.43137254901960786,0.0784313725490196,0.23529411764705882,0.0,0.0196078431372549,0.058823529411764705,0.11764705882352941,0.0,0.058823529411764705,0.0,0.0,0.0,0.0
0194,0455407,Adenoma high grade,0.15895132720470428,0.15895132720470428,77,0.9958129088812414,77,0,0,0,0,0,0,0,0,0,0,0,0,1.0,0.0,0.0,0.0,0.0,0.0,0.0,0.0,0.0,0.0,0.0,0.0,0.0
0194,0595992,Adenoma high grade,0.06190922111272812,0.06190922111272812,42,0.974624270739703,30,4,3,1,0,0,3,0,1,0,0,0,0,0.7142857142857143,0.09523809523809523,0.07142857142857142,0.023809523809523808,0.0,0.0,0.07142857142857142,0.0,0.023809523809523808,0.0,0.0,0.0,0.0
0194,0608493,Adenoma high grade,0.08785396069288254,0.08785396069288254,65,0.9562389369879373,32,8,14,0,0,6,1,0,0,0,0,0,4,0.49230769230769234,0.12307692307692308,0.2153846153846154,0.0,0.0,0.09230769230769231,0.015384615384615385,0.0,0.0,0.0,0.0,0.0,0.06153846153846154
0194,0684531,Adenoma high grade,0.0660298690199852,0.0660298690199852,53,0.9704992822870523,17,4,30,0,0,2,0,0,0,0,0,0,0,0.32075471698113206,0.07547169811320754,0.5660377358490566,0.0,0.0,0.03773584905660377,0.0,0.0,0.0,0.0,0.0,0.0,0.0
0194,0862126,Adenoma high grade,0.1393948495388031,0.1393948495388031,70,0.9940545700129959,66,1,1,0,0,0,0,0,1,0,0,0,1,0.9428571428571428,0.014285714285714285,0.014285714285714285,0.0,0.0,0.0,0.0,0.0,0.014285714285714285,0.0,0.0,0.0,0.014285714285714285
0205,0005730,Adenoma high grade,0.1519467830657959,0.1519467830657959,56,0.9999999935378606,56,0,0,0,0,0,0,0,0,0,0,0,0,1.0,0.0,0.0,0.0,0.0,0.0,0.0,0.0,0.0,0.0,0.0,0.0,0.0
0205,0011255,Adenoma high grade,0.14276985824108124,0.14276985824108124,67,0.9576721862203473,53,0,8,0,0,0,4,0,0,0,0,2,0,0.7910447761194029,0.0,0.11940298507462686,0.0,0.0,0.0,0.05970149253731343,0.0,0.0,0.0,0.0,0.029850746268656716,0.0
0205,0063346,Adenoma high grade,0.1522241085767746,0.1522241085767746,53,0.9839648224340373,53,0,0,0,0,0,0,0,0,0,0,0,0,1.0,0.0,0.0,0.0,0.0,0.0,0.0,0.0,0.0,0.0,0.0,0.0,0.0
0205,0071136,Adenoma high grade,0.13358840346336365,0.13358840346336365,65,0.9953601873124928,63,0,2,0,0,0,0,0,0,0,0,0,0,0.9692307692307692,0.0,0.03076923076923077,0.0,0.0,0.0,0.0,0.0,0.0,0.0,0.0,0.0,0.0
0205,0091452,Adenoma high grade,0.0719393864274025,0.0719393864274025,52,0.9847148421718394,44,5,1,0,0,0,2,0,0,0,0,0,0,0.8461538461538461,0.09615384615384616,0.019230769230769232,0.0,0.0,0.0,0.038461538461538464,0.0,0.0,0.0,0.0,0.0,0.0
0205,0110325,Adenoma high grade,0.14057107269763947,0.14057107269763947,64,0.9999589836606088,63,0,0,0,0,0,0,0,0,0,0,0,1,0.984375,0.0,0.0,0.0,0.0,0.0,0.0,0.0,0.0,0.0,0.0,0.0,0.015625
0205,0112389,Adenoma high grade,0.1515762060880661,0.1515762060880661,37,0.9385843137377721,37,0,0,0,0,0,0,0,0,0,0,0,0,1.0,0.0,0.0,0.0,0.0,0.0,0.0,0.0,0.0,0.0,0.0,0.0,0.0
0205,0172314,Adenoma high grade,0.14644084870815277,0.14644084870815277,54,0.8682463619552526,53,0,0,1,0,0,0,0,0,0,0,0,0,0.9814814814814815,0.0,0.0,0.018518518518518517,0.0,0.0,0.0,0.0,0.0,0.0,0.0,0.0,0.0
0205,0174169,Adenoma high grade,0.13815642893314362,0.13815642893314362,54,0.9562947048049553,53,0,0,1,0,0,0,0,0,0,0,0,0,0.9814814814814815,0.0,0.0,0.018518518518518517,0.0,0.0,0.0,0.0,0.0,0.0,0.0,0.0,0.0
0205,0206575,Adenoma high grade,0.1449873298406601,0.1449873298406601,48,0.9989704889834803,45,0,3,0,0,0,0,0,0,0,0,0,0,0.9375,0.0,0.0625,0.0,0.0,0.0,0.0,0.0,0.0,0.0,0.0,0.0,0.0
0205,0271166,Adenoma high grade,0.1486515998840332,0.1486515998840332,39,0.8149753517186151,35,0,0,4,0,0,0,0,0,0,0,0,0,0.8974358974358975,0.0,0.0,0.10256410256410256,0.0,0.0,0.0,0.0,0.0,0.0,0.0,0.0,0.0
0205,0318254,Adenoma high grade,0.13753841817378998,0.13753841817378998,43,0.9881165278614368,41,0,2,0,0,0,0,0,0,0,0,0,0,0.9534883720930233,0.0,0.046511627906976744,0.0,0.0,0.0,0.0,0.0,0.0,0.0,0.0,0.0,0.0
0205,0323344,Adenoma high grade,0.15558025240898132,0.15558025240898132,69,0.9677216393998086,67,0,2,0,0,0,0,0,0,0,0,0,0,0.9710144927536232,0.0,0.028985507246376812,0.0,0.0,0.0,0.0,0.0,0.0,0.0,0.0,0.0,0.0
0205,0352180,Adenoma high grade,0.15295550227165222,0.15295550227165222,35,0.9902857081550664,32,0,0,0,0,0,2,0,1,0,0,0,0,0.9142857142857143,0.0,0.0,0.0,0.0,0.0,0.05714285714285714,0.0,0.02857142857142857,0.0,0.0,0.0,0.0
0205,0376719,Adenoma high grade,0.14805400371551514,0.14805400371551514,54,0.9582232418865212,36,4,11,0,0,0,2,0,0,0,0,1,0,0.6666666666666666,0.07407407407407407,0.2037037037037037,0.0,0.0,0.0,0.037037037037037035,0.0,0.0,0.0,0.0,0.018518518518518517,0.0
0205,0430407,Adenoma high grade,0.15595820546150208,0.15595820546150208,84,0.9709011113217756,83,0,0,0,0,0,0,0,0,0,0,1,0,0.9880952380952381,0.0,0.0,0.0,0.0,0.0,0.0,0.0,0.0,0.0,0.0,0.011904761904761904,0.0
0205,0541864,Adenoma high grade,0.14273588359355927,0.14273588359355927,71,0.9902402971333439,64,7,0,0,0,0,0,0,0,0,0,0,0,0.9014084507042254,0.09859154929577464,0.0,0.0,0.0,0.0,0.0,0.0,0.0,0.0,0.0,0.0,0.0
0205,0623732,Adenoma high grade,0.13620607554912567,0.13620607554912567,43,0.9999999939364685,42,1,0,0,0,0,0,0,0,0,0,0,0,0.9767441860465116,0.023255813953488372,0.0,0.0,0.0,0.0,0.0,0.0,0.0,0.0,0.0,0.0,0.0
0205,0625325,Adenoma high grade,0.14649836719036102,0.14649836719036102,61,0.9986148826920533,54,0,6,0,0,0,0,0,1,0,0,0,0,0.8852459016393442,0.0,0.09836065573770492,0.0,0.0,0.0,0.0,0.0,0.01639344262295082,0.0,0.0,0.0,0.0
0205,0660736,Adenoma high grade,0.11499185115098953,0.11499185115098953,37,0.9997154987801735,37,0,0,0,0,0,0,0,0,0,0,0,0,1.0,0.0,0.0,0.0,0.0,0.0,0.0,0.0,0.0,0.0,0.0,0.0,0.0
0205,0673235,Adenoma high grade,0.138803169131279,0.138803169131279,41,0.9998426383345281,41,0,0,0,0,0,0,0,0,0,0,0,0,1.0,0.0,0.0,0.0,0.0,0.0,0.0,0.0,0.0,0.0,0.0,0.0,0.0
0205,0697908,Adenoma high grade,0.15585780143737793,0.15585780143737793,44,0.9953740886789255,44,0,0,0,0,0,0,0,0,0,0,0,0,1.0,0.0,0.0,0.0,0.0,0.0,0.0,0.0,0.0,0.0,0.0,0.0,0.0
0205,0700022,Adenoma high grade,0.09285754710435867,0.09285754710435867,31,0.9757395206976566,31,0,0,0,0,0,0,0,0,0,0,0,0,1.0,0.0,0.0,0.0,0.0,0.0,0.0,0.0,0.0,0.0,0.0,0.0,0.0
0205,0763519,Adenoma high grade,0.15746495127677917,0.15746495127677917,37,0.9985737703327283,37,0,0,0,0,0,0,0,0,0,0,0,0,1.0,0.0,0.0,0.0,0.0,0.0,0.0,0.0,0.0,0.0,0.0,0.0,0.0
0205,0765036,Adenoma high grade,0.15203513205051422,0.15203513205051422,60,0.9862227696284509,58,1,0,0,0,0,0,0,0,0,0,1,0,0.9666666666666667,0.016666666666666666,0.0,0.0,0.0,0.0,0.0,0.0,0.0,0.0,0.0,0.016666666666666666,0.0
0205,0777708,Adenoma high grade,0.15134628117084503,0.15134628117084503,32,0.9875804323240329,32,0,0,0,0,0,0,0,0,0,0,0,0,1.0,0.0,0.0,0.0,0.0,0.0,0.0,0.0,0.0,0.0,0.0,0.0,0.0
0205,0796845,Adenoma high grade,0.15964177250862122,0.15964177250862122,53,0.9991125010496925,53,0,0,0,0,0,0,0,0,0,0,0,0,1.0,0.0,0.0,0.0,0.0,0.0,0.0,0.0,0.0,0.0,0.0,0.0,0.0
0205,0811386,Adenoma high grade,0.13055451214313507,0.13055451214313507,38,0.9904306156304542,35,0,2,0,0,0,0,0,1,0,0,0,0,0.9210526315789473,0.0,0.05263157894736842,0.0,0.0,0.0,0.0,0.0,0.02631578947368421,0.0,0.0,0.0,0.0
0205,0835863,Adenoma high grade,0.1343638151884079,0.1343638151884079,49,0.9984882757454456,49,0,0,0,0,0,0,0,0,0,0,0,0,1.0,0.0,0.0,0.0,0.0,0.0,0.0,0.0,0.0,0.0,0.0,0.0,0.0
0205,0871561,Adenoma high grade,0.16306345164775848,0.16306345164775848,39,0.9936509271009072,39,0,0,0,0,0,0,0,0,0,0,0,0,1.0,0.0,0.0,0.0,0.0,0.0,0.0,0.0,0.0,0.0,0.0,0.0,0.0
0205,0893845,Adenoma high grade,0.15894478559494019,0.15894478559494019,69,0.9770323904732053,62,0,6,0,0,0,0,0,1,0,0,0,0,0.8985507246376812,0.0,0.08695652173913043,0.0,0.0,0.0,0.0,0.0,0.014492753623188406,0.0,0.0,0.0,0.0
0205,0915623,Adenoma high grade,0.15314726531505585,0.15314726531505585,49,0.9931972722273068,48,1,0,0,0,0,0,0,0,0,0,0,0,0.9795918367346939,0.02040816326530612,0.0,0.0,0.0,0.0,0.0,0.0,0.0,0.0,0.0,0.0,0.0
0205,1005221,Adenoma high grade,0.14367982745170593,0.14367982745170593,33,0.9649914576070451,31,0,0,0,0,0,0,0,0,0,0,0,2,0.9393939393939394,0.0,0.0,0.0,0.0,0.0,0.0,0.0,0.0,0.0,0.0,0.0,0.06060606060606061
0205,1023536,Adenoma high grade,0.1270306259393692,0.1270306259393692,35,0.9557216304771219,32,0,2,0,0,0,1,0,0,0,0,0,0,0.9142857142857143,0.0,0.05714285714285714,0.0,0.0,0.0,0.02857142857142857,0.0,0.0,0.0,0.0,0.0,0.0
0205,1024779,Adenoma high grade,0.13503122329711914,0.13503122329711914,37,0.9984467159287868,36,0,0,0,0,0,0,0,0,0,0,1,0,0.972972972972973,0.0,0.0,0.0,0.0,0.0,0.0,0.0,0.0,0.0,0.0,0.02702702702702703,0.0
0205,1029242,Adenoma high grade,0.11530811339616776,0.11530811339616776,30,0.9580358424569454,27,0,2,0,0,0,0,0,0,0,0,0,1,0.9,0.0,0.06666666666666667,0.0,0.0,0.0,0.0,0.0,0.0,0.0,0.0,0.0,0.03333333333333333
0222,0008136,Adenoma high grade,0.14513534307479858,0.14513534307479858,52,0.9954788094679924,52,0,0,0,0,0,0,0,0,0,0,0,0,1.0,0.0,0.0,0.0,0.0,0.0,0.0,0.0,0.0,0.0,0.0,0.0,0.0
0222,0031541,Adenoma high grade,0.1096290573477745,0.1096290573477745,65,0.9392479817631098,41,8,3,2,0,1,10,0,0,0,0,0,0,0.6307692307692307,0.12307692307692308,0.046153846153846156,0.03076923076923077,0.0,0.015384615384615385,0.15384615384615385,0.0,0.0,0.0,0.0,0.0,0.0
0222,0047696,Adenoma high grade,0.08632645010948181,0.08632645010948181,81,0.963361476791314,57,6,14,1,0,0,2,1,0,0,0,0,0,0.7037037037037037,0.07407407407407407,0.1728395061728395,0.012345679012345678,0.0,0.0,0.024691358024691357,0.012345679012345678,0.0,0.0,0.0,0.0,0.0
0222,0050953,Adenoma high grade,0.0864749550819397,0.0864749550819397,67,0.9186967759916829,34,15,3,5,1,0,9,0,0,0,0,0,0,0.5074626865671642,0.22388059701492538,0.04477611940298507,0.07462686567164178,0.014925373134328358,0.0,0.13432835820895522,0.0,0.0,0.0,0.0,0.0,0.0
0222,0053284,Adenoma high grade,0.13839468359947205,0.13839468359947205,63,0.9648807255496268,32,18,2,1,0,0,6,0,4,0,0,0,0,0.5079365079365079,0.2857142857142857,0.031746031746031744,0.015873015873015872,0.0,0.0,0.09523809523809523,0.0,0.06349206349206349,0.0,0.0,0.0,0.0
0222,0068888,Adenoma high grade,0.13484686613082886,0.13484686613082886,53,0.9999999925627376,52,0,0,0,0,0,1,0,0,0,0,0,0,0.9811320754716981,0.0,0.0,0.0,0.0,0.0,0.018867924528301886,0.0,0.0,0.0,0.0,0.0,0.0
0222,0071745,Adenoma high grade,0.122154101729393,0.122154101729393,46,0.9995374555176373,46,0,0,0,0,0,0,0,0,0,0,0,0,1.0,0.0,0.0,0.0,0.0,0.0,0.0,0.0,0.0,0.0,0.0,0.0,0.0
0222,0100640,Adenoma high grade,0.13842707872390747,0.13842707872390747,66,0.9805853332808478,62,0,1,0,0,0,3,0,0,0,0,0,0,0.9393939393939394,0.0,0.015151515151515152,0.0,0.0,0.0,0.045454545454545456,0.0,0.0,0.0,0.0,0.0,0.0
0222,0123118,Adenoma high grade,0.1343357414007187,0.1343357414007187,108,0.9804690970044847,103,1,4,0,0,0,0,0,0,0,0,0,0,0.9537037037037037,0.009259259259259259,0.037037037037037035,0.0,0.0,0.0,0.0,0.0,0.0,0.0,0.0,0.0,0.0
0222,0128096,Adenoma high grade,0.15489555895328522,0.15489555895328522,46,0.9701649683024288,46,0,0,0,0,0,0,0,0,0,0,0,0,1.0,0.0,0.0,0.0,0.0,0.0,0.0,0.0,0.0,0.0,0.0,0.0,0.0
0222,0136957,Adenoma high grade,0.12697796523571014,0.12697796523571014,97,0.9662450456978084,71,7,13,1,0,1,4,0,0,0,0,0,0,0.7319587628865979,0.07216494845360824,0.13402061855670103,0.010309278350515464,0.0,0.010309278350515464,0.041237113402061855,0.0,0.0,0.0,0.0,0.0,0.0
0222,0148904,Adenoma high grade,0.15222349762916565,0.15222349762916565,88,0.9459143333184798,44,21,8,4,0,0,10,0,0,0,0,0,1,0.5,0.23863636363636365,0.09090909090909091,0.045454545454545456,0.0,0.0,0.11363636363636363,0.0,0.0,0.0,0.0,0.0,0.011363636363636364
0222,0156741,Adenoma high grade,0.10127192735671997,0.10127192735671997,76,0.9763144683135359,42,8,6,0,0,0,1,0,0,0,0,0,19,0.5526315789473685,0.10526315789473684,0.07894736842105263,0.0,0.0,0.0,0.013157894736842105,0.0,0.0,0.0,0.0,0.0,0.25
0222,0156974,Adenoma high grade,0.11358097195625305,0.11358097195625305,71,0.930285906402822,47,9,5,4,0,0,2,2,1,0,0,1,0,0.6619718309859155,0.1267605633802817,0.07042253521126761,0.056338028169014086,0.0,0.0,0.028169014084507043,0.028169014084507043,0.014084507042253521,0.0,0.0,0.014084507042253521,0.0
0222,0163503,Adenoma high grade,0.1474892497062683,0.1474892497062683,67,0.9980415706455844,66,1,0,0,0,0,0,0,0,0,0,0,0,0.9850746268656716,0.014925373134328358,0.0,0.0,0.0,0.0,0.0,0.0,0.0,0.0,0.0,0.0,0.0
0222,0203198,Adenoma high grade,0.15149708092212677,0.15149708092212677,97,0.9818595245998377,88,4,4,0,0,0,1,0,0,0,0,0,0,0.9072164948453608,0.041237113402061855,0.041237113402061855,0.0,0.0,0.0,0.010309278350515464,0.0,0.0,0.0,0.0,0.0,0.0
0222,0225171,Adenoma high grade,0.08876264840364456,0.08876264840364456,78,0.9241261627365381,33,17,23,0,0,0,4,0,0,0,0,0,1,0.4230769230769231,0.21794871794871795,0.2948717948717949,0.0,0.0,0.0,0.05128205128205128,0.0,0.0,0.0,0.0,0.0,0.01282051282051282
0222,0233031,Adenoma high grade,0.11881767958402634,0.11881767958402634,58,0.8249188617446298,54,0,0,4,0,0,0,0,0,0,0,0,0,0.9310344827586207,0.0,0.0,0.06896551724137931,0.0,0.0,0.0,0.0,0.0,0.0,0.0,0.0,0.0
0222,0238450,Adenoma high grade,0.08729448169469833,0.08729448169469833,66,0.9317360484360466,45,11,1,3,0,0,4,0,0,0,1,1,0,0.6818181818181818,0.16666666666666666,0.015151515151515152,0.045454545454545456,0.0,0.0,0.06060606060606061,0.0,0.0,0.0,0.015151515151515152,0.015151515151515152,0.0
0222,0253440,Adenoma high grade,0.10990428924560547,0.10990428924560547,82,0.9338615116583819,36,13,1,1,0,9,8,0,5,0,0,0,9,0.43902439024390244,0.15853658536585366,0.012195121951219513,0.012195121951219513,0.0,0.10975609756097561,0.0975609756097561,0.0,0.06097560975609756,0.0,0.0,0.0,0.10975609756097561
0222,0278056,Adenoma high grade,0.1095801442861557,0.1095801442861557,73,0.9990234225314649,63,2,7,0,0,0,1,0,0,0,0,0,0,0.863013698630137,0.0273972602739726,0.0958904109589041,0.0,0.0,0.0,0.0136986301369863,0.0,0.0,0.0,0.0,0.0,0.0
0222,0279012,Adenoma high grade,0.13979442417621613,0.13979442417621613,104,0.9344342074898151,37,51,5,7,0,0,4,0,0,0,0,0,0,0.3557692307692308,0.49038461538461536,0.04807692307692308,0.0673076923076923,0.0,0.0,0.038461538461538464,0.0,0.0,0.0,0.0,0.0,0.0
0222,0296108,Adenoma high grade,0.11988481879234314,0.11988481879234314,75,0.9959555206234787,70,1,4,0,0,0,0,0,0,0,0,0,0,0.9333333333333333,0.013333333333333334,0.05333333333333334,0.0,0.0,0.0,0.0,0.0,0.0,0.0,0.0,0.0,0.0
0222,0396560,Adenoma high grade,0.13239246606826782,0.13239246606826782,32,0.9940736721647364,32,0,0,0,0,0,0,0,0,0,0,0,0,1.0,0.0,0.0,0.0,0.0,0.0,0.0,0.0,0.0,0.0,0.0,0.0,0.0
0222,0403649,Adenoma high grade,0.10050612688064575,0.10050612688064575,60,0.9929775821468403,46,3,10,0,0,0,1,0,0,0,0,0,0,0.7666666666666667,0.05,0.16666666666666666,0.0,0.0,0.0,0.016666666666666666,0.0,0.0,0.0,0.0,0.0,0.0
0222,0417741,Adenoma high grade,0.13752542436122894,0.13752542436122894,91,0.9586536575006518,67,15,5,0,0,0,4,0,0,0,0,0,0,0.7362637362637363,0.16483516483516483,0.054945054945054944,0.0,0.0,0.0,0.04395604395604396,0.0,0.0,0.0,0.0,0.0,0.0
0222,0421165,Adenoma high grade,0.1259927600622177,0.1259927600622177,72,0.961890870469209,53,4,8,2,0,0,4,0,1,0,0,0,0,0.7361111111111112,0.05555555555555555,0.1111111111111111,0.027777777777777776,0.0,0.0,0.05555555555555555,0.0,0.013888888888888888,0.0,0.0,0.0,0.0
0222,0488822,Adenoma high grade,0.1414940506219864,0.1414940506219864,48,0.9999999923205077,48,0,0,0,0,0,0,0,0,0,0,0,0,1.0,0.0,0.0,0.0,0.0,0.0,0.0,0.0,0.0,0.0,0.0,0.0,0.0
0222,0502890,Adenoma high grade,0.14165478944778442,0.14165478944778442,130,0.9977755758169392,128,2,0,0,0,0,0,0,0,0,0,0,0,0.9846153846153847,0.015384615384615385,0.0,0.0,0.0,0.0,0.0,0.0,0.0,0.0,0.0,0.0,0.0
0222,0520965,Adenoma high grade,0.05656888708472252,0.05656888708472252,94,0.9202570595709374,35,30,5,19,0,0,5,0,0,0,0,0,0,0.3723404255319149,0.3191489361702128,0.05319148936170213,0.20212765957446807,0.0,0.0,0.05319148936170213,0.0,0.0,0.0,0.0,0.0,0.0
0222,0534540,Adenoma high grade,0.13039530813694,0.13039530813694,42,0.999574823326026,39,0,0,0,0,0,3,0,0,0,0,0,0,0.9285714285714286,0.0,0.0,0.0,0.0,0.0,0.07142857142857142,0.0,0.0,0.0,0.0,0.0,0.0
0222,0539471,Adenoma high grade,0.13352958858013153,0.13352958858013153,68,0.9625563652731981,35,7,8,1,0,0,17,0,0,0,0,0,0,0.5147058823529411,0.10294117647058823,0.11764705882352941,0.014705882352941176,0.0,0.0,0.25,0.0,0.0,0.0,0.0,0.0,0.0
0222,0547763,Adenoma high grade,0.13625597953796387,0.13625597953796387,59,0.97800183930925,45,0,6,0,0,0,3,0,5,0,0,0,0,0.7627118644067796,0.0,0.1016949152542373,0.0,0.0,0.0,0.05084745762711865,0.0,0.0847457627118644,0.0,0.0,0.0,0.0
0222,0562437,Adenoma high grade,0.1289108693599701,0.1289108693599701,55,0.9609218421013872,43,2,3,0,0,1,1,0,2,0,0,0,3,0.7818181818181819,0.03636363636363636,0.05454545454545454,0.0,0.0,0.01818181818181818,0.01818181818181818,0.0,0.03636363636363636,0.0,0.0,0.0,0.05454545454545454
0222,0581531,Adenoma high grade,0.15274488925933838,0.15274488925933838,60,0.9773534043517718,60,0,0,0,0,0,0,0,0,0,0,0,0,1.0,0.0,0.0,0.0,0.0,0.0,0.0,0.0,0.0,0.0,0.0,0.0,0.0
0222,0648481,Adenoma high grade,0.15215405821800232,0.15215405821800232,62,0.9853232984715278,59,2,1,0,0,0,0,0,0,0,0,0,0,0.9516129032258065,0.03225806451612903,0.016129032258064516,0.0,0.0,0.0,0.0,0.0,0.0,0.0,0.0,0.0,0.0
0222,0654101,Adenoma high grade,0.14798004925251007,0.14798004925251007,43,0.9997734748682625,43,0,0,0,0,0,0,0,0,0,0,0,0,1.0,0.0,0.0,0.0,0.0,0.0,0.0,0.0,0.0,0.0,0.0,0.0,0.0
0222,0666366,Adenoma high grade,0.14432820677757263,0.14432820677757263,61,0.9980971815432944,60,0,0,0,0,0,0,0,0,0,0,1,0,0.9836065573770492,0.0,0.0,0.0,0.0,0.0,0.0,0.0,0.0,0.0,0.0,0.01639344262295082,0.0
0222,0692217,Adenoma high grade,0.11324331909418106,0.11324331909418106,78,0.9320109527192494,43,23,1,1,0,0,8,0,2,0,0,0,0,0.5512820512820513,0.2948717948717949,0.01282051282051282,0.01282051282051282,0.0,0.0,0.10256410256410256,0.0,0.02564102564102564,0.0,0.0,0.0,0.0
0222,0717477,Adenoma high grade,0.07008474320173264,0.07008474320173264,104,0.9577631399354681,55,30,11,0,0,0,8,0,0,0,0,0,0,0.5288461538461539,0.28846153846153844,0.10576923076923077,0.0,0.0,0.0,0.07692307692307693,0.0,0.0,0.0,0.0,0.0,0.0
0222,0745879,Adenoma high grade,0.11988206207752228,0.11988206207752228,83,0.9476093696667972,43,16,16,2,0,0,4,0,0,0,0,1,1,0.5180722891566265,0.1927710843373494,0.1927710843373494,0.024096385542168676,0.0,0.0,0.04819277108433735,0.0,0.0,0.0,0.0,0.012048192771084338,0.012048192771084338
0222,0779900,Adenoma high grade,0.1514699012041092,0.1514699012041092,80,0.9980926932647037,80,0,0,0,0,0,0,0,0,0,0,0,0,1.0,0.0,0.0,0.0,0.0,0.0,0.0,0.0,0.0,0.0,0.0,0.0,0.0
0222,0791443,Adenoma high grade,0.07783228904008865,0.07783228904008865,43,0.9799848613645238,40,0,0,0,0,0,0,0,2,0,0,1,0,0.9302325581395349,0.0,0.0,0.0,0.0,0.0,0.0,0.0,0.046511627906976744,0.0,0.0,0.023255813953488372,0.0
0222,0809450,Adenoma high grade,0.13788776099681854,0.13788776099681854,75,0.9880357174656162,73,0,2,0,0,0,0,0,0,0,0,0,0,0.9733333333333334,0.0,0.02666666666666667,0.0,0.0,0.0,0.0,0.0,0.0,0.0,0.0,0.0,0.0
0222,0812849,Adenoma high grade,0.12822574377059937,0.12822574377059937,130,0.9838415510948825,102,9,18,0,0,1,0,0,0,0,0,0,0,0.7846153846153846,0.06923076923076923,0.13846153846153847,0.0,0.0,0.007692307692307693,0.0,0.0,0.0,0.0,0.0,0.0,0.0
0222,0835369,Adenoma high grade,0.07054629176855087,0.07054629176855087,90,0.9272090025284004,36,29,6,1,0,4,8,0,0,0,0,0,6,0.4,0.32222222222222224,0.06666666666666667,0.011111111111111112,0.0,0.044444444444444446,0.08888888888888889,0.0,0.0,0.0,0.0,0.0,0.06666666666666667
0222,0907504,Adenoma high grade,0.1284099817276001,0.1284099817276001,50,0.9952727206778055,48,0,1,0,0,0,0,0,0,0,0,0,1,0.96,0.0,0.02,0.0,0.0,0.0,0.0,0.0,0.0,0.0,0.0,0.0,0.02
0222,0940978,Adenoma high grade,0.11052581667900085,0.11052581667900085,66,0.9690015525670203,47,6,2,9,0,0,1,0,0,0,1,0,0,0.7121212121212122,0.09090909090909091,0.030303030303030304,0.13636363636363635,0.0,0.0,0.015151515151515152,0.0,0.0,0.0,0.015151515151515152,0.0,0.0
0222,0948511,Adenoma high grade,0.13292217254638672,0.13292217254638672,87,0.9993786808193438,86,1,0,0,0,0,0,0,0,0,0,0,0,0.9885057471264368,0.011494252873563218,0.0,0.0,0.0,0.0,0.0,0.0,0.0,0.0,0.0,0.0,0.0
0222,1002460,Adenoma high grade,0.12605616450309753,0.12605616450309753,65,0.9435726184498479,48,7,3,4,0,0,3,0,0,0,0,0,0,0.7384615384615385,0.1076923076923077,0.046153846153846156,0.06153846153846154,0.0,0.0,0.046153846153846156,0.0,0.0,0.0,0.0,0.0,0.0
0228,0010138,Adenoma high grade,0.13682445883750916,0.13682445883750916,58,0.9821900407056844,57,0,1,0,0,0,0,0,0,0,0,0,0,0.9827586206896551,0.0,0.017241379310344827,0.0,0.0,0.0,0.0,0.0,0.0,0.0,0.0,0.0,0.0
0228,0090964,Adenoma high grade,0.12142149358987808,0.12142149358987808,48,0.9828680195659173,45,0,1,0,0,0,0,0,1,0,0,0,1,0.9375,0.0,0.020833333333333332,0.0,0.0,0.0,0.0,0.0,0.020833333333333332,0.0,0.0,0.0,0.020833333333333332
0228,0092284,Adenoma high grade,0.12340916693210602,0.12340916693210602,29,0.9714666833458018,27,1,0,0,0,0,0,0,1,0,0,0,0,0.9310344827586207,0.034482758620689655,0.0,0.0,0.0,0.0,0.0,0.0,0.034482758620689655,0.0,0.0,0.0,0.0
0228,0132531,Adenoma high grade,0.1471189707517624,0.1471189707517624,89,0.9953121433636163,85,2,2,0,0,0,0,0,0,0,0,0,0,0.9550561797752809,0.02247191011235955,0.02247191011235955,0.0,0.0,0.0,0.0,0.0,0.0,0.0,0.0,0.0,0.0
0228,0152016,Adenoma high grade,0.12511533498764038,0.12511533498764038,67,0.9999999921885313,61,0,6,0,0,0,0,0,0,0,0,0,0,0.9104477611940298,0.0,0.08955223880597014,0.0,0.0,0.0,0.0,0.0,0.0,0.0,0.0,0.0,0.0
0228,0208499,Adenoma high grade,0.09976503998041153,0.09976503998041153,87,0.9614647771880044,59,7,5,3,0,0,12,0,1,0,0,0,0,0.6781609195402298,0.08045977011494253,0.05747126436781609,0.034482758620689655,0.0,0.0,0.13793103448275862,0.0,0.011494252873563218,0.0,0.0,0.0,0.0
0228,0223682,Adenoma high grade,0.11500868201255798,0.11500868201255798,16,0.9999999935670936,15,0,0,0,0,0,1,0,0,0,0,0,0,0.9375,0.0,0.0,0.0,0.0,0.0,0.0625,0.0,0.0,0.0,0.0,0.0,0.0
0228,0224663,Adenoma high grade,0.14387919008731842,0.14387919008731842,99,0.9847367676704016,87,5,2,0,0,0,0,0,5,0,0,0,0,0.8787878787878788,0.050505050505050504,0.020202020202020204,0.0,0.0,0.0,0.0,0.0,0.050505050505050504,0.0,0.0,0.0,0.0
0228,0231550,Adenoma high grade,0.13158690929412842,0.13158690929412842,68,0.9980455902143641,67,0,0,0,0,0,0,0,1,0,0,0,0,0.9852941176470589,0.0,0.0,0.0,0.0,0.0,0.0,0.0,0.014705882352941176,0.0,0.0,0.0,0.0
0228,0234524,Adenoma high grade,0.11052007228136063,0.11052007228136063,32,0.9714588769556153,32,0,0,0,0,0,0,0,0,0,0,0,0,1.0,0.0,0.0,0.0,0.0,0.0,0.0,0.0,0.0,0.0,0.0,0.0,0.0
0228,0327675,Adenoma high grade,0.1365710347890854,0.1365710347890854,19,0.9707016857200744,19,0,0,0,0,0,0,0,0,0,0,0,0,1.0,0.0,0.0,0.0,0.0,0.0,0.0,0.0,0.0,0.0,0.0,0.0,0.0
0228,0329557,Adenoma high grade,0.11475121974945068,0.11475121974945068,39,0.9895564684878195,39,0,0,0,0,0,0,0,0,0,0,0,0,1.0,0.0,0.0,0.0,0.0,0.0,0.0,0.0,0.0,0.0,0.0,0.0,0.0
0228,0347822,Adenoma high grade,0.13578391075134277,0.13578391075134277,43,0.9885442398598292,41,0,2,0,0,0,0,0,0,0,0,0,0,0.9534883720930233,0.0,0.046511627906976744,0.0,0.0,0.0,0.0,0.0,0.0,0.0,0.0,0.0,0.0
0228,0379383,Adenoma high grade,0.11139602214097977,0.11139602214097977,60,0.9670111076065683,39,9,1,4,0,0,7,0,0,0,0,0,0,0.65,0.15,0.016666666666666666,0.06666666666666667,0.0,0.0,0.11666666666666667,0.0,0.0,0.0,0.0,0.0,0.0
0228,0391632,Adenoma high grade,0.13947294652462006,0.13947294652462006,45,0.9779013720719264,45,0,0,0,0,0,0,0,0,0,0,0,0,1.0,0.0,0.0,0.0,0.0,0.0,0.0,0.0,0.0,0.0,0.0,0.0,0.0
0228,0398226,Adenoma high grade,0.13362303376197815,0.13362303376197815,45,0.9742265663378005,36,1,4,0,0,0,4,0,0,0,0,0,0,0.8,0.022222222222222223,0.08888888888888889,0.0,0.0,0.0,0.08888888888888889,0.0,0.0,0.0,0.0,0.0,0.0
0228,0421665,Adenoma high grade,0.1355055570602417,0.1355055570602417,75,0.9852838423515812,70,3,2,0,0,0,0,0,0,0,0,0,0,0.9333333333333333,0.04,0.02666666666666667,0.0,0.0,0.0,0.0,0.0,0.0,0.0,0.0,0.0,0.0
0228,0422954,Adenoma high grade,0.12227437645196915,0.12227437645196915,37,0.962181852752504,33,0,0,0,0,0,0,0,3,0,0,0,1,0.8918918918918919,0.0,0.0,0.0,0.0,0.0,0.0,0.0,0.08108108108108109,0.0,0.0,0.0,0.02702702702702703
0228,0427451,Adenoma high grade,0.16689103841781616,0.16689103841781616,86,0.9494512872489883,79,6,1,0,0,0,0,0,0,0,0,0,0,0.9186046511627907,0.06976744186046512,0.011627906976744186,0.0,0.0,0.0,0.0,0.0,0.0,0.0,0.0,0.0,0.0
0228,0436685,Adenoma high grade,0.13383755087852478,0.13383755087852478,73,0.9795546344499498,63,0,3,0,0,0,7,0,0,0,0,0,0,0.863013698630137,0.0,0.0410958904109589,0.0,0.0,0.0,0.0958904109589041,0.0,0.0,0.0,0.0,0.0,0.0
0228,0444122,Adenoma high grade,0.13703091442584991,0.13703091442584991,55,0.9874510311907473,54,0,0,0,0,0,1,0,0,0,0,0,0,0.9818181818181818,0.0,0.0,0.0,0.0,0.0,0.01818181818181818,0.0,0.0,0.0,0.0,0.0,0.0
0228,0447066,Adenoma high grade,0.08932548761367798,0.08932548761367798,76,0.995341626488887,76,0,0,0,0,0,0,0,0,0,0,0,0,1.0,0.0,0.0,0.0,0.0,0.0,0.0,0.0,0.0,0.0,0.0,0.0,0.0
0228,0476983,Adenoma high grade,0.09902828186750412,0.09902828186750412,31,0.9988162101832987,29,2,0,0,0,0,0,0,0,0,0,0,0,0.9354838709677419,0.06451612903225806,0.0,0.0,0.0,0.0,0.0,0.0,0.0,0.0,0.0,0.0,0.0
0228,0486496,Adenoma high grade,0.12314646691083908,0.12314646691083908,2,0.9965277704536993,2,0,0,0,0,0,0,0,0,0,0,0,0,1.0,0.0,0.0,0.0,0.0,0.0,0.0,0.0,0.0,0.0,0.0,0.0,0.0
0228,0489231,Adenoma high grade,0.10509945452213287,0.10509945452213287,57,0.9866634478541269,52,0,5,0,0,0,0,0,0,0,0,0,0,0.9122807017543859,0.0,0.08771929824561403,0.0,0.0,0.0,0.0,0.0,0.0,0.0,0.0,0.0,0.0
0228,0540320,Adenoma high grade,0.16337156295776367,0.16337156295776367,83,0.9474995239767151,56,19,0,0,0,3,3,0,0,0,1,0,1,0.6746987951807228,0.2289156626506024,0.0,0.0,0.0,0.03614457831325301,0.03614457831325301,0.0,0.0,0.0,0.012048192771084338,0.0,0.012048192771084338
0228,0546472,Adenoma high grade,0.13932684063911438,0.13932684063911438,53,0.8925922165179787,52,0,0,1,0,0,0,0,0,0,0,0,0,0.9811320754716981,0.0,0.0,0.018867924528301886,0.0,0.0,0.0,0.0,0.0,0.0,0.0,0.0,0.0
0228,0547043,Adenoma high grade,0.1208924725651741,0.1208924725651741,62,0.9673613828398268,45,4,3,6,0,1,1,0,1,0,0,1,0,0.7258064516129032,0.06451612903225806,0.04838709677419355,0.0967741935483871,0.0,0.016129032258064516,0.016129032258064516,0.0,0.016129032258064516,0.0,0.0,0.016129032258064516,0.0
0228,0561380,Adenoma high grade,0.11241154372692108,0.11241154372692108,99,0.9758741390854686,81,8,9,0,0,0,0,0,1,0,0,0,0,0.8181818181818182,0.08080808080808081,0.09090909090909091,0.0,0.0,0.0,0.0,0.0,0.010101010101010102,0.0,0.0,0.0,0.0
0228,0570639,Adenoma high grade,0.09328009188175201,0.09328009188175201,48,0.9974271751170329,47,0,1,0,0,0,0,0,0,0,0,0,0,0.9791666666666666,0.0,0.020833333333333332,0.0,0.0,0.0,0.0,0.0,0.0,0.0,0.0,0.0,0.0
0228,0600327,Adenoma high grade,0.10913030058145523,0.10913030058145523,58,0.9697062843495143,39,1,7,6,0,1,3,0,0,0,1,0,0,0.6724137931034483,0.017241379310344827,0.1206896551724138,0.10344827586206896,0.0,0.017241379310344827,0.05172413793103448,0.0,0.0,0.0,0.017241379310344827,0.0,0.0
0228,0657636,Adenoma high grade,0.13514123857021332,0.13514123857021332,62,0.9918362464667541,62,0,0,0,0,0,0,0,0,0,0,0,0,1.0,0.0,0.0,0.0,0.0,0.0,0.0,0.0,0.0,0.0,0.0,0.0,0.0
0228,0661824,Adenoma high grade,0.13492730259895325,0.13492730259895325,55,0.9267430498318283,54,0,0,1,0,0,0,0,0,0,0,0,0,0.9818181818181818,0.0,0.0,0.01818181818181818,0.0,0.0,0.0,0.0,0.0,0.0,0.0,0.0,0.0
0228,0665950,Adenoma high grade,0.08535316586494446,0.08535316586494446,38,0.9773397792833624,33,3,0,0,0,0,2,0,0,0,0,0,0,0.868421052631579,0.07894736842105263,0.0,0.0,0.0,0.0,0.05263157894736842,0.0,0.0,0.0,0.0,0.0,0.0
0228,0697482,Adenoma high grade,0.13517330586910248,0.13517330586910248,72,0.9890225582695946,71,1,0,0,0,0,0,0,0,0,0,0,0,0.9861111111111112,0.013888888888888888,0.0,0.0,0.0,0.0,0.0,0.0,0.0,0.0,0.0,0.0,0.0
0228,0704934,Adenoma high grade,0.12157036364078522,0.12157036364078522,39,0.993184025262091,35,1,3,0,0,0,0,0,0,0,0,0,0,0.8974358974358975,0.02564102564102564,0.07692307692307693,0.0,0.0,0.0,0.0,0.0,0.0,0.0,0.0,0.0,0.0
0228,0808812,Adenoma high grade,0.15271064639091492,0.15271064639091492,59,0.8842584989167019,59,0,0,0,0,0,0,0,0,0,0,0,0,1.0,0.0,0.0,0.0,0.0,0.0,0.0,0.0,0.0,0.0,0.0,0.0,0.0
0228,0822663,Adenoma high grade,0.12545406818389893,0.12545406818389893,45,0.9657684508700938,41,1,0,1,0,0,0,0,0,0,0,0,2,0.9111111111111111,0.022222222222222223,0.0,0.022222222222222223,0.0,0.0,0.0,0.0,0.0,0.0,0.0,0.0,0.044444444444444446
0228,0822907,Adenoma high grade,0.14262200891971588,0.14262200891971588,71,0.9832900244361896,61,9,1,0,0,0,0,0,0,0,0,0,0,0.8591549295774648,0.1267605633802817,0.014084507042253521,0.0,0.0,0.0,0.0,0.0,0.0,0.0,0.0,0.0,0.0
0228,0836436,Adenoma high grade,0.11535089462995529,0.11535089462995529,55,0.9849379907489709,48,7,0,0,0,0,0,0,0,0,0,0,0,0.8727272727272727,0.12727272727272726,0.0,0.0,0.0,0.0,0.0,0.0,0.0,0.0,0.0,0.0,0.0
0228,0838266,Adenoma high grade,0.12099887430667877,0.12099887430667877,15,0.7863812848089968,15,0,0,0,0,0,0,0,0,0,0,0,0,1.0,0.0,0.0,0.0,0.0,0.0,0.0,0.0,0.0,0.0,0.0,0.0,0.0
0228,0840384,Adenoma high grade,0.11441883444786072,0.11441883444786072,62,0.9613343197239324,53,1,7,1,0,0,0,0,0,0,0,0,0,0.8548387096774194,0.016129032258064516,0.11290322580645161,0.016129032258064516,0.0,0.0,0.0,0.0,0.0,0.0,0.0,0.0,0.0
0228,0843700,Adenoma high grade,0.13562993705272675,0.13562993705272675,57,0.9831489782930983,57,0,0,0,0,0,0,0,0,0,0,0,0,1.0,0.0,0.0,0.0,0.0,0.0,0.0,0.0,0.0,0.0,0.0,0.0,0.0
0228,0866845,Adenoma high grade,0.12534895539283752,0.12534895539283752,32,0.9658913851163289,32,0,0,0,0,0,0,0,0,0,0,0,0,1.0,0.0,0.0,0.0,0.0,0.0,0.0,0.0,0.0,0.0,0.0,0.0,0.0
0228,0908338,Adenoma high grade,0.1366429328918457,0.1366429328918457,94,0.9911264856090976,87,1,3,0,0,0,3,0,0,0,0,0,0,0.925531914893617,0.010638297872340425,0.031914893617021274,0.0,0.0,0.0,0.031914893617021274,0.0,0.0,0.0,0.0,0.0,0.0
0228,0928017,Adenoma high grade,0.11631346493959427,0.11631346493959427,31,0.9981652300136042,31,0,0,0,0,0,0,0,0,0,0,0,0,1.0,0.0,0.0,0.0,0.0,0.0,0.0,0.0,0.0,0.0,0.0,0.0,0.0
0228,0991296,Adenoma high grade,0.097694993019104,0.097694993019104,52,0.9719943003276759,51,0,0,1,0,0,0,0,0,0,0,0,0,0.9807692307692307,0.0,0.0,0.019230769230769232,0.0,0.0,0.0,0.0,0.0,0.0,0.0,0.0,0.0
0228,1013908,Adenoma high grade,0.09126047790050507,0.09126047790050507,59,0.9313227591817275,47,4,3,0,0,0,2,0,1,0,0,1,1,0.7966101694915254,0.06779661016949153,0.05084745762711865,0.0,0.0,0.0,0.03389830508474576,0.0,0.01694915254237288,0.0,0.0,0.01694915254237288,0.01694915254237288
0228,1033746,Adenoma high grade,0.11253555864095688,0.11253555864095688,30,0.9752879364633187,28,0,0,1,0,0,0,0,1,0,0,0,0,0.9333333333333333,0.0,0.0,0.03333333333333333,0.0,0.0,0.0,0.0,0.03333333333333333,0.0,0.0,0.0,0.0
0228,1037009,Adenoma high grade,0.13529403507709503,0.13529403507709503,45,0.955958792073025,44,0,0,0,0,0,0,0,0,0,0,0,1,0.9777777777777777,0.0,0.0,0.0,0.0,0.0,0.0,0.0,0.0,0.0,0.0,0.0,0.022222222222222223
0245,0008626,Adenoma high grade,0.16347555816173553,0.16347555816173553,45,0.9991185089972275,36,1,2,0,0,0,4,0,2,0,0,0,0,0.8,0.022222222222222223,0.044444444444444446,0.0,0.0,0.0,0.08888888888888889,0.0,0.044444444444444446,0.0,0.0,0.0,0.0
0245,0038347,Adenoma high grade,0.1535441279411316,0.1535441279411316,68,0.9800887911977407,60,0,2,0,0,0,0,0,5,1,0,0,0,0.8823529411764706,0.0,0.029411764705882353,0.0,0.0,0.0,0.0,0.0,0.07352941176470588,0.014705882352941176,0.0,0.0,0.0
0245,0083132,Adenoma high grade,0.14604483544826508,0.14604483544826508,34,0.9774860484125201,34,0,0,0,0,0,0,0,0,0,0,0,0,1.0,0.0,0.0,0.0,0.0,0.0,0.0,0.0,0.0,0.0,0.0,0.0,0.0
0245,0096185,Adenoma high grade,0.1590336263179779,0.1590336263179779,49,0.9997229605787382,47,0,1,0,0,0,0,0,1,0,0,0,0,0.9591836734693877,0.0,0.02040816326530612,0.0,0.0,0.0,0.0,0.0,0.02040816326530612,0.0,0.0,0.0,0.0
0245,0115392,Adenoma high grade,0.20545637607574463,0.20545637607574463,34,0.975115260333296,24,1,6,0,0,0,2,0,0,0,0,1,0,0.7058823529411765,0.029411764705882353,0.17647058823529413,0.0,0.0,0.0,0.058823529411764705,0.0,0.0,0.0,0.0,0.029411764705882353,0.0
0245,0127160,Adenoma high grade,0.1645168513059616,0.1645168513059616,63,0.9904548059412193,63,0,0,0,0,0,0,0,0,0,0,0,0,1.0,0.0,0.0,0.0,0.0,0.0,0.0,0.0,0.0,0.0,0.0,0.0,0.0
0245,0150680,Adenoma high grade,0.14937463402748108,0.14937463402748108,33,0.9855086294740439,29,0,4,0,0,0,0,0,0,0,0,0,0,0.8787878787878788,0.0,0.12121212121212122,0.0,0.0,0.0,0.0,0.0,0.0,0.0,0.0,0.0,0.0
0245,0182856,Adenoma high grade,0.18060235679149628,0.18060235679149628,57,0.9213861668625787,36,2,8,0,0,0,1,0,5,5,0,0,0,0.631578947368421,0.03508771929824561,0.14035087719298245,0.0,0.0,0.0,0.017543859649122806,0.0,0.08771929824561403,0.08771929824561403,0.0,0.0,0.0
0245,0202767,Adenoma high grade,0.14904287457466125,0.14904287457466125,66,0.9881605872647109,66,0,0,0,0,0,0,0,0,0,0,0,0,1.0,0.0,0.0,0.0,0.0,0.0,0.0,0.0,0.0,0.0,0.0,0.0,0.0
0245,0212324,Adenoma high grade,0.16661913692951202,0.16661913692951202,33,0.9885488126305447,32,0,1,0,0,0,0,0,0,0,0,0,0,0.9696969696969697,0.0,0.030303030303030304,0.0,0.0,0.0,0.0,0.0,0.0,0.0,0.0,0.0,0.0
0245,0231123,Adenoma high grade,0.17788374423980713,0.17788374423980713,47,0.9933691296809588,45,0,2,0,0,0,0,0,0,0,0,0,0,0.9574468085106383,0.0,0.0425531914893617,0.0,0.0,0.0,0.0,0.0,0.0,0.0,0.0,0.0,0.0
0245,0236534,Adenoma high grade,0.1612328588962555,0.1612328588962555,59,0.9663959316238124,35,6,2,2,0,0,10,0,4,0,0,0,0,0.5932203389830508,0.1016949152542373,0.03389830508474576,0.03389830508474576,0.0,0.0,0.1694915254237288,0.0,0.06779661016949153,0.0,0.0,0.0,0.0
0245,0269381,Adenoma high grade,0.2058166116476059,0.2058166116476059,39,0.9964875239456504,36,0,0,0,0,0,1,0,1,1,0,0,0,0.9230769230769231,0.0,0.0,0.0,0.0,0.0,0.02564102564102564,0.0,0.02564102564102564,0.02564102564102564,0.0,0.0,0.0
0245,0274475,Adenoma high grade,0.16504152119159698,0.16504152119159698,32,0.9880888636134559,31,0,1,0,0,0,0,0,0,0,0,0,0,0.96875,0.0,0.03125,0.0,0.0,0.0,0.0,0.0,0.0,0.0,0.0,0.0,0.0
0245,0276244,Adenoma high grade,0.16306865215301514,0.16306865215301514,25,0.9999999947273062,25,0,0,0,0,0,0,0,0,0,0,0,0,1.0,0.0,0.0,0.0,0.0,0.0,0.0,0.0,0.0,0.0,0.0,0.0,0.0
0245,0308532,Adenoma high grade,0.23280495405197144,0.23280495405197144,44,0.9975443822773188,43,1,0,0,0,0,0,0,0,0,0,0,0,0.9772727272727273,0.022727272727272728,0.0,0.0,0.0,0.0,0.0,0.0,0.0,0.0,0.0,0.0,0.0
0245,0332236,Adenoma high grade,0.1622956395149231,0.1622956395149231,41,0.994296292205926,39,0,1,0,0,0,0,0,0,0,0,0,1,0.9512195121951219,0.0,0.024390243902439025,0.0,0.0,0.0,0.0,0.0,0.0,0.0,0.0,0.0,0.024390243902439025
0245,0397045,Adenoma high grade,0.15901166200637817,0.15901166200637817,40,0.9936143261024786,39,0,0,0,0,1,0,0,0,0,0,0,0,0.975,0.0,0.0,0.0,0.0,0.025,0.0,0.0,0.0,0.0,0.0,0.0,0.0
0245,0421912,Adenoma high grade,0.16473478078842163,0.16473478078842163,60,0.9763503864562691,47,5,0,0,0,0,7,0,0,0,0,1,0,0.7833333333333333,0.08333333333333333,0.0,0.0,0.0,0.0,0.11666666666666667,0.0,0.0,0.0,0.0,0.016666666666666666,0.0
0245,0426118,Adenoma high grade,0.15767903625965118,0.15767903625965118,85,0.9799397919825779,83,0,0,0,0,0,0,0,0,0,0,0,2,0.9764705882352941,0.0,0.0,0.0,0.0,0.0,0.0,0.0,0.0,0.0,0.0,0.0,0.023529411764705882
0245,0447031,Adenoma high grade,0.16328953206539154,0.16328953206539154,58,0.9983319749481881,58,0,0,0,0,0,0,0,0,0,0,0,0,1.0,0.0,0.0,0.0,0.0,0.0,0.0,0.0,0.0,0.0,0.0,0.0,0.0
0245,0505237,Adenoma high grade,0.15574504435062408,0.15574504435062408,74,0.985785352168764,62,4,1,0,0,0,0,0,7,0,0,0,0,0.8378378378378378,0.05405405405405406,0.013513513513513514,0.0,0.0,0.0,0.0,0.0,0.0945945945945946,0.0,0.0,0.0,0.0
0245,0506094,Adenoma high grade,0.17022398114204407,0.17022398114204407,60,0.9934693223678195,59,1,0,0,0,0,0,0,0,0,0,0,0,0.9833333333333333,0.016666666666666666,0.0,0.0,0.0,0.0,0.0,0.0,0.0,0.0,0.0,0.0,0.0
0245,0532520,Adenoma high grade,0.15591971576213837,0.15591971576213837,35,0.9938538156799214,35,0,0,0,0,0,0,0,0,0,0,0,0,1.0,0.0,0.0,0.0,0.0,0.0,0.0,0.0,0.0,0.0,0.0,0.0,0.0
0245,0537080,Adenoma high grade,0.16771866381168365,0.16771866381168365,57,0.973467611256347,55,0,1,1,0,0,0,0,0,0,0,0,0,0.9649122807017544,0.0,0.017543859649122806,0.017543859649122806,0.0,0.0,0.0,0.0,0.0,0.0,0.0,0.0,0.0
0245,0570419,Adenoma high grade,0.18528178334236145,0.18528178334236145,30,0.8698082069069956,19,6,0,0,0,0,0,0,2,0,0,0,3,0.6333333333333333,0.2,0.0,0.0,0.0,0.0,0.0,0.0,0.06666666666666667,0.0,0.0,0.0,0.1
0245,0575620,Adenoma high grade,0.1518736630678177,0.1518736630678177,60,0.9940237527124582,60,0,0,0,0,0,0,0,0,0,0,0,0,1.0,0.0,0.0,0.0,0.0,0.0,0.0,0.0,0.0,0.0,0.0,0.0,0.0
0245,0587894,Adenoma high grade,0.16037136316299438,0.16037136316299438,41,0.9832825160641557,41,0,0,0,0,0,0,0,0,0,0,0,0,1.0,0.0,0.0,0.0,0.0,0.0,0.0,0.0,0.0,0.0,0.0,0.0,0.0
0245,0605106,Adenoma high grade,0.17479683458805084,0.17479683458805084,32,0.989265171961708,31,0,0,0,0,0,0,0,0,0,0,0,1,0.96875,0.0,0.0,0.0,0.0,0.0,0.0,0.0,0.0,0.0,0.0,0.0,0.03125
0245,0620513,Adenoma high grade,0.17062580585479736,0.17062580585479736,48,0.9959328465263352,48,0,0,0,0,0,0,0,0,0,0,0,0,1.0,0.0,0.0,0.0,0.0,0.0,0.0,0.0,0.0,0.0,0.0,0.0,0.0
0245,0621235,Adenoma high grade,0.16631045937538147,0.16631045937538147,68,0.9695128607156276,48,4,12,1,0,0,1,0,2,0,0,0,0,0.7058823529411765,0.058823529411764705,0.17647058823529413,0.014705882352941176,0.0,0.0,0.014705882352941176,0.0,0.029411764705882353,0.0,0.0,0.0,0.0
0245,0636285,Adenoma high grade,0.15623845160007477,0.15623845160007477,73,0.9908741789778899,73,0,0,0,0,0,0,0,0,0,0,0,0,1.0,0.0,0.0,0.0,0.0,0.0,0.0,0.0,0.0,0.0,0.0,0.0,0.0
0245,0647246,Adenoma high grade,0.16429933905601501,0.16429933905601501,52,0.98180633963483,50,0,0,0,0,0,1,0,1,0,0,0,0,0.9615384615384616,0.0,0.0,0.0,0.0,0.0,0.019230769230769232,0.0,0.019230769230769232,0.0,0.0,0.0,0.0
0245,0653536,Adenoma high grade,0.16284425556659698,0.16284425556659698,53,0.98955926332124,47,1,4,0,0,1,0,0,0,0,0,0,0,0.8867924528301887,0.018867924528301886,0.07547169811320754,0.0,0.0,0.018867924528301886,0.0,0.0,0.0,0.0,0.0,0.0,0.0
0245,0714232,Adenoma high grade,0.16282492876052856,0.16282492876052856,40,0.9840950341168814,33,0,0,0,0,0,0,0,6,1,0,0,0,0.825,0.0,0.0,0.0,0.0,0.0,0.0,0.0,0.15,0.025,0.0,0.0,0.0
0245,0733527,Adenoma high grade,0.16259971261024475,0.16259971261024475,47,0.9857368397986009,38,3,1,0,0,0,2,0,2,1,0,0,0,0.8085106382978723,0.06382978723404255,0.02127659574468085,0.0,0.0,0.0,0.0425531914893617,0.0,0.0425531914893617,0.02127659574468085,0.0,0.0,0.0
0245,0783377,Adenoma high grade,0.18082472681999207,0.18082472681999207,62,0.973470361169993,62,0,0,0,0,0,0,0,0,0,0,0,0,1.0,0.0,0.0,0.0,0.0,0.0,0.0,0.0,0.0,0.0,0.0,0.0,0.0
0245,0787791,Adenoma high grade,0.1577572375535965,0.1577572375535965,51,0.9863424261643104,36,0,1,0,0,0,12,0,2,0,0,0,0,0.7058823529411765,0.0,0.0196078431372549,0.0,0.0,0.0,0.23529411764705882,0.0,0.0392156862745098,0.0,0.0,0.0,0.0
0245,0807082,Adenoma high grade,0.15591183304786682,0.15591183304786682,39,0.9942326130229497,34,0,1,0,0,0,0,0,4,0,0,0,0,0.8717948717948718,0.0,0.02564102564102564,0.0,0.0,0.0,0.0,0.0,0.10256410256410256,0.0,0.0,0.0,0.0
0245,0812062,Adenoma high grade,0.18983322381973267,0.18983322381973267,49,0.9602580049346394,49,0,0,0,0,0,0,0,0,0,0,0,0,1.0,0.0,0.0,0.0,0.0,0.0,0.0,0.0,0.0,0.0,0.0,0.0,0.0
0245,0826921,Adenoma high grade,0.17672696709632874,0.17672696709632874,28,0.9992141074246612,27,0,0,0,0,0,0,0,0,0,0,1,0,0.9642857142857143,0.0,0.0,0.0,0.0,0.0,0.0,0.0,0.0,0.0,0.0,0.03571428571428571,0.0
0245,0847117,Adenoma high grade,0.1660543829202652,0.1660543829202652,61,0.987758849395267,60,0,0,0,0,0,0,0,0,0,0,0,1,0.9836065573770492,0.0,0.0,0.0,0.0,0.0,0.0,0.0,0.0,0.0,0.0,0.0,0.01639344262295082
0245,0865865,Adenoma high grade,0.16261227428913116,0.16261227428913116,75,0.9928113304909956,75,0,0,0,0,0,0,0,0,0,0,0,0,1.0,0.0,0.0,0.0,0.0,0.0,0.0,0.0,0.0,0.0,0.0,0.0,0.0
0245,0870814,Adenoma high grade,0.1569744050502777,0.1569744050502777,46,0.9682250292992834,38,2,1,0,0,0,1,0,4,0,0,0,0,0.8260869565217391,0.043478260869565216,0.021739130434782608,0.0,0.0,0.0,0.021739130434782608,0.0,0.08695652173913043,0.0,0.0,0.0,0.0
0245,0890073,Adenoma high grade,0.1658438891172409,0.1658438891172409,60,0.9770322153363138,46,1,4,0,0,0,0,0,9,0,0,0,0,0.7666666666666667,0.016666666666666666,0.06666666666666667,0.0,0.0,0.0,0.0,0.0,0.15,0.0,0.0,0.0,0.0
0245,0895164,Adenoma high grade,0.16203880310058594,0.16203880310058594,65,0.9931851156637969,64,0,1,0,0,0,0,0,0,0,0,0,0,0.9846153846153847,0.0,0.015384615384615385,0.0,0.0,0.0,0.0,0.0,0.0,0.0,0.0,0.0,0.0
0245,0903297,Adenoma high grade,0.23933640122413635,0.23933640122413635,54,0.9757138447278146,36,6,7,0,0,1,4,0,0,0,0,0,0,0.6666666666666666,0.1111111111111111,0.12962962962962962,0.0,0.0,0.018518518518518517,0.07407407407407407,0.0,0.0,0.0,0.0,0.0,0.0
0245,0984002,Adenoma high grade,0.16122983396053314,0.16122983396053314,62,0.9978171598526292,62,0,0,0,0,0,0,0,0,0,0,0,0,1.0,0.0,0.0,0.0,0.0,0.0,0.0,0.0,0.0,0.0,0.0,0.0,0.0
0245,1021382,Adenoma high grade,0.16035272181034088,0.16035272181034088,46,0.9631584293203529,24,2,4,8,0,0,1,0,7,0,0,0,0,0.5217391304347826,0.043478260869565216,0.08695652173913043,0.17391304347826086,0.0,0.0,0.021739130434782608,0.0,0.15217391304347827,0.0,0.0,0.0,0.0
0245,1034233,Adenoma high grade,0.1726994514465332,0.1726994514465332,46,0.9993281461209039,44,0,0,0,0,0,0,0,0,0,0,1,1,0.9565217391304348,0.0,0.0,0.0,0.0,0.0,0.0,0.0,0.0,0.0,0.0,0.021739130434782608,0.021739130434782608
0282,0010095,Adenoma high grade,0.1407794952392578,0.1407794952392578,47,0.9814923952708646,37,0,2,0,0,0,6,0,1,0,0,1,0,0.7872340425531915,0.0,0.0425531914893617,0.0,0.0,0.0,0.1276595744680851,0.0,0.02127659574468085,0.0,0.0,0.02127659574468085,0.0
0282,0013558,Adenoma high grade,0.15081043541431427,0.15081043541431427,72,0.9916127345400396,71,0,0,0,0,0,0,0,0,0,0,0,1,0.9861111111111112,0.0,0.0,0.0,0.0,0.0,0.0,0.0,0.0,0.0,0.0,0.0,0.013888888888888888
0282,0062373,Adenoma high grade,0.14332640171051025,0.14332640171051025,67,0.9580324088310751,50,3,4,0,0,0,9,0,0,0,0,1,0,0.746268656716418,0.04477611940298507,0.05970149253731343,0.0,0.0,0.0,0.13432835820895522,0.0,0.0,0.0,0.0,0.014925373134328358,0.0
0282,0076386,Adenoma high grade,0.14856526255607605,0.14856526255607605,74,0.9963404259962634,72,0,1,0,0,0,0,0,0,0,0,0,1,0.972972972972973,0.0,0.013513513513513514,0.0,0.0,0.0,0.0,0.0,0.0,0.0,0.0,0.0,0.013513513513513514
0282,0098293,Adenoma high grade,0.1606186330318451,0.1606186330318451,39,0.9976383332415022,28,0,5,0,0,0,2,0,4,0,0,0,0,0.717948717948718,0.0,0.1282051282051282,0.0,0.0,0.0,0.05128205128205128,0.0,0.10256410256410256,0.0,0.0,0.0,0.0
0282,0125404,Adenoma high grade,0.09998341649770737,0.09998341649770737,26,0.9742560186130441,26,0,0,0,0,0,0,0,0,0,0,0,0,1.0,0.0,0.0,0.0,0.0,0.0,0.0,0.0,0.0,0.0,0.0,0.0,0.0
0282,0165431,Adenoma high grade,0.15040594339370728,0.15040594339370728,40,0.9664879245972745,39,0,0,1,0,0,0,0,0,0,0,0,0,0.975,0.0,0.0,0.025,0.0,0.0,0.0,0.0,0.0,0.0,0.0,0.0,0.0
0282,0165605,Adenoma high grade,0.14514800906181335,0.14514800906181335,44,0.9644678149229978,44,0,0,0,0,0,0,0,0,0,0,0,0,1.0,0.0,0.0,0.0,0.0,0.0,0.0,0.0,0.0,0.0,0.0,0.0,0.0
0282,0203090,Adenoma high grade,0.16152027249336243,0.16152027249336243,36,0.9684898570160045,26,1,2,0,0,1,0,0,6,0,0,0,0,0.7222222222222222,0.027777777777777776,0.05555555555555555,0.0,0.0,0.027777777777777776,0.0,0.0,0.16666666666666666,0.0,0.0,0.0,0.0
0282,0218809,Adenoma high grade,0.13883757591247559,0.13883757591247559,36,0.9951319285137203,36,0,0,0,0,0,0,0,0,0,0,0,0,1.0,0.0,0.0,0.0,0.0,0.0,0.0,0.0,0.0,0.0,0.0,0.0,0.0
0282,0240830,Adenoma high grade,0.14249497652053833,0.14249497652053833,30,0.9680543021806477,30,0,0,0,0,0,0,0,0,0,0,0,0,1.0,0.0,0.0,0.0,0.0,0.0,0.0,0.0,0.0,0.0,0.0,0.0,0.0
0282,0288683,Adenoma high grade,0.15482816100120544,0.15482816100120544,45,0.985129731068067,44,0,0,0,0,0,1,0,0,0,0,0,0,0.9777777777777777,0.0,0.0,0.0,0.0,0.0,0.022222222222222223,0.0,0.0,0.0,0.0,0.0,0.0
0282,0298229,Adenoma high grade,0.1539192795753479,0.1539192795753479,52,0.9982190159787454,52,0,0,0,0,0,0,0,0,0,0,0,0,1.0,0.0,0.0,0.0,0.0,0.0,0.0,0.0,0.0,0.0,0.0,0.0,0.0
0282,0301080,Adenoma high grade,0.13093923032283783,0.13093923032283783,52,0.9059382727104912,52,0,0,0,0,0,0,0,0,0,0,0,0,1.0,0.0,0.0,0.0,0.0,0.0,0.0,0.0,0.0,0.0,0.0,0.0,0.0
0282,0327522,Adenoma high grade,0.15899407863616943,0.15899407863616943,94,0.999420727691871,93,0,0,0,0,0,0,0,0,0,0,0,1,0.9893617021276596,0.0,0.0,0.0,0.0,0.0,0.0,0.0,0.0,0.0,0.0,0.0,0.010638297872340425
0282,0342791,Adenoma high grade,0.1588912159204483,0.1588912159204483,58,0.9975492518549719,52,0,1,0,0,0,2,0,2,0,0,0,1,0.896551724137931,0.0,0.017241379310344827,0.0,0.0,0.0,0.034482758620689655,0.0,0.034482758620689655,0.0,0.0,0.0,0.017241379310344827
0282,0343983,Adenoma high grade,0.1558913141489029,0.1558913141489029,50,0.995596632480497,49,0,0,0,0,0,0,0,0,0,0,0,1,0.98,0.0,0.0,0.0,0.0,0.0,0.0,0.0,0.0,0.0,0.0,0.0,0.02
0282,0344711,Adenoma high grade,0.14349137246608734,0.14349137246608734,70,0.9308938116652141,44,1,10,0,0,2,13,0,0,0,0,0,0,0.6285714285714286,0.014285714285714285,0.14285714285714285,0.0,0.0,0.02857142857142857,0.18571428571428572,0.0,0.0,0.0,0.0,0.0,0.0
0282,0363655,Adenoma high grade,0.16016912460327148,0.16016912460327148,57,0.9859444001263366,53,0,3,0,0,0,0,1,0,0,0,0,0,0.9298245614035088,0.0,0.05263157894736842,0.0,0.0,0.0,0.0,0.017543859649122806,0.0,0.0,0.0,0.0,0.0
0282,0380378,Adenoma high grade,0.15680167078971863,0.15680167078971863,30,0.9691600971953587,30,0,0,0,0,0,0,0,0,0,0,0,0,1.0,0.0,0.0,0.0,0.0,0.0,0.0,0.0,0.0,0.0,0.0,0.0,0.0
0282,0419569,Adenoma high grade,0.1588435024023056,0.1588435024023056,40,0.986417244886354,39,0,0,0,0,0,0,0,0,0,0,0,1,0.975,0.0,0.0,0.0,0.0,0.0,0.0,0.0,0.0,0.0,0.0,0.0,0.025
0282,0457374,Adenoma high grade,0.1593240350484848,0.1593240350484848,56,0.9985939779014551,55,0,0,0,0,0,0,0,1,0,0,0,0,0.9821428571428571,0.0,0.0,0.0,0.0,0.0,0.0,0.0,0.017857142857142856,0.0,0.0,0.0,0.0
0282,0469986,Adenoma high grade,0.150835320353508,0.150835320353508,45,0.9959851264515398,45,0,0,0,0,0,0,0,0,0,0,0,0,1.0,0.0,0.0,0.0,0.0,0.0,0.0,0.0,0.0,0.0,0.0,0.0,0.0
0282,0471616,Adenoma high grade,0.1557275354862213,0.1557275354862213,52,0.9846339734275825,46,0,4,0,0,0,1,0,1,0,0,0,0,0.8846153846153846,0.0,0.07692307692307693,0.0,0.0,0.0,0.019230769230769232,0.0,0.019230769230769232,0.0,0.0,0.0,0.0
0282,0474455,Adenoma high grade,0.1590949445962906,0.1590949445962906,37,0.9910241083782229,37,0,0,0,0,0,0,0,0,0,0,0,0,1.0,0.0,0.0,0.0,0.0,0.0,0.0,0.0,0.0,0.0,0.0,0.0,0.0
0282,0495695,Adenoma high grade,0.15431678295135498,0.15431678295135498,60,0.9999999935648458,60,0,0,0,0,0,0,0,0,0,0,0,0,1.0,0.0,0.0,0.0,0.0,0.0,0.0,0.0,0.0,0.0,0.0,0.0,0.0
0282,0497964,Adenoma high grade,0.14963434636592865,0.14963434636592865,44,0.9690584214003443,43,0,0,0,0,0,0,0,0,0,0,0,1,0.9772727272727273,0.0,0.0,0.0,0.0,0.0,0.0,0.0,0.0,0.0,0.0,0.0,0.022727272727272728
0282,0507291,Adenoma high grade,0.16411356627941132,0.16411356627941132,50,0.9926357614627576,50,0,0,0,0,0,0,0,0,0,0,0,0,1.0,0.0,0.0,0.0,0.0,0.0,0.0,0.0,0.0,0.0,0.0,0.0,0.0
0282,0579748,Adenoma high grade,0.1507616937160492,0.1507616937160492,61,0.9982425275701269,58,1,0,0,0,0,2,0,0,0,0,0,0,0.9508196721311475,0.01639344262295082,0.0,0.0,0.0,0.0,0.03278688524590164,0.0,0.0,0.0,0.0,0.0,0.0
0282,0596780,Adenoma high grade,0.12931668758392334,0.12931668758392334,52,0.9886321372780856,46,1,3,0,0,0,2,0,0,0,0,0,0,0.8846153846153846,0.019230769230769232,0.057692307692307696,0.0,0.0,0.0,0.038461538461538464,0.0,0.0,0.0,0.0,0.0,0.0
0282,0605135,Adenoma high grade,0.1534336358308792,0.1534336358308792,76,0.9961271635191444,76,0,0,0,0,0,0,0,0,0,0,0,0,1.0,0.0,0.0,0.0,0.0,0.0,0.0,0.0,0.0,0.0,0.0,0.0,0.0
0282,0639443,Adenoma high grade,0.11230531334877014,0.11230531334877014,57,0.9681881982201627,57,0,0,0,0,0,0,0,0,0,0,0,0,1.0,0.0,0.0,0.0,0.0,0.0,0.0,0.0,0.0,0.0,0.0,0.0,0.0
0282,0672107,Adenoma high grade,0.1373455971479416,0.1373455971479416,54,0.9911816510961522,54,0,0,0,0,0,0,0,0,0,0,0,0,1.0,0.0,0.0,0.0,0.0,0.0,0.0,0.0,0.0,0.0,0.0,0.0,0.0
0282,0685806,Adenoma high grade,0.1624453067779541,0.1624453067779541,38,0.949450273830087,29,0,1,0,0,0,7,0,1,0,0,0,0,0.7631578947368421,0.0,0.02631578947368421,0.0,0.0,0.0,0.18421052631578946,0.0,0.02631578947368421,0.0,0.0,0.0,0.0
0282,0687227,Adenoma high grade,0.15305837988853455,0.15305837988853455,58,0.9998642325737432,58,0,0,0,0,0,0,0,0,0,0,0,0,1.0,0.0,0.0,0.0,0.0,0.0,0.0,0.0,0.0,0.0,0.0,0.0,0.0
0282,0698422,Adenoma high grade,0.14974433183670044,0.14974433183670044,54,0.9871746480553955,54,0,0,0,0,0,0,0,0,0,0,0,0,1.0,0.0,0.0,0.0,0.0,0.0,0.0,0.0,0.0,0.0,0.0,0.0,0.0
0282,0700472,Adenoma high grade,0.1524009257555008,0.1524009257555008,69,0.9910255373807778,65,0,3,0,0,0,1,0,0,0,0,0,0,0.9420289855072463,0.0,0.043478260869565216,0.0,0.0,0.0,0.014492753623188406,0.0,0.0,0.0,0.0,0.0,0.0
0282,0745671,Adenoma high grade,0.14570851624011993,0.14570851624011993,57,0.9999183929059415,57,0,0,0,0,0,0,0,0,0,0,0,0,1.0,0.0,0.0,0.0,0.0,0.0,0.0,0.0,0.0,0.0,0.0,0.0,0.0
0282,0748140,Adenoma high grade,0.150605708360672,0.150605708360672,99,0.9531296537140074,98,0,1,0,0,0,0,0,0,0,0,0,0,0.98989898989899,0.0,0.010101010101010102,0.0,0.0,0.0,0.0,0.0,0.0,0.0,0.0,0.0,0.0
0282,0772960,Adenoma high grade,0.14246231317520142,0.14246231317520142,52,0.9750012076897057,47,1,4,0,0,0,0,0,0,0,0,0,0,0.9038461538461539,0.019230769230769232,0.07692307692307693,0.0,0.0,0.0,0.0,0.0,0.0,0.0,0.0,0.0,0.0
0282,0824827,Adenoma high grade,0.15715710818767548,0.15715710818767548,49,0.9710023566326109,31,0,4,0,0,0,13,0,1,0,0,0,0,0.6326530612244898,0.0,0.08163265306122448,0.0,0.0,0.0,0.2653061224489796,0.0,0.02040816326530612,0.0,0.0,0.0,0.0
0282,0832607,Adenoma high grade,0.14101675152778625,0.14101675152778625,73,0.9917461596908228,65,2,5,0,0,0,1,0,0,0,0,0,0,0.8904109589041096,0.0273972602739726,0.0684931506849315,0.0,0.0,0.0,0.0136986301369863,0.0,0.0,0.0,0.0,0.0,0.0
0282,0846842,Adenoma high grade,0.14577117562294006,0.14577117562294006,58,0.9610229129793607,57,0,1,0,0,0,0,0,0,0,0,0,0,0.9827586206896551,0.0,0.017241379310344827,0.0,0.0,0.0,0.0,0.0,0.0,0.0,0.0,0.0,0.0
0282,0861341,Adenoma high grade,0.1629468947649002,0.1629468947649002,37,0.9933851468994429,37,0,0,0,0,0,0,0,0,0,0,0,0,1.0,0.0,0.0,0.0,0.0,0.0,0.0,0.0,0.0,0.0,0.0,0.0,0.0
0282,0905387,Adenoma high grade,0.12385556846857071,0.12385556846857071,48,0.9631833683644394,36,3,1,6,0,0,1,0,0,0,0,1,0,0.75,0.0625,0.020833333333333332,0.125,0.0,0.0,0.020833333333333332,0.0,0.0,0.0,0.0,0.020833333333333332,0.0
0282,0932250,Adenoma high grade,0.13075412809848785,0.13075412809848785,59,0.983183901883236,54,0,3,0,0,0,0,0,1,0,0,1,0,0.9152542372881356,0.0,0.05084745762711865,0.0,0.0,0.0,0.0,0.0,0.01694915254237288,0.0,0.0,0.01694915254237288,0.0
0282,0932448,Adenoma high grade,0.14305804669857025,0.14305804669857025,69,0.9619925427985403,46,5,15,0,0,0,1,0,1,0,0,1,0,0.6666666666666666,0.07246376811594203,0.21739130434782608,0.0,0.0,0.0,0.014492753623188406,0.0,0.014492753623188406,0.0,0.0,0.014492753623188406,0.0
0282,0994421,Adenoma high grade,0.16059891879558563,0.16059891879558563,80,0.9700819726641694,80,0,0,0,0,0,0,0,0,0,0,0,0,1.0,0.0,0.0,0.0,0.0,0.0,0.0,0.0,0.0,0.0,0.0,0.0,0.0
0282,1006774,Adenoma high grade,0.14875000715255737,0.14875000715255737,31,0.9685937896748448,31,0,0,0,0,0,0,0,0,0,0,0,0,1.0,0.0,0.0,0.0,0.0,0.0,0.0,0.0,0.0,0.0,0.0,0.0,0.0
0282,1035322,Adenoma high grade,0.14016328752040863,0.14016328752040863,38,0.9718068259224841,24,5,6,1,0,0,2,0,0,0,0,0,0,0.631578947368421,0.13157894736842105,0.15789473684210525,0.02631578947368421,0.0,0.0,0.05263157894736842,0.0,0.0,0.0,0.0,0.0,0.0
0320,0201089,Adenoma high grade,0.13851375877857208,0.13851375877857208,57,0.9768643565732872,47,1,3,0,0,0,3,0,3,0,0,0,0,0.8245614035087719,0.017543859649122806,0.05263157894736842,0.0,0.0,0.0,0.05263157894736842,0.0,0.05263157894736842,0.0,0.0,0.0,0.0
0320,0314506,Adenoma high grade,0.1549510359764099,0.1549510359764099,52,0.988351331951071,50,2,0,0,0,0,0,0,0,0,0,0,0,0.9615384615384616,0.038461538461538464,0.0,0.0,0.0,0.0,0.0,0.0,0.0,0.0,0.0,0.0,0.0
0320,0318580,Adenoma high grade,0.15528254210948944,0.15528254210948944,75,0.9967764932400422,69,0,5,0,0,0,0,0,0,0,0,0,1,0.92,0.0,0.06666666666666667,0.0,0.0,0.0,0.0,0.0,0.0,0.0,0.0,0.0,0.013333333333333334
0320,0422075,Adenoma high grade,0.14944317936897278,0.14944317936897278,32,0.9664043835847219,28,0,1,0,0,0,0,0,3,0,0,0,0,0.875,0.0,0.03125,0.0,0.0,0.0,0.0,0.0,0.09375,0.0,0.0,0.0,0.0
0320,0540709,Adenoma high grade,0.13211855292320251,0.13211855292320251,47,0.9948725505386028,47,0,0,0,0,0,0,0,0,0,0,0,0,1.0,0.0,0.0,0.0,0.0,0.0,0.0,0.0,0.0,0.0,0.0,0.0,0.0
0320,0666746,Adenoma high grade,0.15194642543792725,0.15194642543792725,31,0.9833835027245795,28,0,0,0,0,0,0,0,3,0,0,0,0,0.9032258064516129,0.0,0.0,0.0,0.0,0.0,0.0,0.0,0.0967741935483871,0.0,0.0,0.0,0.0
0354,0005824,Adenoma high grade,0.13857516646385193,0.13857516646385193,69,0.9994277074793649,69,0,0,0,0,0,0,0,0,0,0,0,0,1.0,0.0,0.0,0.0,0.0,0.0,0.0,0.0,0.0,0.0,0.0,0.0,0.0
0354,0030913,Adenoma high grade,0.10583390295505524,0.10583390295505524,32,0.990312917915316,30,0,2,0,0,0,0,0,0,0,0,0,0,0.9375,0.0,0.0625,0.0,0.0,0.0,0.0,0.0,0.0,0.0,0.0,0.0,0.0
0354,0210848,Adenoma high grade,0.1010892316699028,0.1010892316699028,57,0.9685953449447806,57,0,0,0,0,0,0,0,0,0,0,0,0,1.0,0.0,0.0,0.0,0.0,0.0,0.0,0.0,0.0,0.0,0.0,0.0,0.0
0354,0237595,Adenoma high grade,0.11140234023332596,0.11140234023332596,71,0.9964948854492417,66,0,3,0,0,0,0,0,2,0,0,0,0,0.9295774647887324,0.0,0.04225352112676056,0.0,0.0,0.0,0.0,0.0,0.028169014084507043,0.0,0.0,0.0,0.0
0354,0291175,Adenoma high grade,0.12041546404361725,0.12041546404361725,52,0.9962265438445657,49,0,0,0,0,0,2,0,1,0,0,0,0,0.9423076923076923,0.0,0.0,0.0,0.0,0.0,0.038461538461538464,0.0,0.019230769230769232,0.0,0.0,0.0,0.0
0354,0404260,Adenoma high grade,0.12304534763097763,0.12304534763097763,48,0.9951852662601812,44,0,1,0,0,0,3,0,0,0,0,0,0,0.9166666666666666,0.0,0.020833333333333332,0.0,0.0,0.0,0.0625,0.0,0.0,0.0,0.0,0.0,0.0
0354,0977569,Adenoma high grade,0.13364514708518982,0.13364514708518982,85,0.9880764655456414,84,0,0,0,0,0,1,0,0,0,0,0,0,0.9882352941176471,0.0,0.0,0.0,0.0,0.0,0.011764705882352941,0.0,0.0,0.0,0.0,0.0,0.0
0377,0460502,Adenoma high grade,0.06505949795246124,0.06505949795246124,70,0.9713783336249341,61,5,0,0,0,1,3,0,0,0,0,0,0,0.8714285714285714,0.07142857142857142,0.0,0.0,0.0,0.014285714285714285,0.04285714285714286,0.0,0.0,0.0,0.0,0.0,0.0
0388,0222894,Adenoma high grade,0.12666159868240356,0.12666159868240356,47,0.9414801452392243,47,0,0,0,0,0,0,0,0,0,0,0,0,1.0,0.0,0.0,0.0,0.0,0.0,0.0,0.0,0.0,0.0,0.0,0.0,0.0
0388,0464813,Adenoma high grade,0.126946821808815,0.126946821808815,21,0.9528026102430303,21,0,0,0,0,0,0,0,0,0,0,0,0,1.0,0.0,0.0,0.0,0.0,0.0,0.0,0.0,0.0,0.0,0.0,0.0,0.0
0388,0693380,Adenoma high grade,0.15228363871574402,0.15228363871574402,34,0.9494201145980928,34,0,0,0,0,0,0,0,0,0,0,0,0,1.0,0.0,0.0,0.0,0.0,0.0,0.0,0.0,0.0,0.0,0.0,0.0,0.0
0388,0721354,Adenoma high grade,0.11637905985116959,0.11637905985116959,29,0.9816086021018213,23,0,2,0,0,0,1,0,3,0,0,0,0,0.7931034482758621,0.0,0.06896551724137931,0.0,0.0,0.0,0.034482758620689655,0.0,0.10344827586206896,0.0,0.0,0.0,0.0
0388,0784089,Adenoma high grade,0.14471393823623657,0.14471393823623657,44,0.961096382683721,44,0,0,0,0,0,0,0,0,0,0,0,0,1.0,0.0,0.0,0.0,0.0,0.0,0.0,0.0,0.0,0.0,0.0,0.0,0.0
0388,0856053,Adenoma high grade,0.07117581367492676,0.07117581367492676,55,0.9614319419460436,39,7,2,3,0,0,4,0,0,0,0,0,0,0.7090909090909091,0.12727272727272726,0.03636363636363636,0.05454545454545454,0.0,0.0,0.07272727272727272,0.0,0.0,0.0,0.0,0.0,0.0
0388,0957598,Adenoma high grade,0.05111907795071602,0.05111907795071602,47,0.9439875103292369,31,3,6,4,0,0,0,0,3,0,0,0,0,0.6595744680851063,0.06382978723404255,0.1276595744680851,0.0851063829787234,0.0,0.0,0.0,0.0,0.06382978723404255,0.0,0.0,0.0,0.0
0394,0068736,Adenoma high grade,0.09414981305599213,0.09414981305599213,73,0.9988258231677762,67,1,4,0,0,0,0,0,0,0,0,0,1,0.9178082191780822,0.0136986301369863,0.0547945205479452,0.0,0.0,0.0,0.0,0.0,0.0,0.0,0.0,0.0,0.0136986301369863
0394,0128974,Adenoma high grade,0.08741984516382217,0.08741984516382217,63,0.996023014087019,57,0,5,0,0,0,1,0,0,0,0,0,0,0.9047619047619048,0.0,0.07936507936507936,0.0,0.0,0.0,0.015873015873015872,0.0,0.0,0.0,0.0,0.0,0.0
0394,0148365,Adenoma high grade,0.13602711260318756,0.13602711260318756,47,0.9671992300029998,43,1,1,0,0,0,2,0,0,0,0,0,0,0.9148936170212766,0.02127659574468085,0.02127659574468085,0.0,0.0,0.0,0.0425531914893617,0.0,0.0,0.0,0.0,0.0,0.0
0394,0162861,Adenoma high grade,0.09610672295093536,0.09610672295093536,68,0.9997928679828929,63,0,2,0,0,2,0,0,1,0,0,0,0,0.9264705882352942,0.0,0.029411764705882353,0.0,0.0,0.029411764705882353,0.0,0.0,0.014705882352941176,0.0,0.0,0.0,0.0
0394,0354113,Adenoma high grade,0.11884772777557373,0.11884772777557373,24,0.9718263325593851,23,0,0,0,0,0,1,0,0,0,0,0,0,0.9583333333333334,0.0,0.0,0.0,0.0,0.0,0.041666666666666664,0.0,0.0,0.0,0.0,0.0,0.0
0394,0519283,Adenoma high grade,0.11795046180486679,0.11795046180486679,49,0.9875311755810618,44,1,2,0,0,0,1,0,1,0,0,0,0,0.8979591836734694,0.02040816326530612,0.04081632653061224,0.0,0.0,0.0,0.02040816326530612,0.0,0.02040816326530612,0.0,0.0,0.0,0.0
0394,0620066,Adenoma high grade,0.1233857050538063,0.1233857050538063,71,0.9300514003513102,50,2,4,0,0,1,3,0,7,0,0,0,4,0.704225352112676,0.028169014084507043,0.056338028169014086,0.0,0.0,0.014084507042253521,0.04225352112676056,0.0,0.09859154929577464,0.0,0.0,0.0,0.056338028169014086
0394,0646942,Adenoma high grade,0.06451354920864105,0.06451354920864105,66,0.999878780214553,65,0,1,0,0,0,0,0,0,0,0,0,0,0.9848484848484849,0.0,0.015151515151515152,0.0,0.0,0.0,0.0,0.0,0.0,0.0,0.0,0.0,0.0
0394,0736895,Adenoma high grade,0.13201944530010223,0.13201944530010223,49,0.9685990216197234,36,0,9,0,0,0,0,0,4,0,0,0,0,0.7346938775510204,0.0,0.1836734693877551,0.0,0.0,0.0,0.0,0.0,0.08163265306122448,0.0,0.0,0.0,0.0
0394,0754287,Adenoma high grade,0.14894549548625946,0.14894549548625946,57,0.984450891005133,44,0,6,0,0,0,0,0,6,1,0,0,0,0.7719298245614035,0.0,0.10526315789473684,0.0,0.0,0.0,0.0,0.0,0.10526315789473684,0.017543859649122806,0.0,0.0,0.0
0394,0791946,Adenoma high grade,0.148051455616951,0.148051455616951,79,0.9935376519353395,79,0,0,0,0,0,0,0,0,0,0,0,0,1.0,0.0,0.0,0.0,0.0,0.0,0.0,0.0,0.0,0.0,0.0,0.0,0.0
0401,0153877,Adenoma high grade,0.15743251144886017,0.15743251144886017,60,0.976885190158916,57,0,1,0,0,0,1,0,0,0,0,0,1,0.95,0.0,0.016666666666666666,0.0,0.0,0.0,0.016666666666666666,0.0,0.0,0.0,0.0,0.0,0.016666666666666666
0402,0024509,Adenoma high grade,0.1944582462310791,0.1944582462310791,63,0.9955375580367395,61,0,0,0,0,0,0,0,1,0,0,1,0,0.9682539682539683,0.0,0.0,0.0,0.0,0.0,0.0,0.0,0.015873015873015872,0.0,0.0,0.015873015873015872,0.0
0402,0040125,Adenoma high grade,0.21560372412204742,0.21560372412204742,88,0.9950915059194734,88,0,0,0,0,0,0,0,0,0,0,0,0,1.0,0.0,0.0,0.0,0.0,0.0,0.0,0.0,0.0,0.0,0.0,0.0,0.0
0402,0050315,Adenoma high grade,0.1405932903289795,0.1405932903289795,61,0.9737065141890869,44,15,2,0,0,0,0,0,0,0,0,0,0,0.7213114754098361,0.2459016393442623,0.03278688524590164,0.0,0.0,0.0,0.0,0.0,0.0,0.0,0.0,0.0,0.0
0402,0091271,Adenoma high grade,0.17755839228630066,0.17755839228630066,60,0.991200630275601,52,0,0,0,0,0,0,0,7,0,0,1,0,0.8666666666666667,0.0,0.0,0.0,0.0,0.0,0.0,0.0,0.11666666666666667,0.0,0.0,0.016666666666666666,0.0
0402,0092095,Adenoma high grade,0.16248328983783722,0.16248328983783722,41,0.9999999934552984,40,0,0,0,0,0,0,0,0,0,0,0,1,0.975609756097561,0.0,0.0,0.0,0.0,0.0,0.0,0.0,0.0,0.0,0.0,0.0,0.024390243902439025
0402,0157093,Adenoma high grade,0.20709967613220215,0.20709967613220215,68,0.9705672181459939,51,0,10,0,0,0,0,0,7,0,0,0,0,0.75,0.0,0.14705882352941177,0.0,0.0,0.0,0.0,0.0,0.10294117647058823,0.0,0.0,0.0,0.0
0402,0161393,Adenoma high grade,0.18345443904399872,0.18345443904399872,71,0.9996870047800662,69,1,1,0,0,0,0,0,0,0,0,0,0,0.971830985915493,0.014084507042253521,0.014084507042253521,0.0,0.0,0.0,0.0,0.0,0.0,0.0,0.0,0.0,0.0
0402,0161741,Adenoma high grade,0.15756888687610626,0.15756888687610626,83,0.9987710492956265,81,0,0,0,0,0,0,0,2,0,0,0,0,0.9759036144578314,0.0,0.0,0.0,0.0,0.0,0.0,0.0,0.024096385542168676,0.0,0.0,0.0,0.0
0402,0163024,Adenoma high grade,0.09783778339624405,0.09783778339624405,85,0.9495768165839181,46,24,7,0,0,2,3,0,3,0,0,0,0,0.5411764705882353,0.2823529411764706,0.08235294117647059,0.0,0.0,0.023529411764705882,0.03529411764705882,0.0,0.03529411764705882,0.0,0.0,0.0,0.0
0402,0207790,Adenoma high grade,0.15662792325019836,0.15662792325019836,77,0.9996324343150106,76,0,1,0,0,0,0,0,0,0,0,0,0,0.987012987012987,0.0,0.012987012987012988,0.0,0.0,0.0,0.0,0.0,0.0,0.0,0.0,0.0,0.0
0402,0238746,Adenoma high grade,0.1558302342891693,0.1558302342891693,77,0.9992107461932356,77,0,0,0,0,0,0,0,0,0,0,0,0,1.0,0.0,0.0,0.0,0.0,0.0,0.0,0.0,0.0,0.0,0.0,0.0,0.0
0402,0239117,Adenoma high grade,0.18137198686599731,0.18137198686599731,71,0.9961083265110162,61,4,1,0,0,0,0,0,5,0,0,0,0,0.8591549295774648,0.056338028169014086,0.014084507042253521,0.0,0.0,0.0,0.0,0.0,0.07042253521126761,0.0,0.0,0.0,0.0
0402,0239355,Adenoma high grade,0.1754995882511139,0.1754995882511139,63,0.9745458626269173,50,3,2,0,0,0,1,0,5,2,0,0,0,0.7936507936507936,0.047619047619047616,0.031746031746031744,0.0,0.0,0.0,0.015873015873015872,0.0,0.07936507936507936,0.031746031746031744,0.0,0.0,0.0
0402,0261958,Adenoma high grade,0.17339307069778442,0.17339307069778442,73,0.9848221257128873,63,3,6,0,0,0,0,0,1,0,0,0,0,0.863013698630137,0.0410958904109589,0.0821917808219178,0.0,0.0,0.0,0.0,0.0,0.0136986301369863,0.0,0.0,0.0,0.0
0402,0345660,Adenoma high grade,0.21627481281757355,0.21627481281757355,104,0.9957849274381834,102,1,0,0,0,0,0,0,0,0,0,1,0,0.9807692307692307,0.009615384615384616,0.0,0.0,0.0,0.0,0.0,0.0,0.0,0.0,0.0,0.009615384615384616,0.0
0402,0387837,Adenoma high grade,0.18035118281841278,0.18035118281841278,56,0.9777250159516215,44,4,0,4,0,0,1,0,2,0,0,0,1,0.7857142857142857,0.07142857142857142,0.0,0.07142857142857142,0.0,0.0,0.017857142857142856,0.0,0.03571428571428571,0.0,0.0,0.0,0.017857142857142856
0402,0388788,Adenoma high grade,0.16169950366020203,0.16169950366020203,70,0.9907676535474422,70,0,0,0,0,0,0,0,0,0,0,0,0,1.0,0.0,0.0,0.0,0.0,0.0,0.0,0.0,0.0,0.0,0.0,0.0,0.0
0402,0396778,Adenoma high grade,0.1530558317899704,0.1530558317899704,70,0.9951912162829684,63,2,2,0,0,0,0,0,3,0,0,0,0,0.9,0.02857142857142857,0.02857142857142857,0.0,0.0,0.0,0.0,0.0,0.04285714285714286,0.0,0.0,0.0,0.0
0402,0415633,Adenoma high grade,0.19587677717208862,0.19587677717208862,88,0.9880637822845351,86,0,1,0,0,0,0,0,0,0,0,1,0,0.9772727272727273,0.0,0.011363636363636364,0.0,0.0,0.0,0.0,0.0,0.0,0.0,0.0,0.011363636363636364,0.0
0402,0427439,Adenoma high grade,0.18437163531780243,0.18437163531780243,85,0.9989528718126325,84,0,0,0,0,0,0,0,1,0,0,0,0,0.9882352941176471,0.0,0.0,0.0,0.0,0.0,0.0,0.0,0.011764705882352941,0.0,0.0,0.0,0.0
0402,0461906,Adenoma high grade,0.11185935884714127,0.11185935884714127,70,0.9656973009821915,54,3,5,0,0,0,2,0,6,0,0,0,0,0.7714285714285715,0.04285714285714286,0.07142857142857142,0.0,0.0,0.0,0.02857142857142857,0.0,0.08571428571428572,0.0,0.0,0.0,0.0
0402,0466115,Adenoma high grade,0.19115783274173737,0.19115783274173737,76,0.9932234695355624,74,2,0,0,0,0,0,0,0,0,0,0,0,0.9736842105263158,0.02631578947368421,0.0,0.0,0.0,0.0,0.0,0.0,0.0,0.0,0.0,0.0,0.0
0402,0468005,Adenoma high grade,0.19879600405693054,0.19879600405693054,62,0.9999999914296384,60,0,1,0,0,0,0,0,1,0,0,0,0,0.967741935483871,0.0,0.016129032258064516,0.0,0.0,0.0,0.0,0.0,0.016129032258064516,0.0,0.0,0.0,0.0
0402,0487425,Adenoma high grade,0.18211598694324493,0.18211598694324493,99,0.9973779208549743,99,0,0,0,0,0,0,0,0,0,0,0,0,1.0,0.0,0.0,0.0,0.0,0.0,0.0,0.0,0.0,0.0,0.0,0.0,0.0
0402,0487813,Adenoma high grade,0.20627906918525696,0.20627906918525696,104,0.9946040049974434,103,0,0,0,0,0,0,0,1,0,0,0,0,0.9903846153846154,0.0,0.0,0.0,0.0,0.0,0.0,0.0,0.009615384615384616,0.0,0.0,0.0,0.0
0402,0498841,Adenoma high grade,0.14419713616371155,0.14419713616371155,64,0.9746457383760275,52,3,5,0,0,0,0,0,1,1,0,1,1,0.8125,0.046875,0.078125,0.0,0.0,0.0,0.0,0.0,0.015625,0.015625,0.0,0.015625,0.015625
0402,0534790,Adenoma high grade,0.12830324470996857,0.12830324470996857,68,0.9914256584055866,54,7,0,0,0,2,0,0,3,2,0,0,0,0.7941176470588235,0.10294117647058823,0.0,0.0,0.0,0.029411764705882353,0.0,0.0,0.04411764705882353,0.029411764705882353,0.0,0.0,0.0
0402,0535412,Adenoma high grade,0.1567716896533966,0.1567716896533966,63,0.9956684374855254,58,0,0,0,0,0,0,0,5,0,0,0,0,0.9206349206349206,0.0,0.0,0.0,0.0,0.0,0.0,0.0,0.07936507936507936,0.0,0.0,0.0,0.0
0402,0554798,Adenoma high grade,0.1449735313653946,0.1449735313653946,67,0.9817999697842856,60,3,1,0,0,0,0,0,1,0,0,0,2,0.8955223880597015,0.04477611940298507,0.014925373134328358,0.0,0.0,0.0,0.0,0.0,0.014925373134328358,0.0,0.0,0.0,0.029850746268656716
0402,0558992,Adenoma high grade,0.15167386829853058,0.15167386829853058,81,0.9982133505325935,79,1,1,0,0,0,0,0,0,0,0,0,0,0.9753086419753086,0.012345679012345678,0.012345679012345678,0.0,0.0,0.0,0.0,0.0,0.0,0.0,0.0,0.0,0.0
0402,0589617,Adenoma high grade,0.20615507662296295,0.20615507662296295,74,0.9973994286931694,73,0,1,0,0,0,0,0,0,0,0,0,0,0.9864864864864865,0.0,0.013513513513513514,0.0,0.0,0.0,0.0,0.0,0.0,0.0,0.0,0.0,0.0
0402,0678965,Adenoma high grade,0.15659365057945251,0.15659365057945251,62,0.9777813751493326,50,5,3,0,0,0,1,1,2,0,0,0,0,0.8064516129032258,0.08064516129032258,0.04838709677419355,0.0,0.0,0.0,0.016129032258064516,0.016129032258064516,0.03225806451612903,0.0,0.0,0.0,0.0
0402,0680572,Adenoma high grade,0.12684676051139832,0.12684676051139832,76,0.9944205088056928,63,1,7,0,0,0,0,0,5,0,0,0,0,0.8289473684210527,0.013157894736842105,0.09210526315789473,0.0,0.0,0.0,0.0,0.0,0.06578947368421052,0.0,0.0,0.0,0.0
0402,0693541,Adenoma high grade,0.14546459913253784,0.14546459913253784,56,0.9991656360367251,52,1,0,0,0,0,0,0,0,3,0,0,0,0.9285714285714286,0.017857142857142856,0.0,0.0,0.0,0.0,0.0,0.0,0.0,0.05357142857142857,0.0,0.0,0.0
0402,0727795,Adenoma high grade,0.1110684797167778,0.1110684797167778,60,0.9650319356867723,51,2,3,0,0,0,0,0,2,0,2,0,0,0.85,0.03333333333333333,0.05,0.0,0.0,0.0,0.0,0.0,0.03333333333333333,0.0,0.03333333333333333,0.0,0.0
0402,0728976,Adenoma high grade,0.17110088467597961,0.17110088467597961,89,0.9984995704763114,78,0,6,0,0,0,0,0,5,0,0,0,0,0.8764044943820225,0.0,0.06741573033707865,0.0,0.0,0.0,0.0,0.0,0.056179775280898875,0.0,0.0,0.0,0.0
0402,0742108,Adenoma high grade,0.16534370183944702,0.16534370183944702,59,0.9852765140213631,55,1,0,0,0,0,0,0,1,0,0,0,2,0.9322033898305084,0.01694915254237288,0.0,0.0,0.0,0.0,0.0,0.0,0.01694915254237288,0.0,0.0,0.0,0.03389830508474576
0402,0766402,Adenoma high grade,0.14961303770542145,0.14961303770542145,77,0.9850503000032989,61,6,1,0,0,0,0,0,9,0,0,0,0,0.7922077922077922,0.07792207792207792,0.012987012987012988,0.0,0.0,0.0,0.0,0.0,0.11688311688311688,0.0,0.0,0.0,0.0
0402,0768619,Adenoma high grade,0.1824883073568344,0.1824883073568344,51,0.9925664662618234,35,0,5,0,0,0,0,0,9,0,0,2,0,0.6862745098039216,0.0,0.09803921568627451,0.0,0.0,0.0,0.0,0.0,0.17647058823529413,0.0,0.0,0.0392156862745098,0.0
0402,0827894,Adenoma high grade,0.19729967415332794,0.19729967415332794,91,0.9898741593596314,90,0,0,0,0,0,0,0,0,0,0,1,0,0.989010989010989,0.0,0.0,0.0,0.0,0.0,0.0,0.0,0.0,0.0,0.0,0.01098901098901099,0.0
0402,0828243,Adenoma high grade,0.1330355405807495,0.1330355405807495,85,0.9939833145617202,72,3,1,0,0,0,0,0,9,0,0,0,0,0.8470588235294118,0.03529411764705882,0.011764705882352941,0.0,0.0,0.0,0.0,0.0,0.10588235294117647,0.0,0.0,0.0,0.0
0402,0845260,Adenoma high grade,0.17633207142353058,0.17633207142353058,86,0.9934530661456702,78,2,1,0,0,0,0,0,2,3,0,0,0,0.9069767441860465,0.023255813953488372,0.011627906976744186,0.0,0.0,0.0,0.0,0.0,0.023255813953488372,0.03488372093023256,0.0,0.0,0.0
0402,0875640,Adenoma high grade,0.19441427290439606,0.19441427290439606,52,0.9819424972879139,52,0,0,0,0,0,0,0,0,0,0,0,0,1.0,0.0,0.0,0.0,0.0,0.0,0.0,0.0,0.0,0.0,0.0,0.0,0.0
0402,0897065,Adenoma high grade,0.14614133536815643,0.14614133536815643,80,0.9896003839920222,75,2,1,0,0,0,1,0,0,0,0,1,0,0.9375,0.025,0.0125,0.0,0.0,0.0,0.0125,0.0,0.0,0.0,0.0,0.0125,0.0
0402,0900252,Adenoma high grade,0.16362550854682922,0.16362550854682922,74,0.97997603163469,67,1,3,0,0,0,0,0,3,0,0,0,0,0.9054054054054054,0.013513513513513514,0.04054054054054054,0.0,0.0,0.0,0.0,0.0,0.04054054054054054,0.0,0.0,0.0,0.0
0402,0952782,Adenoma high grade,0.19429925084114075,0.19429925084114075,89,0.9896691843225394,88,0,1,0,0,0,0,0,0,0,0,0,0,0.9887640449438202,0.0,0.011235955056179775,0.0,0.0,0.0,0.0,0.0,0.0,0.0,0.0,0.0,0.0
0402,0958777,Adenoma high grade,0.15252785384655,0.15252785384655,16,0.9733609294927127,14,0,0,0,0,0,1,0,0,0,0,0,1,0.875,0.0,0.0,0.0,0.0,0.0,0.0625,0.0,0.0,0.0,0.0,0.0,0.0625
0402,0959508,Adenoma high grade,0.1528797596693039,0.1528797596693039,67,0.996779651116944,64,1,0,0,0,0,0,0,2,0,0,0,0,0.9552238805970149,0.014925373134328358,0.0,0.0,0.0,0.0,0.0,0.0,0.029850746268656716,0.0,0.0,0.0,0.0
0402,0974677,Adenoma high grade,0.13283029198646545,0.13283029198646545,68,0.9829106371946551,63,0,0,0,0,0,1,0,4,0,0,0,0,0.9264705882352942,0.0,0.0,0.0,0.0,0.0,0.014705882352941176,0.0,0.058823529411764705,0.0,0.0,0.0,0.0
0402,0981365,Adenoma high grade,0.17749284207820892,0.17749284207820892,55,0.9891673855437366,52,0,0,0,0,0,0,0,3,0,0,0,0,0.9454545454545454,0.0,0.0,0.0,0.0,0.0,0.0,0.0,0.05454545454545454,0.0,0.0,0.0,0.0
0404,0944854,Adenoma high grade,0.2190587967634201,0.2190587967634201,54,0.9996527716519007,53,0,1,0,0,0,0,0,0,0,0,0,0,0.9814814814814815,0.0,0.018518518518518517,0.0,0.0,0.0,0.0,0.0,0.0,0.0,0.0,0.0,0.0
0435,0005264,Adenoma high grade,0.146402508020401,0.146402508020401,67,0.9932768498579927,58,0,6,1,0,0,2,0,0,0,0,0,0,0.8656716417910447,0.0,0.08955223880597014,0.014925373134328358,0.0,0.0,0.029850746268656716,0.0,0.0,0.0,0.0,0.0,0.0
0435,0073138,Adenoma high grade,0.14686283469200134,0.14686283469200134,65,0.9698390019985975,65,0,0,0,0,0,0,0,0,0,0,0,0,1.0,0.0,0.0,0.0,0.0,0.0,0.0,0.0,0.0,0.0,0.0,0.0,0.0
0435,0094269,Adenoma high grade,0.1544143557548523,0.1544143557548523,52,0.9963978012145508,52,0,0,0,0,0,0,0,0,0,0,0,0,1.0,0.0,0.0,0.0,0.0,0.0,0.0,0.0,0.0,0.0,0.0,0.0,0.0
0435,0106896,Adenoma high grade,0.14150398969650269,0.14150398969650269,56,0.9735889849252243,49,0,6,0,0,0,1,0,0,0,0,0,0,0.875,0.0,0.10714285714285714,0.0,0.0,0.0,0.017857142857142856,0.0,0.0,0.0,0.0,0.0,0.0
0435,0110640,Adenoma high grade,0.14972850680351257,0.14972850680351257,76,0.9787624269917578,75,0,0,1,0,0,0,0,0,0,0,0,0,0.9868421052631579,0.0,0.0,0.013157894736842105,0.0,0.0,0.0,0.0,0.0,0.0,0.0,0.0,0.0
0435,0135182,Adenoma high grade,0.15605930984020233,0.15605930984020233,51,0.9825701270466416,49,1,0,0,0,0,1,0,0,0,0,0,0,0.9607843137254902,0.0196078431372549,0.0,0.0,0.0,0.0,0.0196078431372549,0.0,0.0,0.0,0.0,0.0,0.0
0435,0143190,Adenoma high grade,0.1378515064716339,0.1378515064716339,74,0.9754350409659428,51,3,9,0,0,0,8,0,3,0,0,0,0,0.6891891891891891,0.04054054054054054,0.12162162162162163,0.0,0.0,0.0,0.10810810810810811,0.0,0.04054054054054054,0.0,0.0,0.0,0.0
0435,0169652,Adenoma high grade,0.13565441966056824,0.13565441966056824,20,0.9752522184937883,20,0,0,0,0,0,0,0,0,0,0,0,0,1.0,0.0,0.0,0.0,0.0,0.0,0.0,0.0,0.0,0.0,0.0,0.0,0.0
0435,0196815,Adenoma high grade,0.14741747081279755,0.14741747081279755,50,0.997204562029164,50,0,0,0,0,0,0,0,0,0,0,0,0,1.0,0.0,0.0,0.0,0.0,0.0,0.0,0.0,0.0,0.0,0.0,0.0,0.0
0435,0201492,Adenoma high grade,0.14304926991462708,0.14304926991462708,30,0.9894037280239072,29,0,1,0,0,0,0,0,0,0,0,0,0,0.9666666666666667,0.0,0.03333333333333333,0.0,0.0,0.0,0.0,0.0,0.0,0.0,0.0,0.0,0.0
0435,0203087,Adenoma high grade,0.14393645524978638,0.14393645524978638,55,0.9882754385873591,49,0,3,0,0,0,0,0,2,0,0,0,1,0.8909090909090909,0.0,0.05454545454545454,0.0,0.0,0.0,0.0,0.0,0.03636363636363636,0.0,0.0,0.0,0.01818181818181818
0435,0224660,Adenoma high grade,0.15861976146697998,0.15861976146697998,55,0.9917703859902656,54,0,0,0,0,1,0,0,0,0,0,0,0,0.9818181818181818,0.0,0.0,0.0,0.0,0.01818181818181818,0.0,0.0,0.0,0.0,0.0,0.0,0.0
0435,0234900,Adenoma high grade,0.13985887169837952,0.13985887169837952,27,0.995627961344918,24,0,3,0,0,0,0,0,0,0,0,0,0,0.8888888888888888,0.0,0.1111111111111111,0.0,0.0,0.0,0.0,0.0,0.0,0.0,0.0,0.0,0.0
0435,0237466,Adenoma high grade,0.14131613075733185,0.14131613075733185,12,0.9754034074391668,12,0,0,0,0,0,0,0,0,0,0,0,0,1.0,0.0,0.0,0.0,0.0,0.0,0.0,0.0,0.0,0.0,0.0,0.0,0.0
0435,0252348,Adenoma high grade,0.15666666626930237,0.15666666626930237,47,0.9983636448894159,47,0,0,0,0,0,0,0,0,0,0,0,0,1.0,0.0,0.0,0.0,0.0,0.0,0.0,0.0,0.0,0.0,0.0,0.0,0.0
0435,0327648,Adenoma high grade,0.1585145890712738,0.1585145890712738,66,0.9976873631904318,65,0,0,0,0,0,1,0,0,0,0,0,0,0.9848484848484849,0.0,0.0,0.0,0.0,0.0,0.015151515151515152,0.0,0.0,0.0,0.0,0.0,0.0
0435,0336540,Adenoma high grade,0.14182771742343903,0.14182771742343903,68,0.983903974765048,67,0,1,0,0,0,0,0,0,0,0,0,0,0.9852941176470589,0.0,0.014705882352941176,0.0,0.0,0.0,0.0,0.0,0.0,0.0,0.0,0.0,0.0
0435,0355558,Adenoma high grade,0.15901856124401093,0.15901856124401093,46,0.9850140947523487,39,0,0,0,0,0,0,0,7,0,0,0,0,0.8478260869565217,0.0,0.0,0.0,0.0,0.0,0.0,0.0,0.15217391304347827,0.0,0.0,0.0,0.0
0435,0361971,Adenoma high grade,0.13413994014263153,0.13413994014263153,19,0.988546151019007,19,0,0,0,0,0,0,0,0,0,0,0,0,1.0,0.0,0.0,0.0,0.0,0.0,0.0,0.0,0.0,0.0,0.0,0.0,0.0
0435,0364387,Adenoma high grade,0.15319569408893585,0.15319569408893585,47,0.9781498674845202,46,0,0,0,0,0,0,0,0,0,0,0,1,0.9787234042553191,0.0,0.0,0.0,0.0,0.0,0.0,0.0,0.0,0.0,0.0,0.0,0.02127659574468085
0435,0374692,Adenoma high grade,0.14866903424263,0.14866903424263,63,0.9978579630480576,63,0,0,0,0,0,0,0,0,0,0,0,0,1.0,0.0,0.0,0.0,0.0,0.0,0.0,0.0,0.0,0.0,0.0,0.0,0.0
0435,0383920,Adenoma high grade,0.142294779419899,0.142294779419899,54,0.9902352431564165,54,0,0,0,0,0,0,0,0,0,0,0,0,1.0,0.0,0.0,0.0,0.0,0.0,0.0,0.0,0.0,0.0,0.0,0.0,0.0
0435,0385742,Adenoma high grade,0.15021054446697235,0.15021054446697235,90,0.9986642875009942,87,0,0,0,0,0,2,0,1,0,0,0,0,0.9666666666666667,0.0,0.0,0.0,0.0,0.0,0.022222222222222223,0.0,0.011111111111111112,0.0,0.0,0.0,0.0
0435,0511592,Adenoma high grade,0.14816056191921234,0.14816056191921234,42,0.9824415103471634,42,0,0,0,0,0,0,0,0,0,0,0,0,1.0,0.0,0.0,0.0,0.0,0.0,0.0,0.0,0.0,0.0,0.0,0.0,0.0
0435,0532718,Adenoma high grade,0.1375380903482437,0.1375380903482437,65,0.9955711602579159,60,0,2,0,0,0,1,0,2,0,0,0,0,0.9230769230769231,0.0,0.03076923076923077,0.0,0.0,0.0,0.015384615384615385,0.0,0.03076923076923077,0.0,0.0,0.0,0.0
0435,0562712,Adenoma high grade,0.1489175707101822,0.1489175707101822,40,0.9709748282298211,39,0,0,1,0,0,0,0,0,0,0,0,0,0.975,0.0,0.0,0.025,0.0,0.0,0.0,0.0,0.0,0.0,0.0,0.0,0.0
0435,0584726,Adenoma high grade,0.15169702470302582,0.15169702470302582,46,0.9958093656807899,46,0,0,0,0,0,0,0,0,0,0,0,0,1.0,0.0,0.0,0.0,0.0,0.0,0.0,0.0,0.0,0.0,0.0,0.0,0.0
0435,0589200,Adenoma high grade,0.15000015497207642,0.15000015497207642,84,0.9765870880545525,84,0,0,0,0,0,0,0,0,0,0,0,0,1.0,0.0,0.0,0.0,0.0,0.0,0.0,0.0,0.0,0.0,0.0,0.0,0.0
0435,0612302,Adenoma high grade,0.13783621788024902,0.13783621788024902,33,0.9856190330261314,33,0,0,0,0,0,0,0,0,0,0,0,0,1.0,0.0,0.0,0.0,0.0,0.0,0.0,0.0,0.0,0.0,0.0,0.0,0.0
0435,0617240,Adenoma high grade,0.13981424272060394,0.13981424272060394,43,0.9752236375095655,43,0,0,0,0,0,0,0,0,0,0,0,0,1.0,0.0,0.0,0.0,0.0,0.0,0.0,0.0,0.0,0.0,0.0,0.0,0.0
0435,0636616,Adenoma high grade,0.14564000070095062,0.14564000070095062,62,0.9784438009510681,62,0,0,0,0,0,0,0,0,0,0,0,0,1.0,0.0,0.0,0.0,0.0,0.0,0.0,0.0,0.0,0.0,0.0,0.0,0.0
0435,0660353,Adenoma high grade,0.15160949528217316,0.15160949528217316,44,0.9870944559292405,44,0,0,0,0,0,0,0,0,0,0,0,0,1.0,0.0,0.0,0.0,0.0,0.0,0.0,0.0,0.0,0.0,0.0,0.0,0.0
0435,0667156,Adenoma high grade,0.14461299777030945,0.14461299777030945,44,0.9986521849413151,44,0,0,0,0,0,0,0,0,0,0,0,0,1.0,0.0,0.0,0.0,0.0,0.0,0.0,0.0,0.0,0.0,0.0,0.0,0.0
0435,0687584,Adenoma high grade,0.14448073506355286,0.14448073506355286,56,0.9945624059232845,54,0,2,0,0,0,0,0,0,0,0,0,0,0.9642857142857143,0.0,0.03571428571428571,0.0,0.0,0.0,0.0,0.0,0.0,0.0,0.0,0.0,0.0
0435,0706481,Adenoma high grade,0.15181855857372284,0.15181855857372284,48,0.9388473017165015,36,2,2,1,0,0,4,0,1,0,0,0,2,0.75,0.041666666666666664,0.041666666666666664,0.020833333333333332,0.0,0.0,0.08333333333333333,0.0,0.020833333333333332,0.0,0.0,0.0,0.041666666666666664
0435,0709010,Adenoma high grade,0.14509759843349457,0.14509759843349457,67,0.9815197825831409,60,0,5,0,0,0,2,0,0,0,0,0,0,0.8955223880597015,0.0,0.07462686567164178,0.0,0.0,0.0,0.029850746268656716,0.0,0.0,0.0,0.0,0.0,0.0
0435,0709398,Adenoma high grade,0.1576579213142395,0.1576579213142395,39,0.999999993278079,39,0,0,0,0,0,0,0,0,0,0,0,0,1.0,0.0,0.0,0.0,0.0,0.0,0.0,0.0,0.0,0.0,0.0,0.0,0.0
0435,0722939,Adenoma high grade,0.10786934942007065,0.10786934942007065,36,0.9971304550769413,35,0,0,0,0,0,0,0,1,0,0,0,0,0.9722222222222222,0.0,0.0,0.0,0.0,0.0,0.0,0.0,0.027777777777777776,0.0,0.0,0.0,0.0
0435,0731525,Adenoma high grade,0.1485169380903244,0.1485169380903244,88,0.9815845883930162,88,0,0,0,0,0,0,0,0,0,0,0,0,1.0,0.0,0.0,0.0,0.0,0.0,0.0,0.0,0.0,0.0,0.0,0.0,0.0
0435,0789431,Adenoma high grade,0.1428540199995041,0.1428540199995041,62,0.9817443256198611,56,0,2,0,0,0,1,0,2,0,0,0,1,0.9032258064516129,0.0,0.03225806451612903,0.0,0.0,0.0,0.016129032258064516,0.0,0.03225806451612903,0.0,0.0,0.0,0.016129032258064516
0435,0793810,Adenoma high grade,0.1364203244447708,0.1364203244447708,55,0.9962044471390075,55,0,0,0,0,0,0,0,0,0,0,0,0,1.0,0.0,0.0,0.0,0.0,0.0,0.0,0.0,0.0,0.0,0.0,0.0,0.0
0435,0809629,Adenoma high grade,0.14302188158035278,0.14302188158035278,14,0.9962278764580254,14,0,0,0,0,0,0,0,0,0,0,0,0,1.0,0.0,0.0,0.0,0.0,0.0,0.0,0.0,0.0,0.0,0.0,0.0,0.0
0435,0822716,Adenoma high grade,0.15082786977291107,0.15082786977291107,57,0.9893859564474714,56,1,0,0,0,0,0,0,0,0,0,0,0,0.9824561403508771,0.017543859649122806,0.0,0.0,0.0,0.0,0.0,0.0,0.0,0.0,0.0,0.0,0.0
0435,0841190,Adenoma high grade,0.1474301517009735,0.1474301517009735,43,0.9345937616965887,41,0,0,2,0,0,0,0,0,0,0,0,0,0.9534883720930233,0.0,0.0,0.046511627906976744,0.0,0.0,0.0,0.0,0.0,0.0,0.0,0.0,0.0
0435,0870673,Adenoma high grade,0.14250725507736206,0.14250725507736206,54,0.9920059719874443,45,0,7,0,0,0,0,0,2,0,0,0,0,0.8333333333333334,0.0,0.12962962962962962,0.0,0.0,0.0,0.0,0.0,0.037037037037037035,0.0,0.0,0.0,0.0
0435,0885810,Adenoma high grade,0.16359080374240875,0.16359080374240875,44,0.969893278490349,30,0,5,0,0,0,4,0,3,0,1,0,1,0.6818181818181818,0.0,0.11363636363636363,0.0,0.0,0.0,0.09090909090909091,0.0,0.06818181818181818,0.0,0.022727272727272728,0.0,0.022727272727272728
0435,0906759,Adenoma high grade,0.15488044917583466,0.15488044917583466,72,0.9932520254394976,68,0,1,0,0,0,1,0,2,0,0,0,0,0.9444444444444444,0.0,0.013888888888888888,0.0,0.0,0.0,0.013888888888888888,0.0,0.027777777777777776,0.0,0.0,0.0,0.0
0435,0907722,Adenoma high grade,0.14188151061534882,0.14188151061534882,47,0.986079056962637,47,0,0,0,0,0,0,0,0,0,0,0,0,1.0,0.0,0.0,0.0,0.0,0.0,0.0,0.0,0.0,0.0,0.0,0.0,0.0
0435,0938816,Adenoma high grade,0.14781062304973602,0.14781062304973602,65,0.9829871613396047,64,0,0,1,0,0,0,0,0,0,0,0,0,0.9846153846153847,0.0,0.0,0.015384615384615385,0.0,0.0,0.0,0.0,0.0,0.0,0.0,0.0,0.0
0435,0992046,Adenoma high grade,0.1557931900024414,0.1557931900024414,50,0.9929054199468927,50,0,0,0,0,0,0,0,0,0,0,0,0,1.0,0.0,0.0,0.0,0.0,0.0,0.0,0.0,0.0,0.0,0.0,0.0,0.0
0447,0395455,Adenoma high grade,0.17285941541194916,0.17285941541194916,78,0.9834960970833132,76,1,0,0,0,0,1,0,0,0,0,0,0,0.9743589743589743,0.01282051282051282,0.0,0.0,0.0,0.0,0.01282051282051282,0.0,0.0,0.0,0.0,0.0,0.0
0450,0496151,Adenoma high grade,0.15753084421157837,0.15753084421157837,64,0.9937984026502109,60,1,0,0,0,1,0,0,0,0,0,0,2,0.9375,0.015625,0.0,0.0,0.0,0.015625,0.0,0.0,0.0,0.0,0.0,0.0,0.03125
0450,0532046,Adenoma high grade,0.1701146960258484,0.1701146960258484,39,0.9961477462723769,39,0,0,0,0,0,0,0,0,0,0,0,0,1.0,0.0,0.0,0.0,0.0,0.0,0.0,0.0,0.0,0.0,0.0,0.0,0.0
0450,0576188,Adenoma high grade,0.16717302799224854,0.16717302799224854,40,0.999122800803808,35,1,0,0,0,0,2,0,0,0,0,0,2,0.875,0.025,0.0,0.0,0.0,0.0,0.05,0.0,0.0,0.0,0.0,0.0,0.05
0450,0693915,Adenoma high grade,0.1698327660560608,0.1698327660560608,53,0.9721304853077308,53,0,0,0,0,0,0,0,0,0,0,0,0,1.0,0.0,0.0,0.0,0.0,0.0,0.0,0.0,0.0,0.0,0.0,0.0,0.0
0450,0820345,Adenoma high grade,0.1434374302625656,0.1434374302625656,62,0.9308463478717802,41,6,6,2,0,1,3,0,0,0,0,0,3,0.6612903225806451,0.0967741935483871,0.0967741935483871,0.03225806451612903,0.0,0.016129032258064516,0.04838709677419355,0.0,0.0,0.0,0.0,0.0,0.04838709677419355
0450,0865041,Adenoma high grade,0.17707757651805878,0.17707757651805878,49,0.9777310962937256,46,0,0,0,0,0,0,0,2,0,0,0,1,0.9387755102040817,0.0,0.0,0.0,0.0,0.0,0.0,0.0,0.04081632653061224,0.0,0.0,0.0,0.02040816326530612
0450,0910301,Adenoma high grade,0.17056122422218323,0.17056122422218323,58,0.9856289918594249,58,0,0,0,0,0,0,0,0,0,0,0,0,1.0,0.0,0.0,0.0,0.0,0.0,0.0,0.0,0.0,0.0,0.0,0.0,0.0
0485,0042134,Adenoma high grade,0.13334967195987701,0.13334967195987701,46,0.9645779330718796,36,0,1,2,0,0,6,0,0,0,1,0,0,0.782608695652174,0.0,0.021739130434782608,0.043478260869565216,0.0,0.0,0.13043478260869565,0.0,0.0,0.0,0.021739130434782608,0.0,0.0
0485,0051790,Adenoma high grade,0.15055614709854126,0.15055614709854126,46,0.9848587820764925,46,0,0,0,0,0,0,0,0,0,0,0,0,1.0,0.0,0.0,0.0,0.0,0.0,0.0,0.0,0.0,0.0,0.0,0.0,0.0
0485,0055329,Adenoma high grade,0.12704670429229736,0.12704670429229736,56,0.9856002192827599,43,1,8,0,0,0,2,0,0,0,0,0,2,0.7678571428571429,0.017857142857142856,0.14285714285714285,0.0,0.0,0.0,0.03571428571428571,0.0,0.0,0.0,0.0,0.0,0.03571428571428571
0485,0066583,Adenoma high grade,0.1368633657693863,0.1368633657693863,34,0.9791007392090859,34,0,0,0,0,0,0,0,0,0,0,0,0,1.0,0.0,0.0,0.0,0.0,0.0,0.0,0.0,0.0,0.0,0.0,0.0,0.0
0485,0077142,Adenoma high grade,0.12725991010665894,0.12725991010665894,70,0.9112157965235261,29,12,8,4,0,0,10,2,3,0,0,1,1,0.4142857142857143,0.17142857142857143,0.11428571428571428,0.05714285714285714,0.0,0.0,0.14285714285714285,0.02857142857142857,0.04285714285714286,0.0,0.0,0.014285714285714285,0.014285714285714285
0485,0093272,Adenoma high grade,0.1660720258951187,0.1660720258951187,60,0.991895427171451,58,1,0,0,0,0,0,0,0,0,0,0,1,0.9666666666666667,0.016666666666666666,0.0,0.0,0.0,0.0,0.0,0.0,0.0,0.0,0.0,0.0,0.016666666666666666
0485,0098071,Adenoma high grade,0.14159776270389557,0.14159776270389557,56,0.9666041304462505,55,0,1,0,0,0,0,0,0,0,0,0,0,0.9821428571428571,0.0,0.017857142857142856,0.0,0.0,0.0,0.0,0.0,0.0,0.0,0.0,0.0,0.0
0485,0106001,Adenoma high grade,0.15075722336769104,0.15075722336769104,38,0.9477850380999991,30,3,1,0,0,0,2,0,1,0,0,0,1,0.7894736842105263,0.07894736842105263,0.02631578947368421,0.0,0.0,0.0,0.05263157894736842,0.0,0.02631578947368421,0.0,0.0,0.0,0.02631578947368421
0485,0115849,Adenoma high grade,0.15525707602500916,0.15525707602500916,48,0.9892608034834302,48,0,0,0,0,0,0,0,0,0,0,0,0,1.0,0.0,0.0,0.0,0.0,0.0,0.0,0.0,0.0,0.0,0.0,0.0,0.0
0485,0120475,Adenoma high grade,0.13335835933685303,0.13335835933685303,35,0.9589449324010744,28,0,1,0,0,0,0,0,6,0,0,0,0,0.8,0.0,0.02857142857142857,0.0,0.0,0.0,0.0,0.0,0.17142857142857143,0.0,0.0,0.0,0.0
0485,0131564,Adenoma high grade,0.14239118993282318,0.14239118993282318,48,0.9629517838621166,37,1,6,0,0,1,2,0,1,0,0,0,0,0.7708333333333334,0.020833333333333332,0.125,0.0,0.0,0.020833333333333332,0.041666666666666664,0.0,0.020833333333333332,0.0,0.0,0.0,0.0
0485,0179803,Adenoma high grade,0.08832837641239166,0.08832837641239166,45,0.9695806841588147,39,0,2,0,0,0,0,0,4,0,0,0,0,0.8666666666666667,0.0,0.044444444444444446,0.0,0.0,0.0,0.0,0.0,0.08888888888888889,0.0,0.0,0.0,0.0
0485,0210887,Adenoma high grade,0.10009392350912094,0.10009392350912094,52,0.9582390169842743,34,0,2,0,0,0,2,0,14,0,0,0,0,0.6538461538461539,0.0,0.038461538461538464,0.0,0.0,0.0,0.038461538461538464,0.0,0.2692307692307692,0.0,0.0,0.0,0.0
0485,0229243,Adenoma high grade,0.14499244093894958,0.14499244093894958,34,0.9954217488126694,31,1,0,0,0,0,1,0,0,0,0,0,1,0.9117647058823529,0.029411764705882353,0.0,0.0,0.0,0.0,0.029411764705882353,0.0,0.0,0.0,0.0,0.0,0.029411764705882353
0485,0248665,Adenoma high grade,0.14018630981445312,0.14018630981445312,54,0.9497669766786015,45,1,2,2,0,0,4,0,0,0,0,0,0,0.8333333333333334,0.018518518518518517,0.037037037037037035,0.037037037037037035,0.0,0.0,0.07407407407407407,0.0,0.0,0.0,0.0,0.0,0.0
0485,0327076,Adenoma high grade,0.1448105275630951,0.1448105275630951,33,0.9661838441746476,33,0,0,0,0,0,0,0,0,0,0,0,0,1.0,0.0,0.0,0.0,0.0,0.0,0.0,0.0,0.0,0.0,0.0,0.0,0.0
0485,0348046,Adenoma high grade,0.18411372601985931,0.18411372601985931,51,0.991914322278939,50,0,1,0,0,0,0,0,0,0,0,0,0,0.9803921568627451,0.0,0.0196078431372549,0.0,0.0,0.0,0.0,0.0,0.0,0.0,0.0,0.0,0.0
0485,0367269,Adenoma high grade,0.14006096124649048,0.14006096124649048,34,0.9687050019030676,32,0,1,1,0,0,0,0,0,0,0,0,0,0.9411764705882353,0.0,0.029411764705882353,0.029411764705882353,0.0,0.0,0.0,0.0,0.0,0.0,0.0,0.0,0.0
0485,0410580,Adenoma high grade,0.14968043565750122,0.14968043565750122,54,0.9683778748425614,53,0,1,0,0,0,0,0,0,0,0,0,0,0.9814814814814815,0.0,0.018518518518518517,0.0,0.0,0.0,0.0,0.0,0.0,0.0,0.0,0.0,0.0
0485,0421370,Adenoma high grade,0.06557273119688034,0.06557273119688034,42,0.9556712606335964,25,6,5,0,0,0,5,0,1,0,0,0,0,0.5952380952380952,0.14285714285714285,0.11904761904761904,0.0,0.0,0.0,0.11904761904761904,0.0,0.023809523809523808,0.0,0.0,0.0,0.0
0485,0435725,Adenoma high grade,0.08836735039949417,0.08836735039949417,52,0.9637756542118124,43,0,4,0,0,0,2,0,2,0,0,0,1,0.8269230769230769,0.0,0.07692307692307693,0.0,0.0,0.0,0.038461538461538464,0.0,0.038461538461538464,0.0,0.0,0.0,0.019230769230769232
0485,0438261,Adenoma high grade,0.1588936150074005,0.1588936150074005,48,0.9945385058838232,48,0,0,0,0,0,0,0,0,0,0,0,0,1.0,0.0,0.0,0.0,0.0,0.0,0.0,0.0,0.0,0.0,0.0,0.0,0.0
0485,0473722,Adenoma high grade,0.1525135040283203,0.1525135040283203,38,0.9758690773546008,38,0,0,0,0,0,0,0,0,0,0,0,0,1.0,0.0,0.0,0.0,0.0,0.0,0.0,0.0,0.0,0.0,0.0,0.0,0.0
0485,0487587,Adenoma high grade,0.15428856015205383,0.15428856015205383,42,0.9868369786743612,41,0,1,0,0,0,0,0,0,0,0,0,0,0.9761904761904762,0.0,0.023809523809523808,0.0,0.0,0.0,0.0,0.0,0.0,0.0,0.0,0.0,0.0
0485,0503589,Adenoma high grade,0.11917896568775177,0.11917896568775177,52,0.9590719236843074,27,0,4,1,0,0,15,0,4,0,0,0,1,0.5192307692307693,0.0,0.07692307692307693,0.019230769230769232,0.0,0.0,0.28846153846153844,0.0,0.07692307692307693,0.0,0.0,0.0,0.019230769230769232
0485,0513038,Adenoma high grade,0.13973163068294525,0.13973163068294525,53,0.9772225311454291,36,1,8,1,0,1,5,0,0,0,0,0,1,0.6792452830188679,0.018867924528301886,0.1509433962264151,0.018867924528301886,0.0,0.018867924528301886,0.09433962264150944,0.0,0.0,0.0,0.0,0.0,0.018867924528301886
0485,0517758,Adenoma high grade,0.14005808532238007,0.14005808532238007,40,0.9613122250916737,34,1,2,0,0,0,1,0,0,0,0,0,2,0.85,0.025,0.05,0.0,0.0,0.0,0.025,0.0,0.0,0.0,0.0,0.0,0.05
0485,0521871,Adenoma high grade,0.15347963571548462,0.15347963571548462,45,0.993608931639584,44,0,1,0,0,0,0,0,0,0,0,0,0,0.9777777777777777,0.0,0.022222222222222223,0.0,0.0,0.0,0.0,0.0,0.0,0.0,0.0,0.0,0.0
0485,0521955,Adenoma high grade,0.14067350327968597,0.14067350327968597,34,0.9996837369335614,30,2,0,0,0,0,0,0,1,0,0,1,0,0.8823529411764706,0.058823529411764705,0.0,0.0,0.0,0.0,0.0,0.0,0.029411764705882353,0.0,0.0,0.029411764705882353,0.0
0485,0533384,Adenoma high grade,0.15300847589969635,0.15300847589969635,49,0.9856320166950671,42,0,5,0,0,0,1,0,1,0,0,0,0,0.8571428571428571,0.0,0.10204081632653061,0.0,0.0,0.0,0.02040816326530612,0.0,0.02040816326530612,0.0,0.0,0.0,0.0
0485,0534062,Adenoma high grade,0.15315796434879303,0.15315796434879303,37,0.900270415493122,37,0,0,0,0,0,0,0,0,0,0,0,0,1.0,0.0,0.0,0.0,0.0,0.0,0.0,0.0,0.0,0.0,0.0,0.0,0.0
0485,0581464,Adenoma high grade,0.1623629927635193,0.1623629927635193,57,0.9855027231102779,50,2,2,0,0,0,0,0,3,0,0,0,0,0.8771929824561403,0.03508771929824561,0.03508771929824561,0.0,0.0,0.0,0.0,0.0,0.05263157894736842,0.0,0.0,0.0,0.0
0485,0583470,Adenoma high grade,0.12825456261634827,0.12825456261634827,48,0.999262530848405,40,0,3,1,0,0,2,0,2,0,0,0,0,0.8333333333333334,0.0,0.0625,0.020833333333333332,0.0,0.0,0.041666666666666664,0.0,0.041666666666666664,0.0,0.0,0.0,0.0
0485,0601034,Adenoma high grade,0.1339602768421173,0.1339602768421173,52,0.9603221851110963,36,3,3,1,0,0,7,0,0,0,0,0,2,0.6923076923076923,0.057692307692307696,0.057692307692307696,0.019230769230769232,0.0,0.0,0.1346153846153846,0.0,0.0,0.0,0.0,0.0,0.038461538461538464
0485,0609257,Adenoma high grade,0.15962904691696167,0.15962904691696167,52,0.9806794902133057,47,0,3,0,0,0,2,0,0,0,0,0,0,0.9038461538461539,0.0,0.057692307692307696,0.0,0.0,0.0,0.038461538461538464,0.0,0.0,0.0,0.0,0.0,0.0
0485,0712536,Adenoma high grade,0.1269022673368454,0.1269022673368454,41,0.9782849692606264,27,7,0,1,0,0,6,0,0,0,0,0,0,0.6585365853658537,0.17073170731707318,0.0,0.024390243902439025,0.0,0.0,0.14634146341463414,0.0,0.0,0.0,0.0,0.0,0.0
0485,0727535,Adenoma high grade,0.149903804063797,0.149903804063797,61,0.9847846588356596,56,0,0,0,0,0,3,0,2,0,0,0,0,0.9180327868852459,0.0,0.0,0.0,0.0,0.0,0.04918032786885246,0.0,0.03278688524590164,0.0,0.0,0.0,0.0
0485,0729313,Adenoma high grade,0.12752550840377808,0.12752550840377808,38,0.9713109687359269,20,5,1,0,2,1,9,0,0,0,0,0,0,0.5263157894736842,0.13157894736842105,0.02631578947368421,0.0,0.05263157894736842,0.02631578947368421,0.23684210526315788,0.0,0.0,0.0,0.0,0.0,0.0
0485,0745541,Adenoma high grade,0.15946678817272186,0.15946678817272186,46,0.9962036355116546,46,0,0,0,0,0,0,0,0,0,0,0,0,1.0,0.0,0.0,0.0,0.0,0.0,0.0,0.0,0.0,0.0,0.0,0.0,0.0
0485,0770074,Adenoma high grade,0.0571497306227684,0.0571497306227684,62,0.8872108144368144,17,15,10,4,1,0,12,0,1,0,1,0,1,0.27419354838709675,0.24193548387096775,0.16129032258064516,0.06451612903225806,0.016129032258064516,0.0,0.1935483870967742,0.0,0.016129032258064516,0.0,0.016129032258064516,0.0,0.016129032258064516
0485,0801864,Adenoma high grade,0.14447717368602753,0.14447717368602753,34,0.9812993506744808,31,0,1,0,0,0,0,0,2,0,0,0,0,0.9117647058823529,0.0,0.029411764705882353,0.0,0.0,0.0,0.0,0.0,0.058823529411764705,0.0,0.0,0.0,0.0
0485,0803557,Adenoma high grade,0.14026065170764923,0.14026065170764923,33,0.9723383827918427,31,0,1,0,0,0,0,0,1,0,0,0,0,0.9393939393939394,0.0,0.030303030303030304,0.0,0.0,0.0,0.0,0.0,0.030303030303030304,0.0,0.0,0.0,0.0
0485,0815295,Adenoma high grade,0.16547538340091705,0.16547538340091705,46,0.956773945490642,38,1,0,1,0,0,0,0,2,0,1,2,1,0.8260869565217391,0.021739130434782608,0.0,0.021739130434782608,0.0,0.0,0.0,0.0,0.043478260869565216,0.0,0.021739130434782608,0.043478260869565216,0.021739130434782608
0485,0824962,Adenoma high grade,0.07982523739337921,0.07982523739337921,54,0.9443424177957088,34,0,3,2,0,1,6,0,7,0,0,0,1,0.6296296296296297,0.0,0.05555555555555555,0.037037037037037035,0.0,0.018518518518518517,0.1111111111111111,0.0,0.12962962962962962,0.0,0.0,0.0,0.018518518518518517
0485,0856782,Adenoma high grade,0.14221757650375366,0.14221757650375366,43,0.9667171779224667,30,2,3,0,0,0,6,0,1,0,0,1,0,0.6976744186046512,0.046511627906976744,0.06976744186046512,0.0,0.0,0.0,0.13953488372093023,0.0,0.023255813953488372,0.0,0.0,0.023255813953488372,0.0
0485,0885365,Adenoma high grade,0.13981543481349945,0.13981543481349945,55,0.9986203484613163,55,0,0,0,0,0,0,0,0,0,0,0,0,1.0,0.0,0.0,0.0,0.0,0.0,0.0,0.0,0.0,0.0,0.0,0.0,0.0
0485,0886660,Adenoma high grade,0.14856232702732086,0.14856232702732086,42,0.9698535877319885,39,0,0,0,0,0,0,0,3,0,0,0,0,0.9285714285714286,0.0,0.0,0.0,0.0,0.0,0.0,0.0,0.07142857142857142,0.0,0.0,0.0,0.0
0485,0892164,Adenoma high grade,0.1294768750667572,0.1294768750667572,47,0.9908981676009007,39,1,5,0,0,0,0,0,1,0,0,0,1,0.8297872340425532,0.02127659574468085,0.10638297872340426,0.0,0.0,0.0,0.0,0.0,0.02127659574468085,0.0,0.0,0.0,0.02127659574468085
0485,0970705,Adenoma high grade,0.13225962221622467,0.13225962221622467,41,0.9816910896283289,37,0,1,0,0,0,1,0,2,0,0,0,0,0.9024390243902439,0.0,0.024390243902439025,0.0,0.0,0.0,0.024390243902439025,0.0,0.04878048780487805,0.0,0.0,0.0,0.0
0485,1026660,Adenoma high grade,0.15375131368637085,0.15375131368637085,58,0.9282603551483194,56,0,1,0,0,0,0,0,1,0,0,0,0,0.9655172413793104,0.0,0.017241379310344827,0.0,0.0,0.0,0.0,0.0,0.017241379310344827,0.0,0.0,0.0,0.0
0542,0008317,Adenoma high grade,0.14891669154167175,0.14891669154167175,74,0.9767197779774667,74,0,0,0,0,0,0,0,0,0,0,0,0,1.0,0.0,0.0,0.0,0.0,0.0,0.0,0.0,0.0,0.0,0.0,0.0,0.0
0542,0014904,Adenoma high grade,0.1690899282693863,0.1690899282693863,52,0.9263926353508407,51,0,0,0,0,0,0,0,0,0,0,1,0,0.9807692307692307,0.0,0.0,0.0,0.0,0.0,0.0,0.0,0.0,0.0,0.0,0.019230769230769232,0.0
0542,0048105,Adenoma high grade,0.15035566687583923,0.15035566687583923,51,0.9734934912770705,41,0,10,0,0,0,0,0,0,0,0,0,0,0.803921568627451,0.0,0.19607843137254902,0.0,0.0,0.0,0.0,0.0,0.0,0.0,0.0,0.0,0.0
0542,0090959,Adenoma high grade,0.15946559607982635,0.15946559607982635,53,0.9876036230025852,53,0,0,0,0,0,0,0,0,0,0,0,0,1.0,0.0,0.0,0.0,0.0,0.0,0.0,0.0,0.0,0.0,0.0,0.0,0.0
0542,0211194,Adenoma high grade,0.15624047815799713,0.15624047815799713,49,0.9813821738319726,44,3,0,1,0,0,1,0,0,0,0,0,0,0.8979591836734694,0.061224489795918366,0.0,0.02040816326530612,0.0,0.0,0.02040816326530612,0.0,0.0,0.0,0.0,0.0,0.0
0542,0241696,Adenoma high grade,0.14221562445163727,0.14221562445163727,64,0.9999527894703875,64,0,0,0,0,0,0,0,0,0,0,0,0,1.0,0.0,0.0,0.0,0.0,0.0,0.0,0.0,0.0,0.0,0.0,0.0,0.0
0542,0248056,Adenoma high grade,0.16040430963039398,0.16040430963039398,49,0.9745362032367958,48,0,1,0,0,0,0,0,0,0,0,0,0,0.9795918367346939,0.0,0.02040816326530612,0.0,0.0,0.0,0.0,0.0,0.0,0.0,0.0,0.0,0.0
0542,0264566,Adenoma high grade,0.14199532568454742,0.14199532568454742,51,0.9740164581844691,45,1,1,1,0,0,2,0,0,0,0,0,1,0.8823529411764706,0.0196078431372549,0.0196078431372549,0.0196078431372549,0.0,0.0,0.0392156862745098,0.0,0.0,0.0,0.0,0.0,0.0196078431372549
0542,0269980,Adenoma high grade,0.15991179645061493,0.15991179645061493,39,0.9925786221264945,39,0,0,0,0,0,0,0,0,0,0,0,0,1.0,0.0,0.0,0.0,0.0,0.0,0.0,0.0,0.0,0.0,0.0,0.0,0.0
0542,0392274,Adenoma high grade,0.15866640210151672,0.15866640210151672,70,0.9820063239795709,69,0,0,0,0,0,1,0,0,0,0,0,0,0.9857142857142858,0.0,0.0,0.0,0.0,0.0,0.014285714285714285,0.0,0.0,0.0,0.0,0.0,0.0
0542,0398179,Adenoma high grade,0.15754280984401703,0.15754280984401703,72,0.9902267827879108,72,0,0,0,0,0,0,0,0,0,0,0,0,1.0,0.0,0.0,0.0,0.0,0.0,0.0,0.0,0.0,0.0,0.0,0.0,0.0
0542,0443063,Adenoma high grade,0.1593504101037979,0.1593504101037979,65,0.9929351756517321,54,0,10,0,0,0,0,0,0,0,0,0,1,0.8307692307692308,0.0,0.15384615384615385,0.0,0.0,0.0,0.0,0.0,0.0,0.0,0.0,0.0,0.015384615384615385
0542,0447071,Adenoma high grade,0.15717458724975586,0.15717458724975586,75,0.9837854058942129,68,0,0,0,0,0,0,0,0,0,0,0,7,0.9066666666666666,0.0,0.0,0.0,0.0,0.0,0.0,0.0,0.0,0.0,0.0,0.0,0.09333333333333334
0542,0476769,Adenoma high grade,0.16423410177230835,0.16423410177230835,47,0.9904509910321346,46,0,0,0,0,0,0,0,0,0,0,0,1,0.9787234042553191,0.0,0.0,0.0,0.0,0.0,0.0,0.0,0.0,0.0,0.0,0.0,0.02127659574468085
0542,0625267,Adenoma high grade,0.15890108048915863,0.15890108048915863,45,0.9641143817192301,44,1,0,0,0,0,0,0,0,0,0,0,0,0.9777777777777777,0.022222222222222223,0.0,0.0,0.0,0.0,0.0,0.0,0.0,0.0,0.0,0.0,0.0
0542,0673249,Adenoma high grade,0.16006499528884888,0.16006499528884888,60,0.98483624077531,58,1,0,0,0,1,0,0,0,0,0,0,0,0.9666666666666667,0.016666666666666666,0.0,0.0,0.0,0.016666666666666666,0.0,0.0,0.0,0.0,0.0,0.0,0.0
0542,0734691,Adenoma high grade,0.1595955789089203,0.1595955789089203,91,0.9876819587113381,89,1,0,0,0,0,0,0,0,0,0,0,1,0.978021978021978,0.01098901098901099,0.0,0.0,0.0,0.0,0.0,0.0,0.0,0.0,0.0,0.0,0.01098901098901099
0542,0736007,Adenoma high grade,0.10539104044437408,0.10539104044437408,56,0.9714636378945535,42,5,3,0,0,0,1,0,0,0,5,0,0,0.75,0.08928571428571429,0.05357142857142857,0.0,0.0,0.0,0.017857142857142856,0.0,0.0,0.0,0.08928571428571429,0.0,0.0
0542,0775507,Adenoma high grade,0.15025925636291504,0.15025925636291504,52,0.9999999937884785,50,0,1,0,0,0,0,0,0,0,0,0,1,0.9615384615384616,0.0,0.019230769230769232,0.0,0.0,0.0,0.0,0.0,0.0,0.0,0.0,0.0,0.019230769230769232
0542,0779523,Adenoma high grade,0.15887285768985748,0.15887285768985748,77,0.9832231720226143,70,0,0,0,0,0,2,0,0,0,1,0,4,0.9090909090909091,0.0,0.0,0.0,0.0,0.0,0.025974025974025976,0.0,0.0,0.0,0.012987012987012988,0.0,0.05194805194805195
0542,0853404,Adenoma high grade,0.13852283358573914,0.13852283358573914,60,0.9977855662563571,59,1,0,0,0,0,0,0,0,0,0,0,0,0.9833333333333333,0.016666666666666666,0.0,0.0,0.0,0.0,0.0,0.0,0.0,0.0,0.0,0.0,0.0
0542,0916694,Adenoma high grade,0.15757642686367035,0.15757642686367035,37,0.9595745957378081,35,0,0,0,0,0,0,0,0,0,0,0,2,0.9459459459459459,0.0,0.0,0.0,0.0,0.0,0.0,0.0,0.0,0.0,0.0,0.0,0.05405405405405406
0542,0925165,Adenoma high grade,0.16093343496322632,0.16093343496322632,73,0.9984270443478811,73,0,0,0,0,0,0,0,0,0,0,0,0,1.0,0.0,0.0,0.0,0.0,0.0,0.0,0.0,0.0,0.0,0.0,0.0,0.0
0542,1021928,Adenoma high grade,0.15675769746303558,0.15675769746303558,74,0.9997709500354848,74,0,0,0,0,0,0,0,0,0,0,0,0,1.0,0.0,0.0,0.0,0.0,0.0,0.0,0.0,0.0,0.0,0.0,0.0,0.0
0542,1037601,Adenoma high grade,0.15348704159259796,0.15348704159259796,89,0.9844958345984757,86,0,2,0,0,0,1,0,0,0,0,0,0,0.9662921348314607,0.0,0.02247191011235955,0.0,0.0,0.0,0.011235955056179775,0.0,0.0,0.0,0.0,0.0,0.0
0551,0278191,Adenoma high grade,0.11374056339263916,0.11374056339263916,65,0.9745855695578576,65,0,0,0,0,0,0,0,0,0,0,0,0,1.0,0.0,0.0,0.0,0.0,0.0,0.0,0.0,0.0,0.0,0.0,0.0,0.0
0569,0068287,Adenoma high grade,0.16136887669563293,0.16136887669563293,30,0.9971959574614313,29,0,0,0,0,0,0,0,0,0,0,0,1,0.9666666666666667,0.0,0.0,0.0,0.0,0.0,0.0,0.0,0.0,0.0,0.0,0.0,0.03333333333333333
0569,0163712,Adenoma high grade,0.1649516075849533,0.1649516075849533,60,0.9968322223253835,60,0,0,0,0,0,0,0,0,0,0,0,0,1.0,0.0,0.0,0.0,0.0,0.0,0.0,0.0,0.0,0.0,0.0,0.0,0.0
0569,0180319,Adenoma high grade,0.16375085711479187,0.16375085711479187,41,0.9959856726144596,36,0,0,0,0,0,3,0,1,0,0,0,1,0.8780487804878049,0.0,0.0,0.0,0.0,0.0,0.07317073170731707,0.0,0.024390243902439025,0.0,0.0,0.0,0.024390243902439025
0569,0260771,Adenoma high grade,0.16674627363681793,0.16674627363681793,53,0.994877066856128,53,0,0,0,0,0,0,0,0,0,0,0,0,1.0,0.0,0.0,0.0,0.0,0.0,0.0,0.0,0.0,0.0,0.0,0.0,0.0
0569,0262537,Adenoma high grade,0.1655501127243042,0.1655501127243042,71,0.9873419135806536,66,1,4,0,0,0,0,0,0,0,0,0,0,0.9295774647887324,0.014084507042253521,0.056338028169014086,0.0,0.0,0.0,0.0,0.0,0.0,0.0,0.0,0.0,0.0
0569,0292330,Adenoma high grade,0.16877156496047974,0.16877156496047974,28,0.9938789210854042,28,0,0,0,0,0,0,0,0,0,0,0,0,1.0,0.0,0.0,0.0,0.0,0.0,0.0,0.0,0.0,0.0,0.0,0.0,0.0
0569,0298510,Adenoma high grade,0.16388148069381714,0.16388148069381714,52,0.9999999952379478,52,0,0,0,0,0,0,0,0,0,0,0,0,1.0,0.0,0.0,0.0,0.0,0.0,0.0,0.0,0.0,0.0,0.0,0.0,0.0
0569,0313682,Adenoma high grade,0.166608989238739,0.166608989238739,39,0.9907395744830072,39,0,0,0,0,0,0,0,0,0,0,0,0,1.0,0.0,0.0,0.0,0.0,0.0,0.0,0.0,0.0,0.0,0.0,0.0,0.0
0569,0314078,Adenoma high grade,0.16644933819770813,0.16644933819770813,51,0.982359171290394,50,0,1,0,0,0,0,0,0,0,0,0,0,0.9803921568627451,0.0,0.0196078431372549,0.0,0.0,0.0,0.0,0.0,0.0,0.0,0.0,0.0,0.0
0569,0374665,Adenoma high grade,0.16361580789089203,0.16361580789089203,76,0.970020078947756,64,3,5,0,0,0,4,0,0,0,0,0,0,0.8421052631578947,0.039473684210526314,0.06578947368421052,0.0,0.0,0.0,0.05263157894736842,0.0,0.0,0.0,0.0,0.0,0.0
0569,0410233,Adenoma high grade,0.16218601167201996,0.16218601167201996,46,0.9973625963925291,42,0,1,0,0,0,0,0,2,1,0,0,0,0.9130434782608695,0.0,0.021739130434782608,0.0,0.0,0.0,0.0,0.0,0.043478260869565216,0.021739130434782608,0.0,0.0,0.0
0569,0482135,Adenoma high grade,0.16628769040107727,0.16628769040107727,37,0.9939849544126262,37,0,0,0,0,0,0,0,0,0,0,0,0,1.0,0.0,0.0,0.0,0.0,0.0,0.0,0.0,0.0,0.0,0.0,0.0,0.0
0569,0535725,Adenoma high grade,0.16305199265480042,0.16305199265480042,52,0.9991748281341697,51,1,0,0,0,0,0,0,0,0,0,0,0,0.9807692307692307,0.019230769230769232,0.0,0.0,0.0,0.0,0.0,0.0,0.0,0.0,0.0,0.0,0.0
0569,0574824,Adenoma high grade,0.16143798828125,0.16143798828125,30,0.9999999930858328,30,0,0,0,0,0,0,0,0,0,0,0,0,1.0,0.0,0.0,0.0,0.0,0.0,0.0,0.0,0.0,0.0,0.0,0.0,0.0
0569,0593053,Adenoma high grade,0.16291901469230652,0.16291901469230652,23,0.9999999951322905,23,0,0,0,0,0,0,0,0,0,0,0,0,1.0,0.0,0.0,0.0,0.0,0.0,0.0,0.0,0.0,0.0,0.0,0.0,0.0
0569,0630963,Adenoma high grade,0.16017600893974304,0.16017600893974304,52,0.995496511512521,52,0,0,0,0,0,0,0,0,0,0,0,0,1.0,0.0,0.0,0.0,0.0,0.0,0.0,0.0,0.0,0.0,0.0,0.0,0.0
0569,0656009,Adenoma high grade,0.16417072713375092,0.16417072713375092,39,0.9922036417020579,39,0,0,0,0,0,0,0,0,0,0,0,0,1.0,0.0,0.0,0.0,0.0,0.0,0.0,0.0,0.0,0.0,0.0,0.0,0.0
0569,0678110,Adenoma high grade,0.1598435491323471,0.1598435491323471,52,0.9788785740859232,45,1,0,0,0,0,1,1,0,0,0,1,3,0.8653846153846154,0.019230769230769232,0.0,0.0,0.0,0.0,0.019230769230769232,0.019230769230769232,0.0,0.0,0.0,0.019230769230769232,0.057692307692307696
0569,0694227,Adenoma high grade,0.15925350785255432,0.15925350785255432,31,0.9934632626856343,30,0,0,0,0,0,0,0,0,0,0,0,1,0.967741935483871,0.0,0.0,0.0,0.0,0.0,0.0,0.0,0.0,0.0,0.0,0.0,0.03225806451612903
0569,0729965,Adenoma high grade,0.1651449203491211,0.1651449203491211,54,0.9849805638036124,48,0,3,0,0,0,2,0,1,0,0,0,0,0.8888888888888888,0.0,0.05555555555555555,0.0,0.0,0.0,0.037037037037037035,0.0,0.018518518518518517,0.0,0.0,0.0,0.0
0569,0732884,Adenoma high grade,0.16436204314231873,0.16436204314231873,43,0.9805872167584792,36,3,3,0,0,0,0,0,0,1,0,0,0,0.8372093023255814,0.06976744186046512,0.06976744186046512,0.0,0.0,0.0,0.0,0.0,0.0,0.023255813953488372,0.0,0.0,0.0
0569,0764628,Adenoma high grade,0.15793752670288086,0.15793752670288086,58,0.9947220206044752,57,0,0,0,0,0,0,0,1,0,0,0,0,0.9827586206896551,0.0,0.0,0.0,0.0,0.0,0.0,0.0,0.017241379310344827,0.0,0.0,0.0,0.0
0569,0796058,Adenoma high grade,0.16060833632946014,0.16060833632946014,37,0.9805952096549667,37,0,0,0,0,0,0,0,0,0,0,0,0,1.0,0.0,0.0,0.0,0.0,0.0,0.0,0.0,0.0,0.0,0.0,0.0,0.0
0569,0823603,Adenoma high grade,0.16660092771053314,0.16660092771053314,26,0.9988374166116595,25,0,0,0,0,0,1,0,0,0,0,0,0,0.9615384615384616,0.0,0.0,0.0,0.0,0.0,0.038461538461538464,0.0,0.0,0.0,0.0,0.0,0.0
0569,0832781,Adenoma high grade,0.16955940425395966,0.16955940425395966,47,0.9890614583846905,47,0,0,0,0,0,0,0,0,0,0,0,0,1.0,0.0,0.0,0.0,0.0,0.0,0.0,0.0,0.0,0.0,0.0,0.0,0.0
0569,0842153,Adenoma high grade,0.17051425576210022,0.17051425576210022,61,0.9918032726065643,59,0,2,0,0,0,0,0,0,0,0,0,0,0.9672131147540983,0.0,0.03278688524590164,0.0,0.0,0.0,0.0,0.0,0.0,0.0,0.0,0.0,0.0
0569,0958691,Adenoma high grade,0.1496613621711731,0.1496613621711731,28,0.9446732484116332,19,0,1,0,0,0,6,0,2,0,0,0,0,0.6785714285714286,0.0,0.03571428571428571,0.0,0.0,0.0,0.21428571428571427,0.0,0.07142857142857142,0.0,0.0,0.0,0.0
0569,0976170,Adenoma high grade,0.16469767689704895,0.16469767689704895,30,0.9998420174311728,30,0,0,0,0,0,0,0,0,0,0,0,0,1.0,0.0,0.0,0.0,0.0,0.0,0.0,0.0,0.0,0.0,0.0,0.0,0.0
0569,0998218,Adenoma high grade,0.16105251014232635,0.16105251014232635,39,0.9962213164966648,33,0,3,0,0,0,3,0,0,0,0,0,0,0.8461538461538461,0.0,0.07692307692307693,0.0,0.0,0.0,0.07692307692307693,0.0,0.0,0.0,0.0,0.0,0.0
0569,1004848,Adenoma high grade,0.13355372846126556,0.13355372846126556,40,0.9577025069553915,25,7,2,1,0,0,2,0,2,0,0,0,1,0.625,0.175,0.05,0.025,0.0,0.0,0.05,0.0,0.05,0.0,0.0,0.0,0.025
0569,1013155,Adenoma high grade,0.16446103155612946,0.16446103155612946,43,0.9948564037561836,42,1,0,0,0,0,0,0,0,0,0,0,0,0.9767441860465116,0.023255813953488372,0.0,0.0,0.0,0.0,0.0,0.0,0.0,0.0,0.0,0.0,0.0
0668,0009344,Adenoma high grade,0.2104770541191101,0.2104770541191101,64,0.9925906304962585,60,1,1,0,0,0,0,0,0,0,0,2,0,0.9375,0.015625,0.015625,0.0,0.0,0.0,0.0,0.0,0.0,0.0,0.0,0.03125,0.0
0668,0015840,Adenoma high grade,0.20114432275295258,0.20114432275295258,66,0.976487371184407,59,1,3,0,0,0,0,0,3,0,0,0,0,0.8939393939393939,0.015151515151515152,0.045454545454545456,0.0,0.0,0.0,0.0,0.0,0.045454545454545456,0.0,0.0,0.0,0.0
0668,0018247,Adenoma high grade,0.1987391710281372,0.1987391710281372,79,0.985754258004415,76,0,0,0,0,0,0,0,3,0,0,0,0,0.9620253164556962,0.0,0.0,0.0,0.0,0.0,0.0,0.0,0.0379746835443038,0.0,0.0,0.0,0.0
0668,0023618,Adenoma high grade,0.2220497727394104,0.2220497727394104,71,0.9822229467661692,70,0,0,0,0,0,0,0,0,0,0,0,1,0.9859154929577465,0.0,0.0,0.0,0.0,0.0,0.0,0.0,0.0,0.0,0.0,0.0,0.014084507042253521
0668,0036698,Adenoma high grade,0.19683675467967987,0.19683675467967987,68,0.9858040543498341,49,7,4,1,0,0,0,0,6,1,0,0,0,0.7205882352941176,0.10294117647058823,0.058823529411764705,0.014705882352941176,0.0,0.0,0.0,0.0,0.08823529411764706,0.014705882352941176,0.0,0.0,0.0
0668,0131771,Adenoma high grade,0.21097177267074585,0.21097177267074585,90,0.9994939598435189,90,0,0,0,0,0,0,0,0,0,0,0,0,1.0,0.0,0.0,0.0,0.0,0.0,0.0,0.0,0.0,0.0,0.0,0.0,0.0
0668,0150897,Adenoma high grade,0.2072477638721466,0.2072477638721466,79,0.9775484772930817,78,1,0,0,0,0,0,0,0,0,0,0,0,0.9873417721518988,0.012658227848101266,0.0,0.0,0.0,0.0,0.0,0.0,0.0,0.0,0.0,0.0,0.0
0668,0217027,Adenoma high grade,0.19692711532115936,0.19692711532115936,74,0.9742431598709753,62,1,2,0,0,0,0,1,8,0,0,0,0,0.8378378378378378,0.013513513513513514,0.02702702702702703,0.0,0.0,0.0,0.0,0.013513513513513514,0.10810810810810811,0.0,0.0,0.0,0.0
0668,0250325,Adenoma high grade,0.19173835217952728,0.19173835217952728,63,0.9764064977422993,57,0,0,0,0,0,0,0,5,0,0,0,1,0.9047619047619048,0.0,0.0,0.0,0.0,0.0,0.0,0.0,0.07936507936507936,0.0,0.0,0.0,0.015873015873015872
0668,0252889,Adenoma high grade,0.19687677919864655,0.19687677919864655,61,0.999999993613683,61,0,0,0,0,0,0,0,0,0,0,0,0,1.0,0.0,0.0,0.0,0.0,0.0,0.0,0.0,0.0,0.0,0.0,0.0,0.0
0668,0267022,Adenoma high grade,0.20401670038700104,0.20401670038700104,69,0.9889373526371811,61,1,4,0,0,0,1,0,2,0,0,0,0,0.8840579710144928,0.014492753623188406,0.057971014492753624,0.0,0.0,0.0,0.014492753623188406,0.0,0.028985507246376812,0.0,0.0,0.0,0.0
0668,0312493,Adenoma high grade,0.1928866058588028,0.1928866058588028,52,0.9719623902344323,39,1,4,0,0,0,0,0,7,0,0,1,0,0.75,0.019230769230769232,0.07692307692307693,0.0,0.0,0.0,0.0,0.0,0.1346153846153846,0.0,0.0,0.019230769230769232,0.0
0668,0315493,Adenoma high grade,0.1858145147562027,0.1858145147562027,76,0.9863846516078387,75,0,0,0,0,0,0,0,0,0,0,1,0,0.9868421052631579,0.0,0.0,0.0,0.0,0.0,0.0,0.0,0.0,0.0,0.0,0.013157894736842105,0.0
0668,0316782,Adenoma high grade,0.20212692022323608,0.20212692022323608,72,0.9991288392015183,65,0,2,0,0,0,0,0,5,0,0,0,0,0.9027777777777778,0.0,0.027777777777777776,0.0,0.0,0.0,0.0,0.0,0.06944444444444445,0.0,0.0,0.0,0.0
0668,0322737,Adenoma high grade,0.20066924393177032,0.20066924393177032,56,0.9759357433391023,50,1,1,0,0,0,0,0,4,0,0,0,0,0.8928571428571429,0.017857142857142856,0.017857142857142856,0.0,0.0,0.0,0.0,0.0,0.07142857142857142,0.0,0.0,0.0,0.0
0668,0340637,Adenoma high grade,0.2037770301103592,0.2037770301103592,59,0.9920982904472647,55,0,2,0,0,0,0,0,2,0,0,0,0,0.9322033898305084,0.0,0.03389830508474576,0.0,0.0,0.0,0.0,0.0,0.03389830508474576,0.0,0.0,0.0,0.0
0668,0348121,Adenoma high grade,0.2130272537469864,0.2130272537469864,49,0.9899959915899067,47,0,2,0,0,0,0,0,0,0,0,0,0,0.9591836734693877,0.0,0.04081632653061224,0.0,0.0,0.0,0.0,0.0,0.0,0.0,0.0,0.0,0.0
0668,0348188,Adenoma high grade,0.21281439065933228,0.21281439065933228,59,0.9902544296131993,55,0,2,0,0,0,0,0,1,0,0,1,0,0.9322033898305084,0.0,0.03389830508474576,0.0,0.0,0.0,0.0,0.0,0.01694915254237288,0.0,0.0,0.01694915254237288,0.0
0668,0349717,Adenoma high grade,0.21129213273525238,0.21129213273525238,76,0.9961806229843798,74,2,0,0,0,0,0,0,0,0,0,0,0,0.9736842105263158,0.02631578947368421,0.0,0.0,0.0,0.0,0.0,0.0,0.0,0.0,0.0,0.0,0.0
0668,0362813,Adenoma high grade,0.18539485335350037,0.18539485335350037,79,0.9988119274286217,77,2,0,0,0,0,0,0,0,0,0,0,0,0.9746835443037974,0.02531645569620253,0.0,0.0,0.0,0.0,0.0,0.0,0.0,0.0,0.0,0.0,0.0
0668,0362997,Adenoma high grade,0.21806304156780243,0.21806304156780243,74,0.982678208597796,72,0,0,1,0,0,0,0,0,0,0,0,1,0.972972972972973,0.0,0.0,0.013513513513513514,0.0,0.0,0.0,0.0,0.0,0.0,0.0,0.0,0.013513513513513514
0668,0372096,Adenoma high grade,0.20235951244831085,0.20235951244831085,85,0.995330812889148,84,0,0,0,0,0,0,0,0,0,0,1,0,0.9882352941176471,0.0,0.0,0.0,0.0,0.0,0.0,0.0,0.0,0.0,0.0,0.011764705882352941,0.0
0668,0526119,Adenoma high grade,0.20680928230285645,0.20680928230285645,56,0.9993563671469221,56,0,0,0,0,0,0,0,0,0,0,0,0,1.0,0.0,0.0,0.0,0.0,0.0,0.0,0.0,0.0,0.0,0.0,0.0,0.0
0668,0528408,Adenoma high grade,0.19814467430114746,0.19814467430114746,53,0.9999999940351203,53,0,0,0,0,0,0,0,0,0,0,0,0,1.0,0.0,0.0,0.0,0.0,0.0,0.0,0.0,0.0,0.0,0.0,0.0,0.0
0668,0532701,Adenoma high grade,0.19292661547660828,0.19292661547660828,56,0.9560697461862441,43,3,2,0,0,0,0,0,6,0,0,1,1,0.7678571428571429,0.05357142857142857,0.03571428571428571,0.0,0.0,0.0,0.0,0.0,0.10714285714285714,0.0,0.0,0.017857142857142856,0.017857142857142856
0668,0537497,Adenoma high grade,0.19170896708965302,0.19170896708965302,54,0.9999999947090944,52,0,1,0,0,0,0,0,1,0,0,0,0,0.9629629629629629,0.0,0.018518518518518517,0.0,0.0,0.0,0.0,0.0,0.018518518518518517,0.0,0.0,0.0,0.0
0668,0544704,Adenoma high grade,0.1850382387638092,0.1850382387638092,62,0.9770134398247172,52,5,1,0,0,0,3,0,0,0,0,1,0,0.8387096774193549,0.08064516129032258,0.016129032258064516,0.0,0.0,0.0,0.04838709677419355,0.0,0.0,0.0,0.0,0.016129032258064516,0.0
0668,0577008,Adenoma high grade,0.1958012878894806,0.1958012878894806,61,0.9900900580227774,53,2,1,0,0,0,0,1,2,0,0,1,1,0.8688524590163934,0.03278688524590164,0.01639344262295082,0.0,0.0,0.0,0.0,0.01639344262295082,0.03278688524590164,0.0,0.0,0.01639344262295082,0.01639344262295082
0668,0582020,Adenoma high grade,0.2085971236228943,0.2085971236228943,62,0.9992240262749074,62,0,0,0,0,0,0,0,0,0,0,0,0,1.0,0.0,0.0,0.0,0.0,0.0,0.0,0.0,0.0,0.0,0.0,0.0,0.0
0668,0612810,Adenoma high grade,0.2052587866783142,0.2052587866783142,66,0.9853543639310014,63,1,0,0,0,0,0,0,0,0,0,2,0,0.9545454545454546,0.015151515151515152,0.0,0.0,0.0,0.0,0.0,0.0,0.0,0.0,0.0,0.030303030303030304,0.0
0668,0617411,Adenoma high grade,0.20567290484905243,0.20567290484905243,55,0.9858717055340038,54,0,0,0,0,0,0,0,0,0,0,0,1,0.9818181818181818,0.0,0.0,0.0,0.0,0.0,0.0,0.0,0.0,0.0,0.0,0.0,0.01818181818181818
0668,0619501,Adenoma high grade,0.19951999187469482,0.19951999187469482,78,0.9872144621665123,75,0,2,1,0,0,0,0,0,0,0,0,0,0.9615384615384616,0.0,0.02564102564102564,0.01282051282051282,0.0,0.0,0.0,0.0,0.0,0.0,0.0,0.0,0.0
0668,0632465,Adenoma high grade,0.21088144183158875,0.21088144183158875,58,0.9905181107621972,50,0,1,0,0,1,0,0,6,0,0,0,0,0.8620689655172413,0.0,0.017241379310344827,0.0,0.0,0.017241379310344827,0.0,0.0,0.10344827586206896,0.0,0.0,0.0,0.0
0668,0647575,Adenoma high grade,0.20445896685123444,0.20445896685123444,62,0.9999999923299655,61,0,1,0,0,0,0,0,0,0,0,0,0,0.9838709677419355,0.0,0.016129032258064516,0.0,0.0,0.0,0.0,0.0,0.0,0.0,0.0,0.0,0.0
0668,0649014,Adenoma high grade,0.2130514532327652,0.2130514532327652,37,0.9735137743169715,36,1,0,0,0,0,0,0,0,0,0,0,0,0.972972972972973,0.02702702702702703,0.0,0.0,0.0,0.0,0.0,0.0,0.0,0.0,0.0,0.0,0.0
0668,0653858,Adenoma high grade,0.1938731074333191,0.1938731074333191,67,0.9936486702384649,51,0,5,0,0,0,1,0,9,0,0,1,0,0.7611940298507462,0.0,0.07462686567164178,0.0,0.0,0.0,0.014925373134328358,0.0,0.13432835820895522,0.0,0.0,0.014925373134328358,0.0
0668,0729065,Adenoma high grade,0.22602930665016174,0.22602930665016174,67,0.9999999929772336,65,0,1,0,0,0,0,0,1,0,0,0,0,0.9701492537313433,0.0,0.014925373134328358,0.0,0.0,0.0,0.0,0.0,0.014925373134328358,0.0,0.0,0.0,0.0
0668,0762049,Adenoma high grade,0.17058230936527252,0.17058230936527252,38,0.9989351093420821,37,0,0,0,0,0,0,0,0,0,0,0,1,0.9736842105263158,0.0,0.0,0.0,0.0,0.0,0.0,0.0,0.0,0.0,0.0,0.0,0.02631578947368421
0668,0821121,Adenoma high grade,0.19912858307361603,0.19912858307361603,67,0.9718804783213815,53,3,7,0,0,0,1,0,2,0,0,1,0,0.7910447761194029,0.04477611940298507,0.1044776119402985,0.0,0.0,0.0,0.014925373134328358,0.0,0.029850746268656716,0.0,0.0,0.014925373134328358,0.0
0668,0828903,Adenoma high grade,0.20341011881828308,0.20341011881828308,70,0.9935696754307006,65,0,4,0,0,0,1,0,0,0,0,0,0,0.9285714285714286,0.0,0.05714285714285714,0.0,0.0,0.0,0.014285714285714285,0.0,0.0,0.0,0.0,0.0,0.0
0668,0839711,Adenoma high grade,0.20362865924835205,0.20362865924835205,78,0.9842528048166693,69,0,2,0,0,0,0,0,7,0,0,0,0,0.8846153846153846,0.0,0.02564102564102564,0.0,0.0,0.0,0.0,0.0,0.08974358974358974,0.0,0.0,0.0,0.0
0668,0849823,Adenoma high grade,0.20311257243156433,0.20311257243156433,100,0.9822194871958989,95,0,0,0,0,0,0,0,0,0,0,4,1,0.95,0.0,0.0,0.0,0.0,0.0,0.0,0.0,0.0,0.0,0.0,0.04,0.01
0668,0855993,Adenoma high grade,0.22540117800235748,0.22540117800235748,52,0.9774885479451865,50,1,0,0,0,0,0,0,0,0,0,0,1,0.9615384615384616,0.019230769230769232,0.0,0.0,0.0,0.0,0.0,0.0,0.0,0.0,0.0,0.0,0.019230769230769232
0668,0863411,Adenoma high grade,0.20884592831134796,0.20884592831134796,56,0.9934251410797506,54,2,0,0,0,0,0,0,0,0,0,0,0,0.9642857142857143,0.03571428571428571,0.0,0.0,0.0,0.0,0.0,0.0,0.0,0.0,0.0,0.0,0.0
0668,0866583,Adenoma high grade,0.20009870827198029,0.20009870827198029,59,0.9877598383493689,57,0,0,0,0,0,0,0,1,0,0,1,0,0.9661016949152542,0.0,0.0,0.0,0.0,0.0,0.0,0.0,0.01694915254237288,0.0,0.0,0.01694915254237288,0.0
0668,0910240,Adenoma high grade,0.1884920746088028,0.1884920746088028,73,0.9698513904262265,59,3,3,0,0,0,0,0,7,0,1,0,0,0.8082191780821918,0.0410958904109589,0.0410958904109589,0.0,0.0,0.0,0.0,0.0,0.0958904109589041,0.0,0.0136986301369863,0.0,0.0
0668,1003743,Adenoma high grade,0.1875295788049698,0.1875295788049698,68,0.9834470164927557,53,2,8,0,0,0,0,0,4,0,0,1,0,0.7794117647058824,0.029411764705882353,0.11764705882352941,0.0,0.0,0.0,0.0,0.0,0.058823529411764705,0.0,0.0,0.014705882352941176,0.0
0668,1025390,Adenoma high grade,0.2155080884695053,0.2155080884695053,76,0.9900811684181243,75,0,0,0,0,0,0,0,0,0,0,0,1,0.9868421052631579,0.0,0.0,0.0,0.0,0.0,0.0,0.0,0.0,0.0,0.0,0.0,0.013157894736842105
0678,0019108,Adenoma high grade,0.12406715750694275,0.12406715750694275,55,0.9900225855831366,46,2,2,1,0,0,4,0,0,0,0,0,0,0.8363636363636363,0.03636363636363636,0.03636363636363636,0.01818181818181818,0.0,0.0,0.07272727272727272,0.0,0.0,0.0,0.0,0.0,0.0
0678,0024885,Adenoma high grade,0.13312917947769165,0.13312917947769165,57,0.9976947478245828,51,1,3,0,0,0,2,0,0,0,0,0,0,0.8947368421052632,0.017543859649122806,0.05263157894736842,0.0,0.0,0.0,0.03508771929824561,0.0,0.0,0.0,0.0,0.0,0.0
0678,0036566,Adenoma high grade,0.14042845368385315,0.14042845368385315,55,0.9779808079409985,48,3,1,1,0,0,1,0,0,0,0,0,1,0.8727272727272727,0.05454545454545454,0.01818181818181818,0.01818181818181818,0.0,0.0,0.01818181818181818,0.0,0.0,0.0,0.0,0.0,0.01818181818181818
0678,0047438,Adenoma high grade,0.1387586146593094,0.1387586146593094,75,0.9492590661286554,31,19,14,0,1,1,8,0,1,0,0,0,0,0.41333333333333333,0.25333333333333335,0.18666666666666668,0.0,0.013333333333333334,0.013333333333333334,0.10666666666666667,0.0,0.013333333333333334,0.0,0.0,0.0,0.0
0678,0096472,Adenoma high grade,0.1470659077167511,0.1470659077167511,45,0.9884964403373514,41,1,1,0,0,0,1,0,0,0,0,1,0,0.9111111111111111,0.022222222222222223,0.022222222222222223,0.0,0.0,0.0,0.022222222222222223,0.0,0.0,0.0,0.0,0.022222222222222223,0.0
0678,0100827,Adenoma high grade,0.14441178739070892,0.14441178739070892,67,0.9787292813259231,59,1,5,0,0,0,0,0,1,0,1,0,0,0.8805970149253731,0.014925373134328358,0.07462686567164178,0.0,0.0,0.0,0.0,0.0,0.014925373134328358,0.0,0.014925373134328358,0.0,0.0
0678,0131290,Adenoma high grade,0.14008767902851105,0.14008767902851105,61,0.9816402862765202,55,2,1,0,0,0,0,0,3,0,0,0,0,0.9016393442622951,0.03278688524590164,0.01639344262295082,0.0,0.0,0.0,0.0,0.0,0.04918032786885246,0.0,0.0,0.0,0.0
0678,0142567,Adenoma high grade,0.14110316336154938,0.14110316336154938,24,0.9985560989489416,23,0,0,0,0,0,0,0,0,0,0,1,0,0.9583333333333334,0.0,0.0,0.0,0.0,0.0,0.0,0.0,0.0,0.0,0.0,0.041666666666666664,0.0
0678,0223027,Adenoma high grade,0.14743703603744507,0.14743703603744507,58,0.9835036370426021,56,0,0,0,0,0,1,0,0,0,0,0,1,0.9655172413793104,0.0,0.0,0.0,0.0,0.0,0.017241379310344827,0.0,0.0,0.0,0.0,0.0,0.017241379310344827
0678,0231590,Adenoma high grade,0.13210369646549225,0.13210369646549225,49,0.9707594486774493,39,1,0,0,0,0,7,0,0,0,2,0,0,0.7959183673469388,0.02040816326530612,0.0,0.0,0.0,0.0,0.14285714285714285,0.0,0.0,0.0,0.04081632653061224,0.0,0.0
0678,0245543,Adenoma high grade,0.11390838772058487,0.11390838772058487,87,0.9071349396266158,37,6,13,6,0,0,17,1,2,0,0,0,5,0.42528735632183906,0.06896551724137931,0.14942528735632185,0.06896551724137931,0.0,0.0,0.19540229885057472,0.011494252873563218,0.022988505747126436,0.0,0.0,0.0,0.05747126436781609
0678,0301263,Adenoma high grade,0.1043531522154808,0.1043531522154808,77,0.9847501569245489,69,0,6,0,0,0,0,0,0,0,0,1,1,0.8961038961038961,0.0,0.07792207792207792,0.0,0.0,0.0,0.0,0.0,0.0,0.0,0.0,0.012987012987012988,0.012987012987012988
0678,0305149,Adenoma high grade,0.14906200766563416,0.14906200766563416,43,0.97605535184611,31,2,3,0,0,0,4,0,2,0,0,1,0,0.7209302325581395,0.046511627906976744,0.06976744186046512,0.0,0.0,0.0,0.09302325581395349,0.0,0.046511627906976744,0.0,0.0,0.023255813953488372,0.0
0678,0325083,Adenoma high grade,0.16054469347000122,0.16054469347000122,37,0.9048888232684825,19,2,7,0,0,0,8,0,0,0,0,0,1,0.5135135135135135,0.05405405405405406,0.1891891891891892,0.0,0.0,0.0,0.21621621621621623,0.0,0.0,0.0,0.0,0.0,0.02702702702702703
0678,0331994,Adenoma high grade,0.12585662305355072,0.12585662305355072,82,0.9899847564549419,60,8,14,0,0,0,0,0,0,0,0,0,0,0.7317073170731707,0.0975609756097561,0.17073170731707318,0.0,0.0,0.0,0.0,0.0,0.0,0.0,0.0,0.0,0.0
0678,0357382,Adenoma high grade,0.06329526752233505,0.06329526752233505,105,0.9999999906309675,102,0,3,0,0,0,0,0,0,0,0,0,0,0.9714285714285714,0.0,0.02857142857142857,0.0,0.0,0.0,0.0,0.0,0.0,0.0,0.0,0.0,0.0
0678,0358462,Adenoma high grade,0.06448627263307571,0.06448627263307571,77,0.9535852466473934,48,12,10,1,0,0,4,0,1,0,1,0,0,0.6233766233766234,0.15584415584415584,0.12987012987012986,0.012987012987012988,0.0,0.0,0.05194805194805195,0.0,0.012987012987012988,0.0,0.012987012987012988,0.0,0.0
0678,0364568,Adenoma high grade,0.14495638012886047,0.14495638012886047,48,0.9999999956852269,47,0,0,0,0,0,0,0,1,0,0,0,0,0.9791666666666666,0.0,0.0,0.0,0.0,0.0,0.0,0.0,0.020833333333333332,0.0,0.0,0.0,0.0
0678,0388442,Adenoma high grade,0.08762024343013763,0.08762024343013763,82,0.9830245400568105,68,4,5,1,0,0,4,0,0,0,0,0,0,0.8292682926829268,0.04878048780487805,0.06097560975609756,0.012195121951219513,0.0,0.0,0.04878048780487805,0.0,0.0,0.0,0.0,0.0,0.0
0678,0417886,Adenoma high grade,0.14601467549800873,0.14601467549800873,55,0.9865230657275715,44,1,4,0,0,0,2,0,4,0,0,0,0,0.8,0.01818181818181818,0.07272727272727272,0.0,0.0,0.0,0.03636363636363636,0.0,0.07272727272727272,0.0,0.0,0.0,0.0
0678,0430760,Adenoma high grade,0.14949862658977509,0.14949862658977509,41,0.961237868229931,23,4,12,0,0,0,2,0,0,0,0,0,0,0.5609756097560976,0.0975609756097561,0.2926829268292683,0.0,0.0,0.0,0.04878048780487805,0.0,0.0,0.0,0.0,0.0,0.0
0678,0436873,Adenoma high grade,0.134216770529747,0.134216770529747,55,0.918683038962555,23,6,8,6,0,0,11,0,0,0,0,0,1,0.41818181818181815,0.10909090909090909,0.14545454545454545,0.10909090909090909,0.0,0.0,0.2,0.0,0.0,0.0,0.0,0.0,0.01818181818181818
0678,0442671,Adenoma high grade,0.08985166996717453,0.08985166996717453,89,0.9409654328301651,52,15,7,13,0,0,2,0,0,0,0,0,0,0.5842696629213483,0.16853932584269662,0.07865168539325842,0.14606741573033707,0.0,0.0,0.02247191011235955,0.0,0.0,0.0,0.0,0.0,0.0
0678,0450744,Adenoma high grade,0.13545280694961548,0.13545280694961548,66,0.9882959518917851,65,0,0,0,0,1,0,0,0,0,0,0,0,0.9848484848484849,0.0,0.0,0.0,0.0,0.015151515151515152,0.0,0.0,0.0,0.0,0.0,0.0,0.0
0678,0501244,Adenoma high grade,0.15527088940143585,0.15527088940143585,52,0.9453411936756435,24,17,4,4,0,0,3,0,0,0,0,0,0,0.46153846153846156,0.3269230769230769,0.07692307692307693,0.07692307692307693,0.0,0.0,0.057692307692307696,0.0,0.0,0.0,0.0,0.0,0.0
0678,0535087,Adenoma high grade,0.15140125155448914,0.15140125155448914,72,0.9872396827302184,64,8,0,0,0,0,0,0,0,0,0,0,0,0.8888888888888888,0.1111111111111111,0.0,0.0,0.0,0.0,0.0,0.0,0.0,0.0,0.0,0.0,0.0
0678,0542183,Adenoma high grade,0.12664680182933807,0.12664680182933807,57,0.9840873619463674,49,2,2,1,0,0,3,0,0,0,0,0,0,0.8596491228070176,0.03508771929824561,0.03508771929824561,0.017543859649122806,0.0,0.0,0.05263157894736842,0.0,0.0,0.0,0.0,0.0,0.0
0678,0563238,Adenoma high grade,0.15424685180187225,0.15424685180187225,22,0.9638791825707552,17,0,3,0,0,0,2,0,0,0,0,0,0,0.7727272727272727,0.0,0.13636363636363635,0.0,0.0,0.0,0.09090909090909091,0.0,0.0,0.0,0.0,0.0,0.0
0678,0564248,Adenoma high grade,0.1489800363779068,0.1489800363779068,76,0.9864392966962935,68,1,4,1,0,0,1,0,0,0,0,0,1,0.8947368421052632,0.013157894736842105,0.05263157894736842,0.013157894736842105,0.0,0.0,0.013157894736842105,0.0,0.0,0.0,0.0,0.0,0.013157894736842105
0678,0616025,Adenoma high grade,0.14623180031776428,0.14623180031776428,81,0.988993020951321,68,4,3,0,0,0,5,0,0,0,0,1,0,0.8395061728395061,0.04938271604938271,0.037037037037037035,0.0,0.0,0.0,0.06172839506172839,0.0,0.0,0.0,0.0,0.012345679012345678,0.0
0678,0638275,Adenoma high grade,0.1389918178319931,0.1389918178319931,41,0.9641044439103377,41,0,0,0,0,0,0,0,0,0,0,0,0,1.0,0.0,0.0,0.0,0.0,0.0,0.0,0.0,0.0,0.0,0.0,0.0,0.0
0678,0650948,Adenoma high grade,0.135450541973114,0.135450541973114,41,0.9765126757811061,34,1,2,0,0,0,3,0,0,0,0,0,1,0.8292682926829268,0.024390243902439025,0.04878048780487805,0.0,0.0,0.0,0.07317073170731707,0.0,0.0,0.0,0.0,0.0,0.024390243902439025
0678,0689715,Adenoma high grade,0.14888405799865723,0.14888405799865723,70,0.9833135787534516,68,0,1,0,0,0,1,0,0,0,0,0,0,0.9714285714285714,0.0,0.014285714285714285,0.0,0.0,0.0,0.014285714285714285,0.0,0.0,0.0,0.0,0.0,0.0
0678,0722662,Adenoma high grade,0.12509305775165558,0.12509305775165558,65,0.9920345180914499,64,0,0,0,0,0,0,0,0,0,0,1,0,0.9846153846153847,0.0,0.0,0.0,0.0,0.0,0.0,0.0,0.0,0.0,0.0,0.015384615384615385,0.0
0678,0736804,Adenoma high grade,0.14308606088161469,0.14308606088161469,66,0.9751677935398377,52,5,2,0,0,0,4,0,0,0,0,3,0,0.7878787878787878,0.07575757575757576,0.030303030303030304,0.0,0.0,0.0,0.06060606060606061,0.0,0.0,0.0,0.0,0.045454545454545456,0.0
0678,0757709,Adenoma high grade,0.07620169967412949,0.07620169967412949,50,0.9067411456098116,40,2,0,0,0,1,4,0,0,0,0,0,3,0.8,0.04,0.0,0.0,0.0,0.02,0.08,0.0,0.0,0.0,0.0,0.0,0.06
0678,0772496,Adenoma high grade,0.13254274427890778,0.13254274427890778,63,0.9593107164973425,38,3,1,13,0,0,6,0,0,0,0,0,2,0.6031746031746031,0.047619047619047616,0.015873015873015872,0.20634920634920634,0.0,0.0,0.09523809523809523,0.0,0.0,0.0,0.0,0.0,0.031746031746031744
0678,0792958,Adenoma high grade,0.1064537987112999,0.1064537987112999,72,0.993135603417358,62,4,5,0,0,0,1,0,0,0,0,0,0,0.8611111111111112,0.05555555555555555,0.06944444444444445,0.0,0.0,0.0,0.013888888888888888,0.0,0.0,0.0,0.0,0.0,0.0
0678,0811142,Adenoma high grade,0.126041978597641,0.126041978597641,77,0.991369615716662,60,0,14,0,0,0,1,0,1,0,0,1,0,0.7792207792207793,0.0,0.18181818181818182,0.0,0.0,0.0,0.012987012987012988,0.0,0.012987012987012988,0.0,0.0,0.012987012987012988,0.0
0678,0818686,Adenoma high grade,0.13939295709133148,0.13939295709133148,78,0.9007485470645284,27,25,7,6,1,0,10,0,0,0,0,2,0,0.34615384615384615,0.32051282051282054,0.08974358974358974,0.07692307692307693,0.01282051282051282,0.0,0.1282051282051282,0.0,0.0,0.0,0.0,0.02564102564102564,0.0
0678,0823110,Adenoma high grade,0.14585071802139282,0.14585071802139282,70,0.9900599471859048,66,0,1,0,0,0,2,0,0,0,0,0,1,0.9428571428571428,0.0,0.014285714285714285,0.0,0.0,0.0,0.02857142857142857,0.0,0.0,0.0,0.0,0.0,0.014285714285714285
0678,0830471,Adenoma high grade,0.1362713873386383,0.1362713873386383,72,0.9352232152064465,46,2,20,0,0,0,3,0,1,0,0,0,0,0.6388888888888888,0.027777777777777776,0.2777777777777778,0.0,0.0,0.0,0.041666666666666664,0.0,0.013888888888888888,0.0,0.0,0.0,0.0
0678,0878041,Adenoma high grade,0.11070653796195984,0.11070653796195984,61,0.9461774998017236,32,13,5,0,0,0,11,0,0,0,0,0,0,0.5245901639344263,0.21311475409836064,0.08196721311475409,0.0,0.0,0.0,0.18032786885245902,0.0,0.0,0.0,0.0,0.0,0.0
0678,0888468,Adenoma high grade,0.10834087431430817,0.10834087431430817,55,0.9550177353695556,28,11,5,5,0,0,6,0,0,0,0,0,0,0.509090909090909,0.2,0.09090909090909091,0.09090909090909091,0.0,0.0,0.10909090909090909,0.0,0.0,0.0,0.0,0.0,0.0
0678,0889984,Adenoma high grade,0.08936363458633423,0.08936363458633423,71,0.9457028881658854,31,18,9,7,0,0,5,0,1,0,0,0,0,0.43661971830985913,0.2535211267605634,0.1267605633802817,0.09859154929577464,0.0,0.0,0.07042253521126761,0.0,0.014084507042253521,0.0,0.0,0.0,0.0
0678,0924141,Adenoma high grade,0.1405719667673111,0.1405719667673111,70,0.9572416038543053,54,2,4,3,0,0,4,0,2,0,0,0,1,0.7714285714285715,0.02857142857142857,0.05714285714285714,0.04285714285714286,0.0,0.0,0.05714285714285714,0.0,0.02857142857142857,0.0,0.0,0.0,0.014285714285714285
0678,0954006,Adenoma high grade,0.14599403738975525,0.14599403738975525,25,0.9850877329608089,24,0,1,0,0,0,0,0,0,0,0,0,0,0.96,0.0,0.04,0.0,0.0,0.0,0.0,0.0,0.0,0.0,0.0,0.0,0.0
0678,0964949,Adenoma high grade,0.12540608644485474,0.12540608644485474,44,0.9845438637048768,44,0,0,0,0,0,0,0,0,0,0,0,0,1.0,0.0,0.0,0.0,0.0,0.0,0.0,0.0,0.0,0.0,0.0,0.0,0.0
0678,1006939,Adenoma high grade,0.12415972352027893,0.12415972352027893,79,0.9934517327912807,79,0,0,0,0,0,0,0,0,0,0,0,0,1.0,0.0,0.0,0.0,0.0,0.0,0.0,0.0,0.0,0.0,0.0,0.0,0.0
0678,1007446,Adenoma high grade,0.11904232949018478,0.11904232949018478,74,0.9118261377548205,27,13,11,2,0,0,12,0,8,0,0,1,0,0.36486486486486486,0.17567567567567569,0.14864864864864866,0.02702702702702703,0.0,0.0,0.16216216216216217,0.0,0.10810810810810811,0.0,0.0,0.013513513513513514,0.0
0721,0502686,Adenoma high grade,0.1441989541053772,0.1441989541053772,83,0.9990231508015475,83,0,0,0,0,0,0,0,0,0,0,0,0,1.0,0.0,0.0,0.0,0.0,0.0,0.0,0.0,0.0,0.0,0.0,0.0,0.0
0765,0236502,Adenoma high grade,0.21300150454044342,0.21300150454044342,45,0.9951318501031109,42,0,0,0,0,0,0,0,0,0,0,0,3,0.9333333333333333,0.0,0.0,0.0,0.0,0.0,0.0,0.0,0.0,0.0,0.0,0.0,0.06666666666666667
0765,0713486,Adenoma high grade,0.29231521487236023,0.29231521487236023,68,0.9746254270082334,60,7,0,0,0,0,0,0,1,0,0,0,0,0.8823529411764706,0.10294117647058823,0.0,0.0,0.0,0.0,0.0,0.0,0.014705882352941176,0.0,0.0,0.0,0.0
0769,0078568,Adenoma high grade,0.06721054762601852,0.06721054762601852,84,0.9808938714001327,68,6,3,0,0,0,6,0,0,0,0,0,1,0.8095238095238095,0.07142857142857142,0.03571428571428571,0.0,0.0,0.0,0.07142857142857142,0.0,0.0,0.0,0.0,0.0,0.011904761904761904
0769,0202535,Adenoma high grade,0.10004093497991562,0.10004093497991562,79,0.9743913760581755,67,0,9,0,0,0,3,0,0,0,0,0,0,0.8481012658227848,0.0,0.11392405063291139,0.0,0.0,0.0,0.0379746835443038,0.0,0.0,0.0,0.0,0.0,0.0
0769,0243688,Adenoma high grade,0.07924368977546692,0.07924368977546692,57,0.985747580365014,51,1,3,0,0,0,2,0,0,0,0,0,0,0.8947368421052632,0.017543859649122806,0.05263157894736842,0.0,0.0,0.0,0.03508771929824561,0.0,0.0,0.0,0.0,0.0,0.0
0769,0275157,Adenoma high grade,0.053152840584516525,0.053152840584516525,50,0.9990640285332776,49,0,1,0,0,0,0,0,0,0,0,0,0,0.98,0.0,0.02,0.0,0.0,0.0,0.0,0.0,0.0,0.0,0.0,0.0,0.0
0769,0463385,Adenoma high grade,0.026350373402237892,0.026350373402237892,77,0.9552771280557046,50,6,10,3,0,0,7,0,1,0,0,0,0,0.6493506493506493,0.07792207792207792,0.12987012987012986,0.03896103896103896,0.0,0.0,0.09090909090909091,0.0,0.012987012987012988,0.0,0.0,0.0,0.0
0769,0786017,Adenoma high grade,0.0685533881187439,0.0685533881187439,53,0.9656675973324287,39,4,6,0,0,2,2,0,0,0,0,0,0,0.7358490566037735,0.07547169811320754,0.11320754716981132,0.0,0.0,0.03773584905660377,0.03773584905660377,0.0,0.0,0.0,0.0,0.0,0.0
0769,0943342,Adenoma high grade,0.10579182952642441,0.10579182952642441,62,0.9993069468079638,61,0,0,0,0,0,1,0,0,0,0,0,0,0.9838709677419355,0.0,0.0,0.0,0.0,0.0,0.016129032258064516,0.0,0.0,0.0,0.0,0.0,0.0
0794,0004386,Adenoma high grade,0.1495370715856552,0.1495370715856552,82,0.9772527985634715,79,1,1,0,0,0,0,0,1,0,0,0,0,0.9634146341463414,0.012195121951219513,0.012195121951219513,0.0,0.0,0.0,0.0,0.0,0.012195121951219513,0.0,0.0,0.0,0.0
0794,0048396,Adenoma high grade,0.11272533982992172,0.11272533982992172,104,0.9853813750559559,100,2,0,0,0,0,1,0,0,0,0,1,0,0.9615384615384616,0.019230769230769232,0.0,0.0,0.0,0.0,0.009615384615384616,0.0,0.0,0.0,0.0,0.009615384615384616,0.0
0794,0074165,Adenoma high grade,0.1898709088563919,0.1898709088563919,36,0.9906961428069511,35,0,0,0,0,0,0,0,0,0,0,0,1,0.9722222222222222,0.0,0.0,0.0,0.0,0.0,0.0,0.0,0.0,0.0,0.0,0.0,0.027777777777777776
0794,0096986,Adenoma high grade,0.09753596037626266,0.09753596037626266,51,0.9735923875692666,42,1,6,0,0,0,0,0,1,1,0,0,0,0.8235294117647058,0.0196078431372549,0.11764705882352941,0.0,0.0,0.0,0.0,0.0,0.0196078431372549,0.0196078431372549,0.0,0.0,0.0
0794,0164669,Adenoma high grade,0.1101558655500412,0.1101558655500412,67,0.960402147514133,56,3,1,3,0,0,2,0,2,0,0,0,0,0.835820895522388,0.04477611940298507,0.014925373134328358,0.04477611940298507,0.0,0.0,0.029850746268656716,0.0,0.029850746268656716,0.0,0.0,0.0,0.0
0794,0165878,Adenoma high grade,0.136002779006958,0.136002779006958,68,0.9376821961233918,55,3,4,0,0,0,1,0,0,0,3,0,2,0.8088235294117647,0.04411764705882353,0.058823529411764705,0.0,0.0,0.0,0.014705882352941176,0.0,0.0,0.0,0.04411764705882353,0.0,0.029411764705882353
0794,0206176,Adenoma high grade,0.18688344955444336,0.18688344955444336,85,0.9919582612119465,79,0,6,0,0,0,0,0,0,0,0,0,0,0.9294117647058824,0.0,0.07058823529411765,0.0,0.0,0.0,0.0,0.0,0.0,0.0,0.0,0.0,0.0
0794,0211382,Adenoma high grade,0.12312895059585571,0.12312895059585571,38,0.9929118787255536,34,0,3,0,0,0,0,0,1,0,0,0,0,0.8947368421052632,0.0,0.07894736842105263,0.0,0.0,0.0,0.0,0.0,0.02631578947368421,0.0,0.0,0.0,0.0
0794,0217696,Adenoma high grade,0.14124976098537445,0.14124976098537445,70,0.956201986674177,56,2,5,1,0,0,0,0,5,0,0,1,0,0.8,0.02857142857142857,0.07142857142857142,0.014285714285714285,0.0,0.0,0.0,0.0,0.07142857142857142,0.0,0.0,0.014285714285714285,0.0
0794,0250414,Adenoma high grade,0.11264875531196594,0.11264875531196594,63,0.9952591117390082,62,1,0,0,0,0,0,0,0,0,0,0,0,0.9841269841269841,0.015873015873015872,0.0,0.0,0.0,0.0,0.0,0.0,0.0,0.0,0.0,0.0,0.0
0794,0278654,Adenoma high grade,0.13142994046211243,0.13142994046211243,47,0.9999999932655328,47,0,0,0,0,0,0,0,0,0,0,0,0,1.0,0.0,0.0,0.0,0.0,0.0,0.0,0.0,0.0,0.0,0.0,0.0,0.0
0794,0295709,Adenoma high grade,0.1140742376446724,0.1140742376446724,96,0.9912337069189189,88,2,6,0,0,0,0,0,0,0,0,0,0,0.9166666666666666,0.020833333333333332,0.0625,0.0,0.0,0.0,0.0,0.0,0.0,0.0,0.0,0.0,0.0
0794,0299327,Adenoma high grade,0.08643338084220886,0.08643338084220886,49,0.9858242137469825,46,2,1,0,0,0,0,0,0,0,0,0,0,0.9387755102040817,0.04081632653061224,0.02040816326530612,0.0,0.0,0.0,0.0,0.0,0.0,0.0,0.0,0.0,0.0
0794,0323046,Adenoma high grade,0.1298401951789856,0.1298401951789856,51,0.9645732885679379,38,1,3,1,0,1,2,0,4,0,0,0,1,0.7450980392156863,0.0196078431372549,0.058823529411764705,0.0196078431372549,0.0,0.0196078431372549,0.0392156862745098,0.0,0.0784313725490196,0.0,0.0,0.0,0.0196078431372549
0794,0412802,Adenoma high grade,0.14272147417068481,0.14272147417068481,83,0.9716871370384486,71,3,3,2,0,0,1,0,3,0,0,0,0,0.8554216867469879,0.03614457831325301,0.03614457831325301,0.024096385542168676,0.0,0.0,0.012048192771084338,0.0,0.03614457831325301,0.0,0.0,0.0,0.0
0794,0415419,Adenoma high grade,0.10326527059078217,0.10326527059078217,84,0.9643699212168053,73,1,3,0,0,1,0,0,5,0,0,0,1,0.8690476190476191,0.011904761904761904,0.03571428571428571,0.0,0.0,0.011904761904761904,0.0,0.0,0.05952380952380952,0.0,0.0,0.0,0.011904761904761904
0794,0446825,Adenoma high grade,0.10440704971551895,0.10440704971551895,63,0.9989177396568867,62,0,0,0,0,0,0,0,0,0,0,0,1,0.9841269841269841,0.0,0.0,0.0,0.0,0.0,0.0,0.0,0.0,0.0,0.0,0.0,0.015873015873015872
0794,0452175,Adenoma high grade,0.10993999242782593,0.10993999242782593,57,0.8695897826274493,39,1,0,0,0,0,0,0,0,0,17,0,0,0.6842105263157895,0.017543859649122806,0.0,0.0,0.0,0.0,0.0,0.0,0.0,0.0,0.2982456140350877,0.0,0.0
0794,0514662,Adenoma high grade,0.10931576043367386,0.10931576043367386,59,0.9983220068705151,57,1,0,0,0,0,0,0,0,0,0,0,1,0.9661016949152542,0.01694915254237288,0.0,0.0,0.0,0.0,0.0,0.0,0.0,0.0,0.0,0.0,0.01694915254237288
0794,0515735,Adenoma high grade,0.16861146688461304,0.16861146688461304,79,0.9961692940603558,74,2,1,0,0,0,2,0,0,0,0,0,0,0.9367088607594937,0.02531645569620253,0.012658227848101266,0.0,0.0,0.0,0.02531645569620253,0.0,0.0,0.0,0.0,0.0,0.0
0794,0528289,Adenoma high grade,0.1320561021566391,0.1320561021566391,57,0.996867296902305,56,0,0,1,0,0,0,0,0,0,0,0,0,0.9824561403508771,0.0,0.0,0.017543859649122806,0.0,0.0,0.0,0.0,0.0,0.0,0.0,0.0,0.0
0794,0562081,Adenoma high grade,0.13667455315589905,0.13667455315589905,23,0.8182921575211136,9,0,4,0,0,2,0,0,0,0,3,0,5,0.391304347826087,0.0,0.17391304347826086,0.0,0.0,0.08695652173913043,0.0,0.0,0.0,0.0,0.13043478260869565,0.0,0.21739130434782608
0794,0573187,Adenoma high grade,0.1744289994239807,0.1744289994239807,87,0.9985471937028959,87,0,0,0,0,0,0,0,0,0,0,0,0,1.0,0.0,0.0,0.0,0.0,0.0,0.0,0.0,0.0,0.0,0.0,0.0,0.0
0794,0573290,Adenoma high grade,0.07755284011363983,0.07755284011363983,67,0.9776509863645716,59,1,4,0,0,0,1,0,1,0,0,0,1,0.8805970149253731,0.014925373134328358,0.05970149253731343,0.0,0.0,0.0,0.014925373134328358,0.0,0.014925373134328358,0.0,0.0,0.0,0.014925373134328358
0794,0602028,Adenoma high grade,0.1211719885468483,0.1211719885468483,80,0.9672719019208351,63,8,2,1,0,0,3,0,2,0,0,1,0,0.7875,0.1,0.025,0.0125,0.0,0.0,0.0375,0.0,0.025,0.0,0.0,0.0125,0.0
0794,0675746,Adenoma high grade,0.09708214551210403,0.09708214551210403,61,0.9808768063278459,54,4,0,0,0,0,2,0,0,0,0,1,0,0.8852459016393442,0.06557377049180328,0.0,0.0,0.0,0.0,0.03278688524590164,0.0,0.0,0.0,0.0,0.01639344262295082,0.0
0794,0750509,Adenoma high grade,0.1636890321969986,0.1636890321969986,77,0.9859868443083458,74,1,1,0,0,0,0,0,0,0,0,1,0,0.961038961038961,0.012987012987012988,0.012987012987012988,0.0,0.0,0.0,0.0,0.0,0.0,0.0,0.0,0.012987012987012988,0.0
0794,0766271,Adenoma high grade,0.14065608382225037,0.14065608382225037,51,0.958720599535582,43,6,1,0,0,0,0,0,1,0,0,0,0,0.8431372549019608,0.11764705882352941,0.0196078431372549,0.0,0.0,0.0,0.0,0.0,0.0196078431372549,0.0,0.0,0.0,0.0
0794,0773790,Adenoma high grade,0.12908092141151428,0.12908092141151428,42,0.9998154241387278,42,0,0,0,0,0,0,0,0,0,0,0,0,1.0,0.0,0.0,0.0,0.0,0.0,0.0,0.0,0.0,0.0,0.0,0.0,0.0
0794,0773951,Adenoma high grade,0.13893896341323853,0.13893896341323853,64,0.9766412738535251,56,2,2,0,0,0,0,0,2,1,0,1,0,0.875,0.03125,0.03125,0.0,0.0,0.0,0.0,0.0,0.03125,0.015625,0.0,0.015625,0.0
0794,0777101,Adenoma high grade,0.172234445810318,0.172234445810318,49,0.9919854663320373,45,1,2,0,0,0,0,0,0,0,0,1,0,0.9183673469387755,0.02040816326530612,0.04081632653061224,0.0,0.0,0.0,0.0,0.0,0.0,0.0,0.0,0.02040816326530612,0.0
0794,0788948,Adenoma high grade,0.08174208551645279,0.08174208551645279,78,0.9601309360585287,62,2,3,0,0,5,5,0,0,0,0,0,1,0.7948717948717948,0.02564102564102564,0.038461538461538464,0.0,0.0,0.0641025641025641,0.0641025641025641,0.0,0.0,0.0,0.0,0.0,0.01282051282051282
0794,0791023,Adenoma high grade,0.10100577026605606,0.10100577026605606,41,0.8856821467985209,40,1,0,0,0,0,0,0,0,0,0,0,0,0.975609756097561,0.024390243902439025,0.0,0.0,0.0,0.0,0.0,0.0,0.0,0.0,0.0,0.0,0.0
0794,0796306,Adenoma high grade,0.16890490055084229,0.16890490055084229,84,0.988679311641969,77,1,3,3,0,0,0,0,0,0,0,0,0,0.9166666666666666,0.011904761904761904,0.03571428571428571,0.03571428571428571,0.0,0.0,0.0,0.0,0.0,0.0,0.0,0.0,0.0
0794,0820878,Adenoma high grade,0.13248801231384277,0.13248801231384277,64,0.9957400569431103,61,0,2,0,0,0,1,0,0,0,0,0,0,0.953125,0.0,0.03125,0.0,0.0,0.0,0.015625,0.0,0.0,0.0,0.0,0.0,0.0
0794,0832074,Adenoma high grade,0.11254876852035522,0.11254876852035522,54,0.9514284008339081,45,1,3,0,0,0,4,0,1,0,0,0,0,0.8333333333333334,0.018518518518518517,0.05555555555555555,0.0,0.0,0.0,0.07407407407407407,0.0,0.018518518518518517,0.0,0.0,0.0,0.0
0794,0957259,Adenoma high grade,0.07929465174674988,0.07929465174674988,80,0.9702480583840398,74,4,0,0,0,0,1,0,0,0,0,1,0,0.925,0.05,0.0,0.0,0.0,0.0,0.0125,0.0,0.0,0.0,0.0,0.0125,0.0
0794,0965616,Adenoma high grade,0.10669171065092087,0.10669171065092087,54,0.9998789546608366,54,0,0,0,0,0,0,0,0,0,0,0,0,1.0,0.0,0.0,0.0,0.0,0.0,0.0,0.0,0.0,0.0,0.0,0.0,0.0
0803,0147901,Adenoma high grade,0.15494127571582794,0.15494127571582794,83,0.9927676954707155,82,0,1,0,0,0,0,0,0,0,0,0,0,0.9879518072289156,0.0,0.012048192771084338,0.0,0.0,0.0,0.0,0.0,0.0,0.0,0.0,0.0,0.0
0855,0168083,Adenoma high grade,0.1587536633014679,0.1587536633014679,42,0.992314145673262,35,0,7,0,0,0,0,0,0,0,0,0,0,0.8333333333333334,0.0,0.16666666666666666,0.0,0.0,0.0,0.0,0.0,0.0,0.0,0.0,0.0,0.0
0855,0970111,Adenoma high grade,0.15379253029823303,0.15379253029823303,72,0.9652958946327613,48,12,7,2,0,0,3,0,0,0,0,0,0,0.6666666666666666,0.16666666666666666,0.09722222222222222,0.027777777777777776,0.0,0.0,0.041666666666666664,0.0,0.0,0.0,0.0,0.0,0.0
0864,0447734,Adenoma high grade,0.13372091948986053,0.13372091948986053,87,0.9992496717856046,85,0,2,0,0,0,0,0,0,0,0,0,0,0.9770114942528736,0.0,0.022988505747126436,0.0,0.0,0.0,0.0,0.0,0.0,0.0,0.0,0.0,0.0
0923,0418737,Adenoma high grade,0.09213578701019287,0.09213578701019287,38,0.9849859522301775,38,0,0,0,0,0,0,0,0,0,0,0,0,1.0,0.0,0.0,0.0,0.0,0.0,0.0,0.0,0.0,0.0,0.0,0.0,0.0
0923,0976741,Adenoma high grade,0.08941995352506638,0.08941995352506638,65,0.9870772479012813,63,0,2,0,0,0,0,0,0,0,0,0,0,0.9692307692307692,0.0,0.03076923076923077,0.0,0.0,0.0,0.0,0.0,0.0,0.0,0.0,0.0,0.0
0945,0071296,Adenoma high grade,0.11656969785690308,0.11656969785690308,34,0.9746852219343831,31,0,0,0,0,2,0,0,0,0,0,0,1,0.9117647058823529,0.0,0.0,0.0,0.0,0.058823529411764705,0.0,0.0,0.0,0.0,0.0,0.0,0.029411764705882353
0945,0351808,Adenoma high grade,0.14703191816806793,0.14703191816806793,38,0.983315284456804,38,0,0,0,0,0,0,0,0,0,0,0,0,1.0,0.0,0.0,0.0,0.0,0.0,0.0,0.0,0.0,0.0,0.0,0.0,0.0
0945,0444427,Adenoma high grade,0.08284188061952591,0.08284188061952591,59,0.9917146164865362,56,0,1,0,0,0,1,0,1,0,0,0,0,0.9491525423728814,0.0,0.01694915254237288,0.0,0.0,0.0,0.01694915254237288,0.0,0.01694915254237288,0.0,0.0,0.0,0.0
0945,0731695,Adenoma high grade,0.14545895159244537,0.14545895159244537,53,0.9614809489834784,52,0,0,0,0,0,1,0,0,0,0,0,0,0.9811320754716981,0.0,0.0,0.0,0.0,0.0,0.018867924528301886,0.0,0.0,0.0,0.0,0.0,0.0
0945,0961001,Adenoma high grade,0.08628451824188232,0.08628451824188232,42,0.999999991273074,42,0,0,0,0,0,0,0,0,0,0,0,0,1.0,0.0,0.0,0.0,0.0,0.0,0.0,0.0,0.0,0.0,0.0,0.0,0.0
0957,0874933,Adenoma high grade,0.013315604068338871,0.013315604068338871,69,0.9499622792748265,4,1,8,0,0,0,7,0,2,0,46,0,1,0.057971014492753624,0.014492753623188406,0.11594202898550725,0.0,0.0,0.0,0.10144927536231885,0.0,0.028985507246376812,0.0,0.6666666666666666,0.0,0.014492753623188406
0959,0079026,Adenoma high grade,0.15378816425800323,0.15378816425800323,85,0.9430048125004518,67,12,4,0,0,0,1,0,0,0,1,0,0,0.788235294117647,0.1411764705882353,0.047058823529411764,0.0,0.0,0.0,0.011764705882352941,0.0,0.0,0.0,0.011764705882352941,0.0,0.0
0959,0088844,Adenoma high grade,0.14911812543869019,0.14911812543869019,54,0.9999999921814339,54,0,0,0,0,0,0,0,0,0,0,0,0,1.0,0.0,0.0,0.0,0.0,0.0,0.0,0.0,0.0,0.0,0.0,0.0,0.0
0959,0089676,Adenoma high grade,0.14809635281562805,0.14809635281562805,64,0.9497101896752935,44,2,10,0,0,0,7,0,1,0,0,0,0,0.6875,0.03125,0.15625,0.0,0.0,0.0,0.109375,0.0,0.015625,0.0,0.0,0.0,0.0
0959,0092330,Adenoma high grade,0.15452125668525696,0.15452125668525696,40,0.9995989031875873,40,0,0,0,0,0,0,0,0,0,0,0,0,1.0,0.0,0.0,0.0,0.0,0.0,0.0,0.0,0.0,0.0,0.0,0.0,0.0
0959,0180469,Adenoma high grade,0.051411740481853485,0.051411740481853485,51,0.9652885067449524,29,9,6,0,2,0,4,0,1,0,0,0,0,0.5686274509803921,0.17647058823529413,0.11764705882352941,0.0,0.0392156862745098,0.0,0.0784313725490196,0.0,0.0196078431372549,0.0,0.0,0.0,0.0
0959,0216239,Adenoma high grade,0.14884081482887268,0.14884081482887268,70,0.9987951712215208,69,1,0,0,0,0,0,0,0,0,0,0,0,0.9857142857142858,0.014285714285714285,0.0,0.0,0.0,0.0,0.0,0.0,0.0,0.0,0.0,0.0,0.0
0959,0218906,Adenoma high grade,0.02650149166584015,0.02650149166584015,40,0.9481699937604098,22,7,0,0,2,0,8,0,0,0,0,1,0,0.55,0.175,0.0,0.0,0.05,0.0,0.2,0.0,0.0,0.0,0.0,0.025,0.0
0959,0244858,Adenoma high grade,0.11120274662971497,0.11120274662971497,39,0.9957297261034037,36,0,0,0,0,0,0,0,3,0,0,0,0,0.9230769230769231,0.0,0.0,0.0,0.0,0.0,0.0,0.0,0.07692307692307693,0.0,0.0,0.0,0.0
0959,0301602,Adenoma high grade,0.04682540521025658,0.04682540521025658,48,0.988668832885978,47,0,1,0,0,0,0,0,0,0,0,0,0,0.9791666666666666,0.0,0.020833333333333332,0.0,0.0,0.0,0.0,0.0,0.0,0.0,0.0,0.0,0.0
0959,0335761,Adenoma high grade,0.14410731196403503,0.14410731196403503,70,0.9652353733400452,48,18,1,2,0,0,1,0,0,0,0,0,0,0.6857142857142857,0.2571428571428571,0.014285714285714285,0.02857142857142857,0.0,0.0,0.014285714285714285,0.0,0.0,0.0,0.0,0.0,0.0
0959,0453792,Adenoma high grade,0.12875553965568542,0.12875553965568542,48,0.9935460124677752,47,1,0,0,0,0,0,0,0,0,0,0,0,0.9791666666666666,0.020833333333333332,0.0,0.0,0.0,0.0,0.0,0.0,0.0,0.0,0.0,0.0,0.0
0959,0457827,Adenoma high grade,0.14633730053901672,0.14633730053901672,60,0.9296078698259859,41,10,3,0,0,0,3,0,0,0,0,0,3,0.6833333333333333,0.16666666666666666,0.05,0.0,0.0,0.0,0.05,0.0,0.0,0.0,0.0,0.0,0.05
0959,0526083,Adenoma high grade,0.15884742140769958,0.15884742140769958,43,0.9976765117303832,43,0,0,0,0,0,0,0,0,0,0,0,0,1.0,0.0,0.0,0.0,0.0,0.0,0.0,0.0,0.0,0.0,0.0,0.0,0.0
0959,0684063,Adenoma high grade,0.15367387235164642,0.15367387235164642,37,0.9717110236696269,36,0,1,0,0,0,0,0,0,0,0,0,0,0.972972972972973,0.0,0.02702702702702703,0.0,0.0,0.0,0.0,0.0,0.0,0.0,0.0,0.0,0.0
0959,0887601,Adenoma high grade,0.11428093165159225,0.11428093165159225,40,0.9259974902213578,40,0,0,0,0,0,0,0,0,0,0,0,0,1.0,0.0,0.0,0.0,0.0,0.0,0.0,0.0,0.0,0.0,0.0,0.0,0.0
0959,0958361,Adenoma high grade,0.1412920206785202,0.1412920206785202,35,0.944167710391996,21,0,14,0,0,0,0,0,0,0,0,0,0,0.6,0.0,0.4,0.0,0.0,0.0,0.0,0.0,0.0,0.0,0.0,0.0,0.0
0961,0812007,Adenoma high grade,0.039205003529787064,0.039205003529787064,34,0.9340991126251246,22,5,0,0,0,0,7,0,0,0,0,0,0,0.6470588235294118,0.14705882352941177,0.0,0.0,0.0,0.0,0.20588235294117646,0.0,0.0,0.0,0.0,0.0,0.0
0980,0030576,Adenoma high grade,0.21524012088775635,0.21524012088775635,82,0.9527814559397823,54,5,14,5,0,0,0,1,0,0,1,1,1,0.6585365853658537,0.06097560975609756,0.17073170731707318,0.06097560975609756,0.0,0.0,0.0,0.012195121951219513,0.0,0.0,0.012195121951219513,0.012195121951219513,0.012195121951219513
0980,0050704,Adenoma high grade,0.227182537317276,0.227182537317276,73,0.9847401265931652,69,0,0,0,0,0,0,0,0,0,0,0,4,0.9452054794520548,0.0,0.0,0.0,0.0,0.0,0.0,0.0,0.0,0.0,0.0,0.0,0.0547945205479452
0980,0096085,Adenoma high grade,0.22119145095348358,0.22119145095348358,62,0.9953949977462693,62,0,0,0,0,0,0,0,0,0,0,0,0,1.0,0.0,0.0,0.0,0.0,0.0,0.0,0.0,0.0,0.0,0.0,0.0,0.0
0980,0102299,Adenoma high grade,0.22312547266483307,0.22312547266483307,52,0.9663861368522592,40,0,0,0,0,0,0,0,0,0,0,0,12,0.7692307692307693,0.0,0.0,0.0,0.0,0.0,0.0,0.0,0.0,0.0,0.0,0.0,0.23076923076923078
0980,0240241,Adenoma high grade,0.2201521247625351,0.2201521247625351,73,0.9769546233028176,65,1,0,0,0,0,0,0,0,0,0,0,7,0.8904109589041096,0.0136986301369863,0.0,0.0,0.0,0.0,0.0,0.0,0.0,0.0,0.0,0.0,0.0958904109589041
0980,0449809,Adenoma high grade,0.22233974933624268,0.22233974933624268,68,0.9923627605263786,61,1,0,0,0,0,0,0,0,0,0,0,6,0.8970588235294118,0.014705882352941176,0.0,0.0,0.0,0.0,0.0,0.0,0.0,0.0,0.0,0.0,0.08823529411764706
0980,0459219,Adenoma high grade,0.21443825960159302,0.21443825960159302,41,0.9843180333760677,36,1,0,0,0,0,1,0,0,0,0,0,3,0.8780487804878049,0.024390243902439025,0.0,0.0,0.0,0.0,0.024390243902439025,0.0,0.0,0.0,0.0,0.0,0.07317073170731707
0980,0464188,Adenoma high grade,0.22086842358112335,0.22086842358112335,77,0.9955003193166354,76,1,0,0,0,0,0,0,0,0,0,0,0,0.987012987012987,0.012987012987012988,0.0,0.0,0.0,0.0,0.0,0.0,0.0,0.0,0.0,0.0,0.0
0980,0504412,Adenoma high grade,0.22248300909996033,0.22248300909996033,69,0.9998918385813915,68,1,0,0,0,0,0,0,0,0,0,0,0,0.9855072463768116,0.014492753623188406,0.0,0.0,0.0,0.0,0.0,0.0,0.0,0.0,0.0,0.0,0.0
0980,0602428,Adenoma high grade,0.1867002248764038,0.1867002248764038,75,0.9805830078963462,70,0,3,0,0,0,0,0,2,0,0,0,0,0.9333333333333333,0.0,0.04,0.0,0.0,0.0,0.0,0.0,0.02666666666666667,0.0,0.0,0.0,0.0
1012,0947456,Adenoma high grade,0.10331591218709946,0.10331591218709946,55,0.9648986915839213,42,3,2,0,0,1,4,0,3,0,0,0,0,0.7636363636363637,0.05454545454545454,0.03636363636363636,0.0,0.0,0.01818181818181818,0.07272727272727272,0.0,0.05454545454545454,0.0,0.0,0.0,0.0
1035,0144586,Adenoma high grade,0.16289524734020233,0.16289524734020233,57,0.9487325496887786,39,1,8,0,0,0,2,0,5,1,0,0,1,0.6842105263157895,0.017543859649122806,0.14035087719298245,0.0,0.0,0.0,0.03508771929824561,0.0,0.08771929824561403,0.017543859649122806,0.0,0.0,0.017543859649122806
1035,0263028,Adenoma high grade,0.15926522016525269,0.15926522016525269,85,0.9971966470554715,85,0,0,0,0,0,0,0,0,0,0,0,0,1.0,0.0,0.0,0.0,0.0,0.0,0.0,0.0,0.0,0.0,0.0,0.0,0.0
1035,0464315,Adenoma high grade,0.15412169694900513,0.15412169694900513,78,0.956413098373618,60,1,9,0,0,0,1,0,6,0,0,0,1,0.7692307692307693,0.01282051282051282,0.11538461538461539,0.0,0.0,0.0,0.01282051282051282,0.0,0.07692307692307693,0.0,0.0,0.0,0.01282051282051282
1035,0545085,Adenoma high grade,0.1565752923488617,0.1565752923488617,91,0.9895345184762704,89,0,1,0,0,0,1,0,0,0,0,0,0,0.978021978021978,0.0,0.01098901098901099,0.0,0.0,0.0,0.01098901098901099,0.0,0.0,0.0,0.0,0.0,0.0
1035,0859364,Adenoma high grade,0.15407027304172516,0.15407027304172516,68,0.9662804991166352,47,1,1,7,0,0,7,0,5,0,0,0,0,0.6911764705882353,0.014705882352941176,0.014705882352941176,0.10294117647058823,0.0,0.0,0.10294117647058823,0.0,0.07352941176470588,0.0,0.0,0.0,0.0
1035,0889645,Adenoma high grade,0.1573626697063446,0.1573626697063446,59,0.9990677914403007,56,0,1,0,0,0,0,0,0,0,0,0,2,0.9491525423728814,0.0,0.01694915254237288,0.0,0.0,0.0,0.0,0.0,0.0,0.0,0.0,0.0,0.03389830508474576
1035,0903407,Adenoma high grade,0.1539181023836136,0.1539181023836136,91,0.9196124841266364,36,31,12,0,0,0,9,1,0,0,0,0,2,0.3956043956043956,0.34065934065934067,0.13186813186813187,0.0,0.0,0.0,0.0989010989010989,0.01098901098901099,0.0,0.0,0.0,0.0,0.02197802197802198
1068,0104984,Adenoma high grade,0.14108914136886597,0.14108914136886597,55,0.9967694930197019,55,0,0,0,0,0,0,0,0,0,0,0,0,1.0,0.0,0.0,0.0,0.0,0.0,0.0,0.0,0.0,0.0,0.0,0.0,0.0
1068,0327887,Adenoma high grade,0.15344737470149994,0.15344737470149994,71,0.9611791111507769,54,0,9,0,0,0,3,0,4,0,0,0,1,0.7605633802816901,0.0,0.1267605633802817,0.0,0.0,0.0,0.04225352112676056,0.0,0.056338028169014086,0.0,0.0,0.0,0.014084507042253521
1068,0608804,Adenoma high grade,0.14228983223438263,0.14228983223438263,26,0.9971842125853184,22,0,0,0,0,0,0,0,0,0,0,0,4,0.8461538461538461,0.0,0.0,0.0,0.0,0.0,0.0,0.0,0.0,0.0,0.0,0.0,0.15384615384615385
1068,0767855,Adenoma high grade,0.1578550636768341,0.1578550636768341,87,0.997383344928423,87,0,0,0,0,0,0,0,0,0,0,0,0,1.0,0.0,0.0,0.0,0.0,0.0,0.0,0.0,0.0,0.0,0.0,0.0,0.0
1068,0878148,Adenoma high grade,0.15031981468200684,0.15031981468200684,65,0.9909054404747238,61,0,2,0,0,1,1,0,0,0,0,0,0,0.9384615384615385,0.0,0.03076923076923077,0.0,0.0,0.015384615384615385,0.015384615384615385,0.0,0.0,0.0,0.0,0.0,0.0
1068,0971812,Adenoma high grade,0.15063472092151642,0.15063472092151642,74,0.9890244031501556,70,0,0,0,0,0,1,0,0,0,0,0,3,0.9459459459459459,0.0,0.0,0.0,0.0,0.0,0.013513513513513514,0.0,0.0,0.0,0.0,0.0,0.04054054054054054
1223,0148136,Adenoma high grade,0.05096885561943054,0.05096885561943054,84,0.9617847254252396,11,1,6,0,0,0,1,0,0,0,64,0,1,0.13095238095238096,0.011904761904761904,0.07142857142857142,0.0,0.0,0.0,0.011904761904761904,0.0,0.0,0.0,0.7619047619047619,0.0,0.011904761904761904
1270,0824814,Adenoma high grade,0.04996198043227196,0.04996198043227196,54,0.9814817940928177,53,0,1,0,0,0,0,0,0,0,0,0,0,0.9814814814814815,0.0,0.018518518518518517,0.0,0.0,0.0,0.0,0.0,0.0,0.0,0.0,0.0,0.0
1287,0298305,Adenoma high grade,0.10472961515188217,0.10472961515188217,44,0.9932667953449298,44,0,0,0,0,0,0,0,0,0,0,0,0,1.0,0.0,0.0,0.0,0.0,0.0,0.0,0.0,0.0,0.0,0.0,0.0,0.0
1287,0426904,Adenoma high grade,0.08436199277639389,0.08436199277639389,25,0.9416325331715734,20,0,0,0,0,0,1,0,4,0,0,0,0,0.8,0.0,0.0,0.0,0.0,0.0,0.04,0.0,0.16,0.0,0.0,0.0,0.0
1294,0406246,Adenoma high grade,0.018358398228883743,0.018358398228883743,67,0.9696615385141868,55,0,7,0,0,0,3,0,1,0,1,0,0,0.8208955223880597,0.0,0.1044776119402985,0.0,0.0,0.0,0.04477611940298507,0.0,0.014925373134328358,0.0,0.014925373134328358,0.0,0.0
1328,0008140,Adenoma high grade,0.11136583238840103,0.11136583238840103,86,0.9859277785722502,79,0,3,0,0,0,0,0,4,0,0,0,0,0.9186046511627907,0.0,0.03488372093023256,0.0,0.0,0.0,0.0,0.0,0.046511627906976744,0.0,0.0,0.0,0.0
1328,0755266,Adenoma high grade,0.12028829008340836,0.12028829008340836,32,0.9998328802557068,31,0,0,0,0,0,0,0,0,0,0,0,1,0.96875,0.0,0.0,0.0,0.0,0.0,0.0,0.0,0.0,0.0,0.0,0.0,0.03125
1591,0983643,Adenoma high grade,0.0850980132818222,0.0850980132818222,78,0.9830193194388309,78,0,0,0,0,0,0,0,0,0,0,0,0,1.0,0.0,0.0,0.0,0.0,0.0,0.0,0.0,0.0,0.0,0.0,0.0,0.0
1672,0135197,Adenoma high grade,0.09724245965480804,0.09724245965480804,56,0.998872172108295,49,1,5,0,0,0,1,0,0,0,0,0,0,0.875,0.017857142857142856,0.08928571428571429,0.0,0.0,0.0,0.017857142857142856,0.0,0.0,0.0,0.0,0.0,0.0
1682,0868024,Adenoma high grade,0.105641670525074,0.105641670525074,61,0.9928770497192853,61,0,0,0,0,0,0,0,0,0,0,0,0,1.0,0.0,0.0,0.0,0.0,0.0,0.0,0.0,0.0,0.0,0.0,0.0,0.0
0005,0096648,Adenocarcinoma low grade,0.1630551964044571,0.1630551964044571,33,0.9722729246570735,25,0,0,0,0,0,0,0,0,0,0,0,8,0.7575757575757576,0.0,0.0,0.0,0.0,0.0,0.0,0.0,0.0,0.0,0.0,0.0,0.24242424242424243
0005,0179372,Adenocarcinoma low grade,0.17970004677772522,0.17970004677772522,33,0.94569737379427,17,1,0,0,0,0,0,0,0,0,0,0,15,0.5151515151515151,0.030303030303030304,0.0,0.0,0.0,0.0,0.0,0.0,0.0,0.0,0.0,0.0,0.45454545454545453
0005,0429751,Adenocarcinoma low grade,0.20514173805713654,0.20514173805713654,35,0.9454357660904238,16,1,0,1,0,0,1,0,0,0,0,0,16,0.45714285714285713,0.02857142857142857,0.0,0.02857142857142857,0.0,0.0,0.02857142857142857,0.0,0.0,0.0,0.0,0.0,0.45714285714285713
0014,0142502,Adenocarcinoma low grade,0.14860355854034424,0.14860355854034424,52,0.9925032873081023,52,0,0,0,0,0,0,0,0,0,0,0,0,1.0,0.0,0.0,0.0,0.0,0.0,0.0,0.0,0.0,0.0,0.0,0.0,0.0
0014,0159845,Adenocarcinoma low grade,0.12057064473628998,0.12057064473628998,35,0.9907375823524163,34,0,0,0,0,0,0,0,0,0,0,1,0,0.9714285714285714,0.0,0.0,0.0,0.0,0.0,0.0,0.0,0.0,0.0,0.0,0.02857142857142857,0.0
0014,0181303,Adenocarcinoma low grade,0.16422632336616516,0.16422632336616516,65,0.9901603077475576,62,0,3,0,0,0,0,0,0,0,0,0,0,0.9538461538461539,0.0,0.046153846153846156,0.0,0.0,0.0,0.0,0.0,0.0,0.0,0.0,0.0,0.0
0014,0207967,Adenocarcinoma low grade,0.15100127458572388,0.15100127458572388,42,0.9854332983697347,37,0,4,0,0,0,0,0,1,0,0,0,0,0.8809523809523809,0.0,0.09523809523809523,0.0,0.0,0.0,0.0,0.0,0.023809523809523808,0.0,0.0,0.0,0.0
0014,0208595,Adenocarcinoma low grade,0.15496952831745148,0.15496952831745148,64,0.9922878732787959,56,1,5,0,0,0,2,0,0,0,0,0,0,0.875,0.015625,0.078125,0.0,0.0,0.0,0.03125,0.0,0.0,0.0,0.0,0.0,0.0
0014,0225610,Adenocarcinoma low grade,0.16057917475700378,0.16057917475700378,31,0.9898500730536627,31,0,0,0,0,0,0,0,0,0,0,0,0,1.0,0.0,0.0,0.0,0.0,0.0,0.0,0.0,0.0,0.0,0.0,0.0,0.0
0014,0234701,Adenocarcinoma low grade,0.1311509758234024,0.1311509758234024,73,0.9822887789432039,55,10,6,0,0,0,2,0,0,0,0,0,0,0.7534246575342466,0.136986301369863,0.0821917808219178,0.0,0.0,0.0,0.0273972602739726,0.0,0.0,0.0,0.0,0.0,0.0
0014,0239587,Adenocarcinoma low grade,0.15308688580989838,0.15308688580989838,57,0.9765399373179284,47,1,3,0,0,0,1,0,5,0,0,0,0,0.8245614035087719,0.017543859649122806,0.05263157894736842,0.0,0.0,0.0,0.017543859649122806,0.0,0.08771929824561403,0.0,0.0,0.0,0.0
0014,0246120,Adenocarcinoma low grade,0.14816166460514069,0.14816166460514069,74,0.9882373996996658,70,1,0,0,0,0,3,0,0,0,0,0,0,0.9459459459459459,0.013513513513513514,0.0,0.0,0.0,0.0,0.04054054054054054,0.0,0.0,0.0,0.0,0.0,0.0
0014,0252963,Adenocarcinoma low grade,0.16343773901462555,0.16343773901462555,66,0.9907452575273391,51,0,3,0,0,1,0,0,11,0,0,0,0,0.7727272727272727,0.0,0.045454545454545456,0.0,0.0,0.015151515151515152,0.0,0.0,0.16666666666666666,0.0,0.0,0.0,0.0
0014,0303020,Adenocarcinoma low grade,0.15845328569412231,0.15845328569412231,76,0.9964759963001297,73,0,0,0,0,0,2,0,1,0,0,0,0,0.9605263157894737,0.0,0.0,0.0,0.0,0.0,0.02631578947368421,0.0,0.013157894736842105,0.0,0.0,0.0,0.0
0014,0346023,Adenocarcinoma low grade,0.1687968373298645,0.1687968373298645,62,0.9190840019526653,62,0,0,0,0,0,0,0,0,0,0,0,0,1.0,0.0,0.0,0.0,0.0,0.0,0.0,0.0,0.0,0.0,0.0,0.0,0.0
0014,0376038,Adenocarcinoma low grade,0.15816842019557953,0.15816842019557953,86,0.9984498079908666,86,0,0,0,0,0,0,0,0,0,0,0,0,1.0,0.0,0.0,0.0,0.0,0.0,0.0,0.0,0.0,0.0,0.0,0.0,0.0
0014,0379610,Adenocarcinoma low grade,0.1583203375339508,0.1583203375339508,100,0.9739149739484934,93,0,3,2,0,0,0,0,2,0,0,0,0,0.93,0.0,0.03,0.02,0.0,0.0,0.0,0.0,0.02,0.0,0.0,0.0,0.0
0014,0413851,Adenocarcinoma low grade,0.13965828716754913,0.13965828716754913,54,0.9546997883850685,44,2,4,2,0,0,1,0,0,0,0,1,0,0.8148148148148148,0.037037037037037035,0.07407407407407407,0.037037037037037035,0.0,0.0,0.018518518518518517,0.0,0.0,0.0,0.0,0.018518518518518517,0.0
0014,0423955,Adenocarcinoma low grade,0.15694744884967804,0.15694744884967804,40,0.9928494556583015,37,0,2,0,0,0,1,0,0,0,0,0,0,0.925,0.0,0.05,0.0,0.0,0.0,0.025,0.0,0.0,0.0,0.0,0.0,0.0
0014,0424561,Adenocarcinoma low grade,0.14431709051132202,0.14431709051132202,105,0.9947640353641698,99,0,5,0,0,0,0,0,0,0,0,1,0,0.9428571428571428,0.0,0.047619047619047616,0.0,0.0,0.0,0.0,0.0,0.0,0.0,0.0,0.009523809523809525,0.0
0014,0485275,Adenocarcinoma low grade,0.14853814244270325,0.14853814244270325,76,0.9201960488403403,31,4,3,0,0,20,17,0,0,0,0,0,1,0.40789473684210525,0.05263157894736842,0.039473684210526314,0.0,0.0,0.2631578947368421,0.2236842105263158,0.0,0.0,0.0,0.0,0.0,0.013157894736842105
0014,0485935,Adenocarcinoma low grade,0.15096458792686462,0.15096458792686462,59,0.9889422931444662,54,1,1,1,0,0,2,0,0,0,0,0,0,0.9152542372881356,0.01694915254237288,0.01694915254237288,0.01694915254237288,0.0,0.0,0.03389830508474576,0.0,0.0,0.0,0.0,0.0,0.0
0014,0486409,Adenocarcinoma low grade,0.1601303070783615,0.1601303070783615,67,0.9914807226635003,67,0,0,0,0,0,0,0,0,0,0,0,0,1.0,0.0,0.0,0.0,0.0,0.0,0.0,0.0,0.0,0.0,0.0,0.0,0.0
0014,0538321,Adenocarcinoma low grade,0.13868339359760284,0.13868339359760284,66,0.9808970370474034,60,0,3,0,0,0,0,0,3,0,0,0,0,0.9090909090909091,0.0,0.045454545454545456,0.0,0.0,0.0,0.0,0.0,0.045454545454545456,0.0,0.0,0.0,0.0
0014,0544083,Adenocarcinoma low grade,0.14908243715763092,0.14908243715763092,70,0.9995859137702019,69,0,0,0,0,0,0,0,0,0,0,0,1,0.9857142857142858,0.0,0.0,0.0,0.0,0.0,0.0,0.0,0.0,0.0,0.0,0.0,0.014285714285714285
0014,0600060,Adenocarcinoma low grade,0.15115037560462952,0.15115037560462952,75,0.9999999937662145,75,0,0,0,0,0,0,0,0,0,0,0,0,1.0,0.0,0.0,0.0,0.0,0.0,0.0,0.0,0.0,0.0,0.0,0.0,0.0
0014,0601460,Adenocarcinoma low grade,0.13605181872844696,0.13605181872844696,77,0.9646078039144259,58,9,4,1,0,0,5,0,0,0,0,0,0,0.7532467532467533,0.11688311688311688,0.05194805194805195,0.012987012987012988,0.0,0.0,0.06493506493506493,0.0,0.0,0.0,0.0,0.0,0.0
0014,0615779,Adenocarcinoma low grade,0.1450599730014801,0.1450599730014801,16,0.9996612424219335,16,0,0,0,0,0,0,0,0,0,0,0,0,1.0,0.0,0.0,0.0,0.0,0.0,0.0,0.0,0.0,0.0,0.0,0.0,0.0
0014,0624685,Adenocarcinoma low grade,0.1481180489063263,0.1481180489063263,74,0.9174853787090732,41,3,17,0,0,6,5,0,1,0,0,1,0,0.5540540540540541,0.04054054054054054,0.22972972972972974,0.0,0.0,0.08108108108108109,0.06756756756756757,0.0,0.013513513513513514,0.0,0.0,0.013513513513513514,0.0
0014,0658689,Adenocarcinoma low grade,0.15953218936920166,0.15953218936920166,101,0.997488440740508,91,0,7,0,0,0,1,0,0,0,0,0,2,0.900990099009901,0.0,0.06930693069306931,0.0,0.0,0.0,0.009900990099009901,0.0,0.0,0.0,0.0,0.0,0.019801980198019802
0014,0667140,Adenocarcinoma low grade,0.15932126343250275,0.15932126343250275,82,0.9884081545722593,82,0,0,0,0,0,0,0,0,0,0,0,0,1.0,0.0,0.0,0.0,0.0,0.0,0.0,0.0,0.0,0.0,0.0,0.0,0.0
0014,0737395,Adenocarcinoma low grade,0.15050435066223145,0.15050435066223145,77,0.9880953106013198,69,3,0,0,0,0,5,0,0,0,0,0,0,0.8961038961038961,0.03896103896103896,0.0,0.0,0.0,0.0,0.06493506493506493,0.0,0.0,0.0,0.0,0.0,0.0
0014,0742545,Adenocarcinoma low grade,0.153378427028656,0.153378427028656,44,0.9945272399186027,44,0,0,0,0,0,0,0,0,0,0,0,0,1.0,0.0,0.0,0.0,0.0,0.0,0.0,0.0,0.0,0.0,0.0,0.0,0.0
0014,0743984,Adenocarcinoma low grade,0.15258771181106567,0.15258771181106567,50,0.9324053018291913,38,0,2,1,0,0,4,0,5,0,0,0,0,0.76,0.0,0.04,0.02,0.0,0.0,0.08,0.0,0.1,0.0,0.0,0.0,0.0
0014,0835796,Adenocarcinoma low grade,0.11962459236383438,0.11962459236383438,25,0.9551769920643367,25,0,0,0,0,0,0,0,0,0,0,0,0,1.0,0.0,0.0,0.0,0.0,0.0,0.0,0.0,0.0,0.0,0.0,0.0,0.0
0014,0867440,Adenocarcinoma low grade,0.16017459332942963,0.16017459332942963,73,0.9144896194258756,36,8,11,0,0,2,8,0,6,0,0,0,2,0.4931506849315068,0.1095890410958904,0.1506849315068493,0.0,0.0,0.0273972602739726,0.1095890410958904,0.0,0.0821917808219178,0.0,0.0,0.0,0.0273972602739726
0014,0895201,Adenocarcinoma low grade,0.15692521631717682,0.15692521631717682,75,0.9889548687153382,72,1,0,0,0,0,1,0,1,0,0,0,0,0.96,0.013333333333333334,0.0,0.0,0.0,0.0,0.013333333333333334,0.0,0.013333333333333334,0.0,0.0,0.0,0.0
0014,0913700,Adenocarcinoma low grade,0.15329548716545105,0.15329548716545105,35,0.9964772357513187,35,0,0,0,0,0,0,0,0,0,0,0,0,1.0,0.0,0.0,0.0,0.0,0.0,0.0,0.0,0.0,0.0,0.0,0.0,0.0
0014,0933717,Adenocarcinoma low grade,0.1629572957754135,0.1629572957754135,84,0.8904532326558897,53,11,9,0,0,2,4,0,2,0,0,0,3,0.6309523809523809,0.13095238095238096,0.10714285714285714,0.0,0.0,0.023809523809523808,0.047619047619047616,0.0,0.023809523809523808,0.0,0.0,0.0,0.03571428571428571
0014,0956217,Adenocarcinoma low grade,0.158030703663826,0.158030703663826,87,0.9935672311909852,86,0,0,0,0,0,0,0,1,0,0,0,0,0.9885057471264368,0.0,0.0,0.0,0.0,0.0,0.0,0.0,0.011494252873563218,0.0,0.0,0.0,0.0
0014,0968165,Adenocarcinoma low grade,0.1646464616060257,0.1646464616060257,84,0.9332026598169731,65,5,2,1,0,0,2,0,4,0,1,0,4,0.7738095238095238,0.05952380952380952,0.023809523809523808,0.011904761904761904,0.0,0.0,0.023809523809523808,0.0,0.047619047619047616,0.0,0.011904761904761904,0.0,0.047619047619047616
0014,0971048,Adenocarcinoma low grade,0.16150684654712677,0.16150684654712677,90,0.9980126806486672,83,1,4,0,0,0,0,0,2,0,0,0,0,0.9222222222222223,0.011111111111111112,0.044444444444444446,0.0,0.0,0.0,0.0,0.0,0.022222222222222223,0.0,0.0,0.0,0.0
0014,1029152,Adenocarcinoma low grade,0.14140383899211884,0.14140383899211884,77,0.9954284842125799,72,1,2,0,0,0,0,0,2,0,0,0,0,0.935064935064935,0.012987012987012988,0.025974025974025976,0.0,0.0,0.0,0.0,0.0,0.025974025974025976,0.0,0.0,0.0,0.0
0014,1029735,Adenocarcinoma low grade,0.16713641583919525,0.16713641583919525,70,0.9865071683169483,66,1,1,0,0,0,0,0,2,0,0,0,0,0.9428571428571428,0.014285714285714285,0.014285714285714285,0.0,0.0,0.0,0.0,0.0,0.02857142857142857,0.0,0.0,0.0,0.0
0014,1034897,Adenocarcinoma low grade,0.15622840821743011,0.15622840821743011,103,0.9976253981357583,102,0,0,0,0,0,1,0,0,0,0,0,0,0.9902912621359223,0.0,0.0,0.0,0.0,0.0,0.009708737864077669,0.0,0.0,0.0,0.0,0.0,0.0
0032,0333259,Adenocarcinoma low grade,0.2652978301048279,0.2652978301048279,71,0.9973088664402843,63,0,8,0,0,0,0,0,0,0,0,0,0,0.8873239436619719,0.0,0.11267605633802817,0.0,0.0,0.0,0.0,0.0,0.0,0.0,0.0,0.0,0.0
0043,0259225,Adenocarcinoma low grade,0.15048779547214508,0.15048779547214508,60,0.9931836063985415,57,2,1,0,0,0,0,0,0,0,0,0,0,0.95,0.03333333333333333,0.016666666666666666,0.0,0.0,0.0,0.0,0.0,0.0,0.0,0.0,0.0,0.0
0043,0280122,Adenocarcinoma low grade,0.14645901322364807,0.14645901322364807,71,0.9548437476105244,51,7,2,1,0,0,5,0,5,0,0,0,0,0.7183098591549296,0.09859154929577464,0.028169014084507043,0.014084507042253521,0.0,0.0,0.07042253521126761,0.0,0.07042253521126761,0.0,0.0,0.0,0.0
0043,0409069,Adenocarcinoma low grade,0.15611498057842255,0.15611498057842255,83,0.9845656743244442,80,1,1,0,0,0,1,0,0,0,0,0,0,0.963855421686747,0.012048192771084338,0.012048192771084338,0.0,0.0,0.0,0.012048192771084338,0.0,0.0,0.0,0.0,0.0,0.0
0043,0860700,Adenocarcinoma low grade,0.1405884027481079,0.1405884027481079,69,0.9667371839501716,43,4,10,0,0,1,9,0,0,0,0,0,2,0.6231884057971014,0.057971014492753624,0.14492753623188406,0.0,0.0,0.014492753623188406,0.13043478260869565,0.0,0.0,0.0,0.0,0.0,0.028985507246376812
0045,0048518,Adenocarcinoma low grade,0.1350143998861313,0.1350143998861313,76,0.9274449167837371,34,22,11,1,0,0,4,0,3,0,0,1,0,0.4473684210526316,0.2894736842105263,0.14473684210526316,0.013157894736842105,0.0,0.0,0.05263157894736842,0.0,0.039473684210526314,0.0,0.0,0.013157894736842105,0.0
0045,0070292,Adenocarcinoma low grade,0.15292081236839294,0.15292081236839294,91,0.9916719582452092,91,0,0,0,0,0,0,0,0,0,0,0,0,1.0,0.0,0.0,0.0,0.0,0.0,0.0,0.0,0.0,0.0,0.0,0.0,0.0
0045,0117050,Adenocarcinoma low grade,0.15159675478935242,0.15159675478935242,97,0.9979724837995028,93,1,0,0,0,0,0,0,0,0,0,0,3,0.9587628865979382,0.010309278350515464,0.0,0.0,0.0,0.0,0.0,0.0,0.0,0.0,0.0,0.0,0.030927835051546393
0045,0149728,Adenocarcinoma low grade,0.15087613463401794,0.15087613463401794,53,0.9897918165628979,51,0,0,0,0,0,0,0,0,0,0,1,1,0.9622641509433962,0.0,0.0,0.0,0.0,0.0,0.0,0.0,0.0,0.0,0.0,0.018867924528301886,0.018867924528301886
0045,0227110,Adenocarcinoma low grade,0.12979131937026978,0.12979131937026978,44,0.9999999952727964,41,0,2,0,0,0,0,0,1,0,0,0,0,0.9318181818181818,0.0,0.045454545454545456,0.0,0.0,0.0,0.0,0.0,0.022727272727272728,0.0,0.0,0.0,0.0
0045,0238213,Adenocarcinoma low grade,0.14135567843914032,0.14135567843914032,53,0.999778018191129,50,1,1,0,0,0,1,0,0,0,0,0,0,0.9433962264150944,0.018867924528301886,0.018867924528301886,0.0,0.0,0.0,0.018867924528301886,0.0,0.0,0.0,0.0,0.0,0.0
0045,0348767,Adenocarcinoma low grade,0.1638338416814804,0.1638338416814804,63,0.9978642788090027,63,0,0,0,0,0,0,0,0,0,0,0,0,1.0,0.0,0.0,0.0,0.0,0.0,0.0,0.0,0.0,0.0,0.0,0.0,0.0
0045,0419297,Adenocarcinoma low grade,0.15447942912578583,0.15447942912578583,66,0.9982685240278704,66,0,0,0,0,0,0,0,0,0,0,0,0,1.0,0.0,0.0,0.0,0.0,0.0,0.0,0.0,0.0,0.0,0.0,0.0,0.0
0045,0520667,Adenocarcinoma low grade,0.13412056863307953,0.13412056863307953,88,0.9174933709520502,23,43,5,3,1,0,12,0,0,0,1,0,0,0.26136363636363635,0.48863636363636365,0.056818181818181816,0.03409090909090909,0.011363636363636364,0.0,0.13636363636363635,0.0,0.0,0.0,0.011363636363636364,0.0,0.0
0045,0529882,Adenocarcinoma low grade,0.1442335844039917,0.1442335844039917,65,0.9567626696989882,38,13,10,0,0,0,3,0,0,0,0,1,0,0.5846153846153846,0.2,0.15384615384615385,0.0,0.0,0.0,0.046153846153846156,0.0,0.0,0.0,0.0,0.015384615384615385,0.0
0045,0530593,Adenocarcinoma low grade,0.15715914964675903,0.15715914964675903,53,0.9880850173102157,53,0,0,0,0,0,0,0,0,0,0,0,0,1.0,0.0,0.0,0.0,0.0,0.0,0.0,0.0,0.0,0.0,0.0,0.0,0.0
0045,0549970,Adenocarcinoma low grade,0.14736805856227875,0.14736805856227875,58,0.9814802675190973,55,0,0,0,0,0,0,0,0,0,0,0,3,0.9482758620689655,0.0,0.0,0.0,0.0,0.0,0.0,0.0,0.0,0.0,0.0,0.0,0.05172413793103448
0045,0583769,Adenocarcinoma low grade,0.14816081523895264,0.14816081523895264,36,0.99368807123815,36,0,0,0,0,0,0,0,0,0,0,0,0,1.0,0.0,0.0,0.0,0.0,0.0,0.0,0.0,0.0,0.0,0.0,0.0,0.0
0045,0748716,Adenocarcinoma low grade,0.15258494019508362,0.15258494019508362,80,0.9929540128865894,79,0,1,0,0,0,0,0,0,0,0,0,0,0.9875,0.0,0.0125,0.0,0.0,0.0,0.0,0.0,0.0,0.0,0.0,0.0,0.0
0045,0785704,Adenocarcinoma low grade,0.15013347566127777,0.15013347566127777,71,0.9230092644659175,36,14,4,0,0,2,8,0,7,0,0,0,0,0.5070422535211268,0.19718309859154928,0.056338028169014086,0.0,0.0,0.028169014084507043,0.11267605633802817,0.0,0.09859154929577464,0.0,0.0,0.0,0.0
0045,0887971,Adenocarcinoma low grade,0.1402129977941513,0.1402129977941513,57,0.9893424517560981,50,1,2,0,0,0,0,0,3,0,0,1,0,0.8771929824561403,0.017543859649122806,0.03508771929824561,0.0,0.0,0.0,0.0,0.0,0.05263157894736842,0.0,0.0,0.017543859649122806,0.0
0045,0896654,Adenocarcinoma low grade,0.14442503452301025,0.14442503452301025,67,0.9272019553310967,39,22,2,1,0,0,3,0,0,0,0,0,0,0.582089552238806,0.3283582089552239,0.029850746268656716,0.014925373134328358,0.0,0.0,0.04477611940298507,0.0,0.0,0.0,0.0,0.0,0.0
0045,0897933,Adenocarcinoma low grade,0.14446967840194702,0.14446967840194702,60,0.9882063953410366,54,2,2,0,0,0,1,0,0,0,0,0,1,0.9,0.03333333333333333,0.03333333333333333,0.0,0.0,0.0,0.016666666666666666,0.0,0.0,0.0,0.0,0.0,0.016666666666666666
0045,1035541,Adenocarcinoma low grade,0.13859857618808746,0.13859857618808746,88,0.9288308692422779,39,25,21,1,0,0,0,0,2,0,0,0,0,0.4431818181818182,0.2840909090909091,0.23863636363636365,0.011363636363636364,0.0,0.0,0.0,0.0,0.022727272727272728,0.0,0.0,0.0,0.0
0084,0483669,Adenocarcinoma low grade,0.14908939599990845,0.14908939599990845,58,0.9906143950533658,57,0,1,0,0,0,0,0,0,0,0,0,0,0.9827586206896551,0.0,0.017241379310344827,0.0,0.0,0.0,0.0,0.0,0.0,0.0,0.0,0.0,0.0
0093,0150700,Adenocarcinoma low grade,0.20332977175712585,0.20332977175712585,56,0.9923986549485116,47,0,0,0,0,0,0,0,9,0,0,0,0,0.8392857142857143,0.0,0.0,0.0,0.0,0.0,0.0,0.0,0.16071428571428573,0.0,0.0,0.0,0.0
0093,0531475,Adenocarcinoma low grade,0.22182545065879822,0.22182545065879822,51,0.9916052176389025,50,0,0,0,0,0,0,0,0,0,0,1,0,0.9803921568627451,0.0,0.0,0.0,0.0,0.0,0.0,0.0,0.0,0.0,0.0,0.0196078431372549,0.0
0093,0890447,Adenocarcinoma low grade,0.22156141698360443,0.22156141698360443,53,0.9906413586760482,50,0,3,0,0,0,0,0,0,0,0,0,0,0.9433962264150944,0.0,0.05660377358490566,0.0,0.0,0.0,0.0,0.0,0.0,0.0,0.0,0.0,0.0
0093,0959756,Adenocarcinoma low grade,0.2083955705165863,0.2083955705165863,69,0.9837093746641882,65,0,1,0,0,0,0,0,3,0,0,0,0,0.9420289855072463,0.0,0.014492753623188406,0.0,0.0,0.0,0.0,0.0,0.043478260869565216,0.0,0.0,0.0,0.0
0098,0074257,Adenocarcinoma low grade,0.13195931911468506,0.13195931911468506,58,0.9622487720115733,55,1,1,0,0,0,0,0,0,0,0,0,1,0.9482758620689655,0.017241379310344827,0.017241379310344827,0.0,0.0,0.0,0.0,0.0,0.0,0.0,0.0,0.0,0.017241379310344827
0098,0236033,Adenocarcinoma low grade,0.15781573951244354,0.15781573951244354,69,0.9788003664875516,65,0,3,0,0,0,1,0,0,0,0,0,0,0.9420289855072463,0.0,0.043478260869565216,0.0,0.0,0.0,0.014492753623188406,0.0,0.0,0.0,0.0,0.0,0.0
0098,0545747,Adenocarcinoma low grade,0.13928033411502838,0.13928033411502838,41,0.9497500347459116,31,4,1,0,0,0,4,0,0,0,0,0,1,0.7560975609756098,0.0975609756097561,0.024390243902439025,0.0,0.0,0.0,0.0975609756097561,0.0,0.0,0.0,0.0,0.0,0.024390243902439025
0098,1005222,Adenocarcinoma low grade,0.14682890474796295,0.14682890474796295,40,0.9817761566947084,36,3,0,0,0,0,0,0,0,0,0,0,1,0.9,0.075,0.0,0.0,0.0,0.0,0.0,0.0,0.0,0.0,0.0,0.0,0.025
0102,0000662,Adenocarcinoma low grade,0.1485820859670639,0.1485820859670639,68,0.9528643075335014,43,5,7,4,0,0,9,0,0,0,0,0,0,0.6323529411764706,0.07352941176470588,0.10294117647058823,0.058823529411764705,0.0,0.0,0.1323529411764706,0.0,0.0,0.0,0.0,0.0,0.0
0102,0386933,Adenocarcinoma low grade,0.17392392456531525,0.17392392456531525,48,0.9220634593047808,36,1,10,0,0,0,0,0,1,0,0,0,0,0.75,0.020833333333333332,0.20833333333333334,0.0,0.0,0.0,0.0,0.0,0.020833333333333332,0.0,0.0,0.0,0.0
0102,0408663,Adenocarcinoma low grade,0.12995685636997223,0.12995685636997223,28,0.9931144435655714,25,0,0,0,0,0,0,0,3,0,0,0,0,0.8928571428571429,0.0,0.0,0.0,0.0,0.0,0.0,0.0,0.10714285714285714,0.0,0.0,0.0,0.0
0102,0602341,Adenocarcinoma low grade,0.15694454312324524,0.15694454312324524,58,0.9820554072798535,54,0,4,0,0,0,0,0,0,0,0,0,0,0.9310344827586207,0.0,0.06896551724137931,0.0,0.0,0.0,0.0,0.0,0.0,0.0,0.0,0.0,0.0
0102,0602991,Adenocarcinoma low grade,0.10510966926813126,0.10510966926813126,72,0.9380597659705339,35,2,25,3,0,0,3,1,3,0,0,0,0,0.4861111111111111,0.027777777777777776,0.3472222222222222,0.041666666666666664,0.0,0.0,0.041666666666666664,0.013888888888888888,0.041666666666666664,0.0,0.0,0.0,0.0
0102,0843774,Adenocarcinoma low grade,0.1570848673582077,0.1570848673582077,47,0.9809839552716958,35,1,1,0,0,0,1,0,7,2,0,0,0,0.7446808510638298,0.02127659574468085,0.02127659574468085,0.0,0.0,0.0,0.02127659574468085,0.0,0.14893617021276595,0.0425531914893617,0.0,0.0,0.0
0107,0030028,Adenocarcinoma low grade,0.11149706691503525,0.11149706691503525,36,0.9982876612993746,36,0,0,0,0,0,0,0,0,0,0,0,0,1.0,0.0,0.0,0.0,0.0,0.0,0.0,0.0,0.0,0.0,0.0,0.0,0.0
0107,0050278,Adenocarcinoma low grade,0.15673264861106873,0.15673264861106873,83,0.9598576007338614,61,8,7,0,0,1,4,0,1,0,0,0,1,0.7349397590361446,0.0963855421686747,0.08433734939759036,0.0,0.0,0.012048192771084338,0.04819277108433735,0.0,0.012048192771084338,0.0,0.0,0.0,0.012048192771084338
0107,0070490,Adenocarcinoma low grade,0.12873388826847076,0.12873388826847076,67,0.9651602396013781,48,13,4,0,1,0,1,0,0,0,0,0,0,0.7164179104477612,0.19402985074626866,0.05970149253731343,0.0,0.014925373134328358,0.0,0.014925373134328358,0.0,0.0,0.0,0.0,0.0,0.0
0107,0366538,Adenocarcinoma low grade,0.08691112697124481,0.08691112697124481,42,0.951371728250446,13,6,10,1,0,0,12,0,0,0,0,0,0,0.30952380952380953,0.14285714285714285,0.23809523809523808,0.023809523809523808,0.0,0.0,0.2857142857142857,0.0,0.0,0.0,0.0,0.0,0.0
0107,0413030,Adenocarcinoma low grade,0.14496421813964844,0.14496421813964844,30,0.9999999938367728,30,0,0,0,0,0,0,0,0,0,0,0,0,1.0,0.0,0.0,0.0,0.0,0.0,0.0,0.0,0.0,0.0,0.0,0.0,0.0
0107,0470370,Adenocarcinoma low grade,0.04331866279244423,0.04331866279244423,60,0.9992794826501604,56,1,3,0,0,0,0,0,0,0,0,0,0,0.9333333333333333,0.016666666666666666,0.05,0.0,0.0,0.0,0.0,0.0,0.0,0.0,0.0,0.0,0.0
0107,0492168,Adenocarcinoma low grade,0.14286036789417267,0.14286036789417267,62,0.9779942483570692,44,8,6,0,0,0,3,0,0,0,0,1,0,0.7096774193548387,0.12903225806451613,0.0967741935483871,0.0,0.0,0.0,0.04838709677419355,0.0,0.0,0.0,0.0,0.016129032258064516,0.0
0107,0503454,Adenocarcinoma low grade,0.13940300047397614,0.13940300047397614,65,0.9969230696206637,64,0,1,0,0,0,0,0,0,0,0,0,0,0.9846153846153847,0.0,0.015384615384615385,0.0,0.0,0.0,0.0,0.0,0.0,0.0,0.0,0.0,0.0
0107,0524823,Adenocarcinoma low grade,0.1258106380701065,0.1258106380701065,31,0.9693200708697012,31,0,0,0,0,0,0,0,0,0,0,0,0,1.0,0.0,0.0,0.0,0.0,0.0,0.0,0.0,0.0,0.0,0.0,0.0,0.0
0107,0677706,Adenocarcinoma low grade,0.10172571241855621,0.10172571241855621,71,0.9660634415915078,53,6,6,0,0,1,5,0,0,0,0,0,0,0.7464788732394366,0.08450704225352113,0.08450704225352113,0.0,0.0,0.014084507042253521,0.07042253521126761,0.0,0.0,0.0,0.0,0.0,0.0
0107,0713473,Adenocarcinoma low grade,0.1555464118719101,0.1555464118719101,65,0.9600832838748361,54,1,3,0,0,0,2,0,0,0,0,0,5,0.8307692307692308,0.015384615384615385,0.046153846153846156,0.0,0.0,0.0,0.03076923076923077,0.0,0.0,0.0,0.0,0.0,0.07692307692307693
0107,0776290,Adenocarcinoma low grade,0.1333952397108078,0.1333952397108078,44,0.9897450023262416,42,0,0,0,0,0,1,0,0,0,1,0,0,0.9545454545454546,0.0,0.0,0.0,0.0,0.0,0.022727272727272728,0.0,0.0,0.0,0.022727272727272728,0.0,0.0
0107,0812094,Adenocarcinoma low grade,0.14528244733810425,0.14528244733810425,34,0.9999999922557099,34,0,0,0,0,0,0,0,0,0,0,0,0,1.0,0.0,0.0,0.0,0.0,0.0,0.0,0.0,0.0,0.0,0.0,0.0,0.0
0107,0957826,Adenocarcinoma low grade,0.14098474383354187,0.14098474383354187,46,0.9999999940375608,45,1,0,0,0,0,0,0,0,0,0,0,0,0.9782608695652174,0.021739130434782608,0.0,0.0,0.0,0.0,0.0,0.0,0.0,0.0,0.0,0.0,0.0
0107,0964719,Adenocarcinoma low grade,0.03945712000131607,0.03945712000131607,45,0.9906115401900506,41,1,0,0,0,0,3,0,0,0,0,0,0,0.9111111111111111,0.022222222222222223,0.0,0.0,0.0,0.0,0.06666666666666667,0.0,0.0,0.0,0.0,0.0,0.0
0107,1008654,Adenocarcinoma low grade,0.05153725668787956,0.05153725668787956,57,0.9668153358540872,45,6,3,0,0,0,1,0,1,0,0,1,0,0.7894736842105263,0.10526315789473684,0.05263157894736842,0.0,0.0,0.0,0.017543859649122806,0.0,0.017543859649122806,0.0,0.0,0.017543859649122806,0.0
0107,1014993,Adenocarcinoma low grade,0.11406722664833069,0.11406722664833069,60,0.971975575838076,57,0,0,1,0,0,0,0,0,0,0,2,0,0.95,0.0,0.0,0.016666666666666666,0.0,0.0,0.0,0.0,0.0,0.0,0.0,0.03333333333333333,0.0
0108,0046730,Adenocarcinoma low grade,0.1504397690296173,0.1504397690296173,77,0.9849591855437054,65,0,9,2,0,0,0,0,0,0,0,0,1,0.8441558441558441,0.0,0.11688311688311688,0.025974025974025976,0.0,0.0,0.0,0.0,0.0,0.0,0.0,0.0,0.012987012987012988
0108,0245364,Adenocarcinoma low grade,0.13339963555335999,0.13339963555335999,39,0.9761171536124854,26,1,2,1,0,0,4,0,4,0,0,0,1,0.6666666666666666,0.02564102564102564,0.05128205128205128,0.02564102564102564,0.0,0.0,0.10256410256410256,0.0,0.10256410256410256,0.0,0.0,0.0,0.02564102564102564
0108,0393033,Adenocarcinoma low grade,0.15318553149700165,0.15318553149700165,63,0.9804424627842491,39,4,8,0,0,0,11,0,0,0,0,0,1,0.6190476190476191,0.06349206349206349,0.12698412698412698,0.0,0.0,0.0,0.1746031746031746,0.0,0.0,0.0,0.0,0.0,0.015873015873015872
0108,0579656,Adenocarcinoma low grade,0.11616077274084091,0.11616077274084091,36,0.9122284647675377,22,1,4,1,0,0,6,0,1,0,0,0,1,0.6111111111111112,0.027777777777777776,0.1111111111111111,0.027777777777777776,0.0,0.0,0.16666666666666666,0.0,0.027777777777777776,0.0,0.0,0.0,0.027777777777777776
0108,0728819,Adenocarcinoma low grade,0.09741311520338058,0.09741311520338058,44,0.9471966447795286,32,3,4,0,0,0,2,0,2,0,0,0,1,0.7272727272727273,0.06818181818181818,0.09090909090909091,0.0,0.0,0.0,0.045454545454545456,0.0,0.045454545454545456,0.0,0.0,0.0,0.022727272727272728
0108,0768478,Adenocarcinoma low grade,0.14086027443408966,0.14086027443408966,44,0.9597739365617527,23,8,5,4,0,0,3,0,1,0,0,0,0,0.5227272727272727,0.18181818181818182,0.11363636363636363,0.09090909090909091,0.0,0.0,0.06818181818181818,0.0,0.022727272727272728,0.0,0.0,0.0,0.0
0108,1018946,Adenocarcinoma low grade,0.10427024215459824,0.10427024215459824,69,0.9595694727069832,36,7,12,4,0,0,9,0,1,0,0,0,0,0.5217391304347826,0.10144927536231885,0.17391304347826086,0.057971014492753624,0.0,0.0,0.13043478260869565,0.0,0.014492753623188406,0.0,0.0,0.0,0.0
0122,0073788,Adenocarcinoma low grade,0.3679525554180145,0.3679525554180145,60,0.9811199779069376,56,1,2,0,0,0,0,0,0,0,0,1,0,0.9333333333333333,0.016666666666666666,0.03333333333333333,0.0,0.0,0.0,0.0,0.0,0.0,0.0,0.0,0.016666666666666666,0.0
0122,0406262,Adenocarcinoma low grade,0.3218800127506256,0.3218800127506256,84,0.9896140622621827,74,3,4,0,0,0,1,0,1,0,0,0,1,0.8809523809523809,0.03571428571428571,0.047619047619047616,0.0,0.0,0.0,0.011904761904761904,0.0,0.011904761904761904,0.0,0.0,0.0,0.011904761904761904
0122,0491411,Adenocarcinoma low grade,0.2405541092157364,0.2405541092157364,84,0.9806843318887689,70,3,10,0,0,0,1,0,0,0,0,0,0,0.8333333333333334,0.03571428571428571,0.11904761904761904,0.0,0.0,0.0,0.011904761904761904,0.0,0.0,0.0,0.0,0.0,0.0
0122,0620303,Adenocarcinoma low grade,0.28374263644218445,0.28374263644218445,64,0.9705262595627071,64,0,0,0,0,0,0,0,0,0,0,0,0,1.0,0.0,0.0,0.0,0.0,0.0,0.0,0.0,0.0,0.0,0.0,0.0,0.0
0137,0006474,Adenocarcinoma low grade,0.23743250966072083,0.23743250966072083,75,0.9864413229141068,75,0,0,0,0,0,0,0,0,0,0,0,0,1.0,0.0,0.0,0.0,0.0,0.0,0.0,0.0,0.0,0.0,0.0,0.0,0.0
0137,0028930,Adenocarcinoma low grade,0.22603869438171387,0.22603869438171387,69,0.9818428416153505,67,2,0,0,0,0,0,0,0,0,0,0,0,0.9710144927536232,0.028985507246376812,0.0,0.0,0.0,0.0,0.0,0.0,0.0,0.0,0.0,0.0,0.0
0137,0053113,Adenocarcinoma low grade,0.22851282358169556,0.22851282358169556,67,0.9880678727408223,61,1,4,0,0,0,0,0,1,0,0,0,0,0.9104477611940298,0.014925373134328358,0.05970149253731343,0.0,0.0,0.0,0.0,0.0,0.014925373134328358,0.0,0.0,0.0,0.0
0137,0102923,Adenocarcinoma low grade,0.22153042256832123,0.22153042256832123,43,0.9979328100571645,42,0,1,0,0,0,0,0,0,0,0,0,0,0.9767441860465116,0.0,0.023255813953488372,0.0,0.0,0.0,0.0,0.0,0.0,0.0,0.0,0.0,0.0
0137,0130296,Adenocarcinoma low grade,0.23741941154003143,0.23741941154003143,42,0.8866305131027262,41,0,0,1,0,0,0,0,0,0,0,0,0,0.9761904761904762,0.0,0.0,0.023809523809523808,0.0,0.0,0.0,0.0,0.0,0.0,0.0,0.0,0.0
0137,0172030,Adenocarcinoma low grade,0.24543514847755432,0.24543514847755432,60,0.9708160587883544,57,0,0,1,0,0,2,0,0,0,0,0,0,0.95,0.0,0.0,0.016666666666666666,0.0,0.0,0.03333333333333333,0.0,0.0,0.0,0.0,0.0,0.0
0137,0185877,Adenocarcinoma low grade,0.22830286622047424,0.22830286622047424,62,0.9746520011670501,59,0,0,0,0,0,0,0,0,0,0,2,1,0.9516129032258065,0.0,0.0,0.0,0.0,0.0,0.0,0.0,0.0,0.0,0.0,0.03225806451612903,0.016129032258064516
0137,0197220,Adenocarcinoma low grade,0.2306000143289566,0.2306000143289566,30,0.9356834008789637,29,0,1,0,0,0,0,0,0,0,0,0,0,0.9666666666666667,0.0,0.03333333333333333,0.0,0.0,0.0,0.0,0.0,0.0,0.0,0.0,0.0,0.0
0137,0213118,Adenocarcinoma low grade,0.23950038850307465,0.23950038850307465,59,0.9846353298524416,59,0,0,0,0,0,0,0,0,0,0,0,0,1.0,0.0,0.0,0.0,0.0,0.0,0.0,0.0,0.0,0.0,0.0,0.0,0.0
0137,0234367,Adenocarcinoma low grade,0.240314319729805,0.240314319729805,57,0.9862486714567431,56,0,1,0,0,0,0,0,0,0,0,0,0,0.9824561403508771,0.0,0.017543859649122806,0.0,0.0,0.0,0.0,0.0,0.0,0.0,0.0,0.0,0.0
0137,0315646,Adenocarcinoma low grade,0.21977607905864716,0.21977607905864716,48,0.9599832993848141,45,1,1,0,0,0,1,0,0,0,0,0,0,0.9375,0.020833333333333332,0.020833333333333332,0.0,0.0,0.0,0.020833333333333332,0.0,0.0,0.0,0.0,0.0,0.0
0137,0333162,Adenocarcinoma low grade,0.28046149015426636,0.28046149015426636,43,0.9518614496260914,39,0,3,0,0,0,0,0,1,0,0,0,0,0.9069767441860465,0.0,0.06976744186046512,0.0,0.0,0.0,0.0,0.0,0.023255813953488372,0.0,0.0,0.0,0.0
0137,0338592,Adenocarcinoma low grade,0.23364582657814026,0.23364582657814026,36,0.8902407751507023,35,1,0,0,0,0,0,0,0,0,0,0,0,0.9722222222222222,0.027777777777777776,0.0,0.0,0.0,0.0,0.0,0.0,0.0,0.0,0.0,0.0,0.0
0137,0344499,Adenocarcinoma low grade,0.24287272989749908,0.24287272989749908,57,0.97109211423477,54,1,2,0,0,0,0,0,0,0,0,0,0,0.9473684210526315,0.017543859649122806,0.03508771929824561,0.0,0.0,0.0,0.0,0.0,0.0,0.0,0.0,0.0,0.0
0137,0356050,Adenocarcinoma low grade,0.23091642558574677,0.23091642558574677,70,0.9707485162530661,57,0,1,0,0,0,1,0,11,0,0,0,0,0.8142857142857143,0.0,0.014285714285714285,0.0,0.0,0.0,0.014285714285714285,0.0,0.15714285714285714,0.0,0.0,0.0,0.0
0137,0391686,Adenocarcinoma low grade,0.22999194264411926,0.22999194264411926,44,0.9785968399967494,43,0,1,0,0,0,0,0,0,0,0,0,0,0.9772727272727273,0.0,0.022727272727272728,0.0,0.0,0.0,0.0,0.0,0.0,0.0,0.0,0.0,0.0
0137,0412810,Adenocarcinoma low grade,0.23139125108718872,0.23139125108718872,60,0.9833363594094494,60,0,0,0,0,0,0,0,0,0,0,0,0,1.0,0.0,0.0,0.0,0.0,0.0,0.0,0.0,0.0,0.0,0.0,0.0,0.0
0137,0450287,Adenocarcinoma low grade,0.23134729266166687,0.23134729266166687,62,0.9933332021443565,61,0,1,0,0,0,0,0,0,0,0,0,0,0.9838709677419355,0.0,0.016129032258064516,0.0,0.0,0.0,0.0,0.0,0.0,0.0,0.0,0.0,0.0
0137,0468438,Adenocarcinoma low grade,0.24181710183620453,0.24181710183620453,66,0.999999993863771,66,0,0,0,0,0,0,0,0,0,0,0,0,1.0,0.0,0.0,0.0,0.0,0.0,0.0,0.0,0.0,0.0,0.0,0.0,0.0
0137,0480991,Adenocarcinoma low grade,0.22944839298725128,0.22944839298725128,41,0.9986987867203335,39,1,1,0,0,0,0,0,0,0,0,0,0,0.9512195121951219,0.024390243902439025,0.024390243902439025,0.0,0.0,0.0,0.0,0.0,0.0,0.0,0.0,0.0,0.0
0137,0507662,Adenocarcinoma low grade,0.23336201906204224,0.23336201906204224,41,0.9923124874184582,41,0,0,0,0,0,0,0,0,0,0,0,0,1.0,0.0,0.0,0.0,0.0,0.0,0.0,0.0,0.0,0.0,0.0,0.0,0.0
0137,0511319,Adenocarcinoma low grade,0.23775836825370789,0.23775836825370789,43,0.9878378999545537,41,0,2,0,0,0,0,0,0,0,0,0,0,0.9534883720930233,0.0,0.046511627906976744,0.0,0.0,0.0,0.0,0.0,0.0,0.0,0.0,0.0,0.0
0137,0524528,Adenocarcinoma low grade,0.23580218851566315,0.23580218851566315,46,0.9401960306718173,40,0,0,0,0,0,0,0,0,0,0,0,6,0.8695652173913043,0.0,0.0,0.0,0.0,0.0,0.0,0.0,0.0,0.0,0.0,0.0,0.13043478260869565
0137,0528696,Adenocarcinoma low grade,0.2390938103199005,0.2390938103199005,44,0.9914075310724126,44,0,0,0,0,0,0,0,0,0,0,0,0,1.0,0.0,0.0,0.0,0.0,0.0,0.0,0.0,0.0,0.0,0.0,0.0,0.0
0137,0540292,Adenocarcinoma low grade,0.20858056843280792,0.20858056843280792,63,0.9902185869479266,60,0,1,0,0,0,1,0,0,0,0,0,1,0.9523809523809523,0.0,0.015873015873015872,0.0,0.0,0.0,0.015873015873015872,0.0,0.0,0.0,0.0,0.0,0.015873015873015872
0137,0574385,Adenocarcinoma low grade,0.24652144312858582,0.24652144312858582,64,0.9978329611663701,63,0,0,0,0,0,0,0,0,0,0,1,0,0.984375,0.0,0.0,0.0,0.0,0.0,0.0,0.0,0.0,0.0,0.0,0.015625,0.0
0137,0582321,Adenocarcinoma low grade,0.2330171763896942,0.2330171763896942,62,0.9987190691851945,61,0,0,0,0,0,0,0,0,0,0,0,1,0.9838709677419355,0.0,0.0,0.0,0.0,0.0,0.0,0.0,0.0,0.0,0.0,0.0,0.016129032258064516
0137,0598239,Adenocarcinoma low grade,0.23764631152153015,0.23764631152153015,57,0.9845054781675548,54,2,1,0,0,0,0,0,0,0,0,0,0,0.9473684210526315,0.03508771929824561,0.017543859649122806,0.0,0.0,0.0,0.0,0.0,0.0,0.0,0.0,0.0,0.0
0137,0610286,Adenocarcinoma low grade,0.2103271186351776,0.2103271186351776,58,0.9977092330833122,57,1,0,0,0,0,0,0,0,0,0,0,0,0.9827586206896551,0.017241379310344827,0.0,0.0,0.0,0.0,0.0,0.0,0.0,0.0,0.0,0.0,0.0
0137,0613920,Adenocarcinoma low grade,0.22699221968650818,0.22699221968650818,70,0.9823139825031629,70,0,0,0,0,0,0,0,0,0,0,0,0,1.0,0.0,0.0,0.0,0.0,0.0,0.0,0.0,0.0,0.0,0.0,0.0,0.0
0137,0650053,Adenocarcinoma low grade,0.2320297211408615,0.2320297211408615,69,0.9992648525058507,69,0,0,0,0,0,0,0,0,0,0,0,0,1.0,0.0,0.0,0.0,0.0,0.0,0.0,0.0,0.0,0.0,0.0,0.0,0.0
0137,0681617,Adenocarcinoma low grade,0.23642085492610931,0.23642085492610931,68,0.9986304493839261,68,0,0,0,0,0,0,0,0,0,0,0,0,1.0,0.0,0.0,0.0,0.0,0.0,0.0,0.0,0.0,0.0,0.0,0.0,0.0
0137,0793989,Adenocarcinoma low grade,0.22401036322116852,0.22401036322116852,1,0.6436781535209408,1,0,0,0,0,0,0,0,0,0,0,0,0,1.0,0.0,0.0,0.0,0.0,0.0,0.0,0.0,0.0,0.0,0.0,0.0,0.0
0137,0797912,Adenocarcinoma low grade,0.23745979368686676,0.23745979368686676,51,0.9615733649441984,50,0,0,0,0,0,0,0,0,0,0,0,1,0.9803921568627451,0.0,0.0,0.0,0.0,0.0,0.0,0.0,0.0,0.0,0.0,0.0,0.0196078431372549
0137,0808338,Adenocarcinoma low grade,0.24628736078739166,0.24628736078739166,33,0.9961629109815338,23,0,0,0,0,0,0,0,0,0,0,0,10,0.696969696969697,0.0,0.0,0.0,0.0,0.0,0.0,0.0,0.0,0.0,0.0,0.0,0.30303030303030304
0137,0813000,Adenocarcinoma low grade,0.21990327537059784,0.21990327537059784,80,0.9764942406319577,78,0,1,1,0,0,0,0,0,0,0,0,0,0.975,0.0,0.0125,0.0125,0.0,0.0,0.0,0.0,0.0,0.0,0.0,0.0,0.0
0137,0822367,Adenocarcinoma low grade,0.23495709896087646,0.23495709896087646,39,0.9624574826418137,28,0,0,0,0,0,1,0,4,0,0,0,6,0.717948717948718,0.0,0.0,0.0,0.0,0.0,0.02564102564102564,0.0,0.10256410256410256,0.0,0.0,0.0,0.15384615384615385
0137,0839951,Adenocarcinoma low grade,0.22044207155704498,0.22044207155704498,77,0.9986238855078012,77,0,0,0,0,0,0,0,0,0,0,0,0,1.0,0.0,0.0,0.0,0.0,0.0,0.0,0.0,0.0,0.0,0.0,0.0,0.0
0137,0853122,Adenocarcinoma low grade,0.24004431068897247,0.24004431068897247,47,0.9385915679323632,40,0,0,1,0,0,0,0,0,0,0,0,6,0.851063829787234,0.0,0.0,0.02127659574468085,0.0,0.0,0.0,0.0,0.0,0.0,0.0,0.0,0.1276595744680851
0137,0864691,Adenocarcinoma low grade,0.15399223566055298,0.15399223566055298,5,0.9284500982762085,5,0,0,0,0,0,0,0,0,0,0,0,0,1.0,0.0,0.0,0.0,0.0,0.0,0.0,0.0,0.0,0.0,0.0,0.0,0.0
0137,0893783,Adenocarcinoma low grade,0.23001474142074585,0.23001474142074585,40,0.9777215879982771,40,0,0,0,0,0,0,0,0,0,0,0,0,1.0,0.0,0.0,0.0,0.0,0.0,0.0,0.0,0.0,0.0,0.0,0.0,0.0
0137,0900086,Adenocarcinoma low grade,0.2348371148109436,0.2348371148109436,60,0.9950048087226422,51,0,7,0,0,0,0,0,2,0,0,0,0,0.85,0.0,0.11666666666666667,0.0,0.0,0.0,0.0,0.0,0.03333333333333333,0.0,0.0,0.0,0.0
0137,0929067,Adenocarcinoma low grade,0.2391023486852646,0.2391023486852646,50,0.9661437202170586,49,0,0,0,0,0,0,0,0,0,0,0,1,0.98,0.0,0.0,0.0,0.0,0.0,0.0,0.0,0.0,0.0,0.0,0.0,0.02
0137,0938888,Adenocarcinoma low grade,0.21667371690273285,0.21667371690273285,29,0.9517878741963356,24,2,2,0,0,0,0,0,0,0,0,0,1,0.8275862068965517,0.06896551724137931,0.06896551724137931,0.0,0.0,0.0,0.0,0.0,0.0,0.0,0.0,0.0,0.034482758620689655
0137,0942882,Adenocarcinoma low grade,0.23241619765758514,0.23241619765758514,40,0.9406674473971386,25,0,6,0,0,0,0,0,7,0,0,0,2,0.625,0.0,0.15,0.0,0.0,0.0,0.0,0.0,0.175,0.0,0.0,0.0,0.05
0137,0950747,Adenocarcinoma low grade,0.2088955193758011,0.2088955193758011,81,0.9906905825951019,80,0,1,0,0,0,0,0,0,0,0,0,0,0.9876543209876543,0.0,0.012345679012345678,0.0,0.0,0.0,0.0,0.0,0.0,0.0,0.0,0.0,0.0
0137,0956924,Adenocarcinoma low grade,0.23829476535320282,0.23829476535320282,49,0.9846739998218189,49,0,0,0,0,0,0,0,0,0,0,0,0,1.0,0.0,0.0,0.0,0.0,0.0,0.0,0.0,0.0,0.0,0.0,0.0,0.0
0137,0970052,Adenocarcinoma low grade,0.2326589822769165,0.2326589822769165,66,0.9943565049291957,53,1,11,1,0,0,0,0,0,0,0,0,0,0.803030303030303,0.015151515151515152,0.16666666666666666,0.015151515151515152,0.0,0.0,0.0,0.0,0.0,0.0,0.0,0.0,0.0
0137,0972057,Adenocarcinoma low grade,0.22181226313114166,0.22181226313114166,76,0.9984170566462754,76,0,0,0,0,0,0,0,0,0,0,0,0,1.0,0.0,0.0,0.0,0.0,0.0,0.0,0.0,0.0,0.0,0.0,0.0,0.0
0137,1010329,Adenocarcinoma low grade,0.24065802991390228,0.24065802991390228,50,0.9867218327663848,48,1,1,0,0,0,0,0,0,0,0,0,0,0.96,0.02,0.02,0.0,0.0,0.0,0.0,0.0,0.0,0.0,0.0,0.0,0.0
0168,0034965,Adenocarcinoma low grade,0.1732942909002304,0.1732942909002304,57,0.9982609575552573,52,0,2,0,0,0,1,0,2,0,0,0,0,0.9122807017543859,0.0,0.03508771929824561,0.0,0.0,0.0,0.017543859649122806,0.0,0.03508771929824561,0.0,0.0,0.0,0.0
0168,0065962,Adenocarcinoma low grade,0.17418187856674194,0.17418187856674194,45,0.9769662934373897,34,1,9,0,0,0,0,0,1,0,0,0,0,0.7555555555555555,0.022222222222222223,0.2,0.0,0.0,0.0,0.0,0.0,0.022222222222222223,0.0,0.0,0.0,0.0
0168,0076709,Adenocarcinoma low grade,0.16784602403640747,0.16784602403640747,54,0.9957983904826472,50,0,4,0,0,0,0,0,0,0,0,0,0,0.9259259259259259,0.0,0.07407407407407407,0.0,0.0,0.0,0.0,0.0,0.0,0.0,0.0,0.0,0.0
0168,0113074,Adenocarcinoma low grade,0.1679544448852539,0.1679544448852539,28,0.9921645088116167,27,1,0,0,0,0,0,0,0,0,0,0,0,0.9642857142857143,0.03571428571428571,0.0,0.0,0.0,0.0,0.0,0.0,0.0,0.0,0.0,0.0,0.0
0168,0114236,Adenocarcinoma low grade,0.1733827292919159,0.1733827292919159,56,0.9417912135967027,36,4,9,1,0,0,2,0,4,0,0,0,0,0.6428571428571429,0.07142857142857142,0.16071428571428573,0.017857142857142856,0.0,0.0,0.03571428571428571,0.0,0.07142857142857142,0.0,0.0,0.0,0.0
0168,0128700,Adenocarcinoma low grade,0.17329345643520355,0.17329345643520355,56,0.9525206075303837,48,1,3,0,0,0,2,0,1,0,0,0,1,0.8571428571428571,0.017857142857142856,0.05357142857142857,0.0,0.0,0.0,0.03571428571428571,0.0,0.017857142857142856,0.0,0.0,0.0,0.017857142857142856
0168,0154953,Adenocarcinoma low grade,0.1742829978466034,0.1742829978466034,37,0.9937010123444654,29,0,4,0,0,0,2,0,0,0,0,0,2,0.7837837837837838,0.0,0.10810810810810811,0.0,0.0,0.0,0.05405405405405406,0.0,0.0,0.0,0.0,0.0,0.05405405405405406
0168,0161124,Adenocarcinoma low grade,0.16712412238121033,0.16712412238121033,48,0.9861761740025482,44,0,1,0,0,0,2,0,1,0,0,0,0,0.9166666666666666,0.0,0.020833333333333332,0.0,0.0,0.0,0.041666666666666664,0.0,0.020833333333333332,0.0,0.0,0.0,0.0
0168,0182140,Adenocarcinoma low grade,0.17272473871707916,0.17272473871707916,61,0.9789768459608779,46,1,3,0,0,0,6,0,5,0,0,0,0,0.7540983606557377,0.01639344262295082,0.04918032786885246,0.0,0.0,0.0,0.09836065573770492,0.0,0.08196721311475409,0.0,0.0,0.0,0.0
0168,0209088,Adenocarcinoma low grade,0.1667029857635498,0.1667029857635498,54,0.9899394744192059,52,0,2,0,0,0,0,0,0,0,0,0,0,0.9629629629629629,0.0,0.037037037037037035,0.0,0.0,0.0,0.0,0.0,0.0,0.0,0.0,0.0,0.0
0168,0210844,Adenocarcinoma low grade,0.16870394349098206,0.16870394349098206,35,0.9735476560396685,31,0,1,0,0,0,2,0,0,0,0,1,0,0.8857142857142857,0.0,0.02857142857142857,0.0,0.0,0.0,0.05714285714285714,0.0,0.0,0.0,0.0,0.02857142857142857,0.0
0168,0239458,Adenocarcinoma low grade,0.17300905287265778,0.17300905287265778,42,0.9860441982076505,32,0,5,0,0,0,3,0,1,0,0,0,1,0.7619047619047619,0.0,0.11904761904761904,0.0,0.0,0.0,0.07142857142857142,0.0,0.023809523809523808,0.0,0.0,0.0,0.023809523809523808
0168,0242220,Adenocarcinoma low grade,0.1782297044992447,0.1782297044992447,38,0.9808503079689121,30,0,6,0,0,0,1,0,0,0,0,0,1,0.7894736842105263,0.0,0.15789473684210525,0.0,0.0,0.0,0.02631578947368421,0.0,0.0,0.0,0.0,0.0,0.02631578947368421
0168,0251690,Adenocarcinoma low grade,0.1623988002538681,0.1623988002538681,63,0.993465520016208,57,0,3,0,0,0,1,0,1,0,0,0,1,0.9047619047619048,0.0,0.047619047619047616,0.0,0.0,0.0,0.015873015873015872,0.0,0.015873015873015872,0.0,0.0,0.0,0.015873015873015872
0168,0278021,Adenocarcinoma low grade,0.1592807173728943,0.1592807173728943,53,0.9644641183573721,48,0,1,0,0,0,0,0,4,0,0,0,0,0.9056603773584906,0.0,0.018867924528301886,0.0,0.0,0.0,0.0,0.0,0.07547169811320754,0.0,0.0,0.0,0.0
0168,0295351,Adenocarcinoma low grade,0.16211815178394318,0.16211815178394318,61,0.9907357091204052,57,0,1,0,0,0,1,0,2,0,0,0,0,0.9344262295081968,0.0,0.01639344262295082,0.0,0.0,0.0,0.01639344262295082,0.0,0.03278688524590164,0.0,0.0,0.0,0.0
0168,0296128,Adenocarcinoma low grade,0.16874752938747406,0.16874752938747406,59,0.963902810310749,41,2,12,0,0,0,4,0,0,0,0,0,0,0.6949152542372882,0.03389830508474576,0.2033898305084746,0.0,0.0,0.0,0.06779661016949153,0.0,0.0,0.0,0.0,0.0,0.0
0168,0299815,Adenocarcinoma low grade,0.16339969635009766,0.16339969635009766,62,0.9682278816688443,39,3,8,0,0,0,2,0,10,0,0,0,0,0.6290322580645161,0.04838709677419355,0.12903225806451613,0.0,0.0,0.0,0.03225806451612903,0.0,0.16129032258064516,0.0,0.0,0.0,0.0
0168,0316796,Adenocarcinoma low grade,0.15787051618099213,0.15787051618099213,56,0.979349906741225,43,1,9,0,0,1,0,0,2,0,0,0,0,0.7678571428571429,0.017857142857142856,0.16071428571428573,0.0,0.0,0.017857142857142856,0.0,0.0,0.03571428571428571,0.0,0.0,0.0,0.0
0168,0377796,Adenocarcinoma low grade,0.17396804690361023,0.17396804690361023,59,0.9937177449771437,57,0,1,0,0,1,0,0,0,0,0,0,0,0.9661016949152542,0.0,0.01694915254237288,0.0,0.0,0.01694915254237288,0.0,0.0,0.0,0.0,0.0,0.0,0.0
0168,0418810,Adenocarcinoma low grade,0.16896528005599976,0.16896528005599976,42,0.9904303256449019,42,0,0,0,0,0,0,0,0,0,0,0,0,1.0,0.0,0.0,0.0,0.0,0.0,0.0,0.0,0.0,0.0,0.0,0.0,0.0
0168,0441132,Adenocarcinoma low grade,0.17164361476898193,0.17164361476898193,45,0.9862385639131162,45,0,0,0,0,0,0,0,0,0,0,0,0,1.0,0.0,0.0,0.0,0.0,0.0,0.0,0.0,0.0,0.0,0.0,0.0,0.0
0168,0460680,Adenocarcinoma low grade,0.16691415011882782,0.16691415011882782,54,0.9871152116571494,54,0,0,0,0,0,0,0,0,0,0,0,0,1.0,0.0,0.0,0.0,0.0,0.0,0.0,0.0,0.0,0.0,0.0,0.0,0.0
0168,0467335,Adenocarcinoma low grade,0.1649799942970276,0.1649799942970276,63,0.9933204358760346,57,0,2,0,0,0,0,0,1,0,0,2,1,0.9047619047619048,0.0,0.031746031746031744,0.0,0.0,0.0,0.0,0.0,0.015873015873015872,0.0,0.0,0.031746031746031744,0.015873015873015872
0168,0468907,Adenocarcinoma low grade,0.1670982837677002,0.1670982837677002,58,0.9931633604509904,53,0,2,0,0,0,0,0,2,0,0,0,1,0.9137931034482759,0.0,0.034482758620689655,0.0,0.0,0.0,0.0,0.0,0.034482758620689655,0.0,0.0,0.0,0.017241379310344827
0168,0473241,Adenocarcinoma low grade,0.167001873254776,0.167001873254776,51,0.9870875075552537,50,0,1,0,0,0,0,0,0,0,0,0,0,0.9803921568627451,0.0,0.0196078431372549,0.0,0.0,0.0,0.0,0.0,0.0,0.0,0.0,0.0,0.0
0168,0479549,Adenocarcinoma low grade,0.17038065195083618,0.17038065195083618,41,0.9290510064647987,18,2,16,0,0,1,4,0,0,0,0,0,0,0.43902439024390244,0.04878048780487805,0.3902439024390244,0.0,0.0,0.024390243902439025,0.0975609756097561,0.0,0.0,0.0,0.0,0.0,0.0
0168,0486310,Adenocarcinoma low grade,0.16796022653579712,0.16796022653579712,57,0.9501549777000927,49,0,4,0,0,0,1,0,2,0,0,0,1,0.8596491228070176,0.0,0.07017543859649122,0.0,0.0,0.0,0.017543859649122806,0.0,0.03508771929824561,0.0,0.0,0.0,0.017543859649122806
0168,0490133,Adenocarcinoma low grade,0.17358270287513733,0.17358270287513733,49,0.9431104179562771,28,1,6,0,0,0,1,0,0,0,0,0,13,0.5714285714285714,0.02040816326530612,0.12244897959183673,0.0,0.0,0.0,0.02040816326530612,0.0,0.0,0.0,0.0,0.0,0.2653061224489796
0168,0491714,Adenocarcinoma low grade,0.16719017922878265,0.16719017922878265,55,0.9858325416530566,55,0,0,0,0,0,0,0,0,0,0,0,0,1.0,0.0,0.0,0.0,0.0,0.0,0.0,0.0,0.0,0.0,0.0,0.0,0.0
0168,0504266,Adenocarcinoma low grade,0.17089907824993134,0.17089907824993134,52,0.9876538534734282,41,0,4,0,0,1,5,0,1,0,0,0,0,0.7884615384615384,0.0,0.07692307692307693,0.0,0.0,0.019230769230769232,0.09615384615384616,0.0,0.019230769230769232,0.0,0.0,0.0,0.0
0168,0574311,Adenocarcinoma low grade,0.16172794997692108,0.16172794997692108,74,0.9951243864662982,70,1,2,0,0,0,0,0,0,0,0,0,1,0.9459459459459459,0.013513513513513514,0.02702702702702703,0.0,0.0,0.0,0.0,0.0,0.0,0.0,0.0,0.0,0.013513513513513514
0168,0596765,Adenocarcinoma low grade,0.17323142290115356,0.17323142290115356,52,0.9665098895300879,49,1,2,0,0,0,0,0,0,0,0,0,0,0.9423076923076923,0.019230769230769232,0.038461538461538464,0.0,0.0,0.0,0.0,0.0,0.0,0.0,0.0,0.0,0.0
0168,0599350,Adenocarcinoma low grade,0.16836856305599213,0.16836856305599213,72,0.9501329472021569,53,2,7,0,0,0,3,0,2,0,0,0,5,0.7361111111111112,0.027777777777777776,0.09722222222222222,0.0,0.0,0.0,0.041666666666666664,0.0,0.027777777777777776,0.0,0.0,0.0,0.06944444444444445
0168,0611395,Adenocarcinoma low grade,0.16395343840122223,0.16395343840122223,34,0.9704555930519918,25,0,5,0,0,0,0,0,4,0,0,0,0,0.7352941176470589,0.0,0.14705882352941177,0.0,0.0,0.0,0.0,0.0,0.11764705882352941,0.0,0.0,0.0,0.0
0168,0625548,Adenocarcinoma low grade,0.16643758118152618,0.16643758118152618,60,0.9709298300108375,46,0,4,0,0,0,0,0,10,0,0,0,0,0.7666666666666667,0.0,0.06666666666666667,0.0,0.0,0.0,0.0,0.0,0.16666666666666666,0.0,0.0,0.0,0.0
0168,0631400,Adenocarcinoma low grade,0.17197611927986145,0.17197611927986145,34,0.9986834512702272,34,0,0,0,0,0,0,0,0,0,0,0,0,1.0,0.0,0.0,0.0,0.0,0.0,0.0,0.0,0.0,0.0,0.0,0.0,0.0
0168,0649993,Adenocarcinoma low grade,0.17048604786396027,0.17048604786396027,41,0.930909295891073,25,1,5,0,0,0,2,0,7,0,0,0,1,0.6097560975609756,0.024390243902439025,0.12195121951219512,0.0,0.0,0.0,0.04878048780487805,0.0,0.17073170731707318,0.0,0.0,0.0,0.024390243902439025
0168,0653447,Adenocarcinoma low grade,0.17295238375663757,0.17295238375663757,51,0.9678986357726291,37,0,3,0,0,0,3,0,5,2,0,0,1,0.7254901960784313,0.0,0.058823529411764705,0.0,0.0,0.0,0.058823529411764705,0.0,0.09803921568627451,0.0392156862745098,0.0,0.0,0.0196078431372549
0168,0706940,Adenocarcinoma low grade,0.1659577488899231,0.1659577488899231,51,0.9585825079254698,39,0,4,0,0,0,4,0,4,0,0,0,0,0.7647058823529411,0.0,0.0784313725490196,0.0,0.0,0.0,0.0784313725490196,0.0,0.0784313725490196,0.0,0.0,0.0,0.0
0168,0739626,Adenocarcinoma low grade,0.15723980963230133,0.15723980963230133,54,0.9990854830890322,54,0,0,0,0,0,0,0,0,0,0,0,0,1.0,0.0,0.0,0.0,0.0,0.0,0.0,0.0,0.0,0.0,0.0,0.0,0.0
0168,0748795,Adenocarcinoma low grade,0.171020969748497,0.171020969748497,38,0.987767555045581,37,1,0,0,0,0,0,0,0,0,0,0,0,0.9736842105263158,0.02631578947368421,0.0,0.0,0.0,0.0,0.0,0.0,0.0,0.0,0.0,0.0,0.0
0168,0754403,Adenocarcinoma low grade,0.17220406234264374,0.17220406234264374,67,0.969899105044572,60,1,4,0,0,0,2,0,0,0,0,0,0,0.8955223880597015,0.014925373134328358,0.05970149253731343,0.0,0.0,0.0,0.029850746268656716,0.0,0.0,0.0,0.0,0.0,0.0
0168,0773036,Adenocarcinoma low grade,0.17300266027450562,0.17300266027450562,38,0.9760431108366462,23,0,9,0,0,0,6,0,0,0,0,0,0,0.6052631578947368,0.0,0.23684210526315788,0.0,0.0,0.0,0.15789473684210525,0.0,0.0,0.0,0.0,0.0,0.0
0168,0777798,Adenocarcinoma low grade,0.17025664448738098,0.17025664448738098,62,0.9907862240929258,58,0,4,0,0,0,0,0,0,0,0,0,0,0.9354838709677419,0.0,0.06451612903225806,0.0,0.0,0.0,0.0,0.0,0.0,0.0,0.0,0.0,0.0
0168,0789565,Adenocarcinoma low grade,0.177906334400177,0.177906334400177,51,0.9761963525891809,39,1,10,0,0,0,0,0,0,0,0,0,1,0.7647058823529411,0.0196078431372549,0.19607843137254902,0.0,0.0,0.0,0.0,0.0,0.0,0.0,0.0,0.0,0.0196078431372549
0168,0813718,Adenocarcinoma low grade,0.17101751267910004,0.17101751267910004,54,0.9922233530396241,54,0,0,0,0,0,0,0,0,0,0,0,0,1.0,0.0,0.0,0.0,0.0,0.0,0.0,0.0,0.0,0.0,0.0,0.0,0.0
0168,0922182,Adenocarcinoma low grade,0.16212056577205658,0.16212056577205658,46,0.9852063394281455,43,0,1,0,0,0,0,0,0,0,0,1,1,0.9347826086956522,0.0,0.021739130434782608,0.0,0.0,0.0,0.0,0.0,0.0,0.0,0.0,0.021739130434782608,0.021739130434782608
0168,1006474,Adenocarcinoma low grade,0.16841267049312592,0.16841267049312592,60,0.9502633416568818,37,3,12,0,0,0,5,0,3,0,0,0,0,0.6166666666666667,0.05,0.2,0.0,0.0,0.0,0.08333333333333333,0.0,0.05,0.0,0.0,0.0,0.0
0168,1029092,Adenocarcinoma low grade,0.16800154745578766,0.16800154745578766,63,0.9718886111974537,61,0,0,0,0,1,0,0,1,0,0,0,0,0.9682539682539683,0.0,0.0,0.0,0.0,0.015873015873015872,0.0,0.0,0.015873015873015872,0.0,0.0,0.0,0.0
0195,0387516,Adenocarcinoma low grade,0.07921010255813599,0.07921010255813599,63,0.9888500233853328,48,4,11,0,0,0,0,0,0,0,0,0,0,0.7619047619047619,0.06349206349206349,0.1746031746031746,0.0,0.0,0.0,0.0,0.0,0.0,0.0,0.0,0.0,0.0
0216,0036999,Adenocarcinoma low grade,0.14972606301307678,0.14972606301307678,39,0.9895575473969966,39,0,0,0,0,0,0,0,0,0,0,0,0,1.0,0.0,0.0,0.0,0.0,0.0,0.0,0.0,0.0,0.0,0.0,0.0,0.0
0216,0037739,Adenocarcinoma low grade,0.15312501788139343,0.15312501788139343,83,0.998019180868338,80,1,1,0,0,0,0,0,0,0,0,0,1,0.963855421686747,0.012048192771084338,0.012048192771084338,0.0,0.0,0.0,0.0,0.0,0.0,0.0,0.0,0.0,0.012048192771084338
0216,0113270,Adenocarcinoma low grade,0.14469246566295624,0.14469246566295624,37,0.9763313625146992,29,1,3,0,0,0,3,0,0,0,0,0,1,0.7837837837837838,0.02702702702702703,0.08108108108108109,0.0,0.0,0.0,0.08108108108108109,0.0,0.0,0.0,0.0,0.0,0.02702702702702703
0216,0123034,Adenocarcinoma low grade,0.15515895187854767,0.15515895187854767,59,0.9110815740469017,27,3,21,1,0,0,1,0,6,0,0,0,0,0.4576271186440678,0.05084745762711865,0.3559322033898305,0.01694915254237288,0.0,0.0,0.01694915254237288,0.0,0.1016949152542373,0.0,0.0,0.0,0.0
0216,0124664,Adenocarcinoma low grade,0.15068067610263824,0.15068067610263824,101,0.9448739720865136,79,6,10,0,0,0,3,0,1,0,0,0,2,0.7821782178217822,0.0594059405940594,0.09900990099009901,0.0,0.0,0.0,0.0297029702970297,0.0,0.009900990099009901,0.0,0.0,0.0,0.019801980198019802
0216,0130688,Adenocarcinoma low grade,0.15005116164684296,0.15005116164684296,54,0.9919602511536483,51,1,1,0,0,0,1,0,0,0,0,0,0,0.9444444444444444,0.018518518518518517,0.018518518518518517,0.0,0.0,0.0,0.018518518518518517,0.0,0.0,0.0,0.0,0.0,0.0
0216,0141077,Adenocarcinoma low grade,0.14788629114627838,0.14788629114627838,68,0.9918312271258442,60,2,3,0,0,0,3,0,0,0,0,0,0,0.8823529411764706,0.029411764705882353,0.04411764705882353,0.0,0.0,0.0,0.04411764705882353,0.0,0.0,0.0,0.0,0.0,0.0
0216,0181399,Adenocarcinoma low grade,0.13335692882537842,0.13335692882537842,71,0.9095198949058312,37,10,5,8,0,0,9,0,1,0,0,1,0,0.5211267605633803,0.14084507042253522,0.07042253521126761,0.11267605633802817,0.0,0.0,0.1267605633802817,0.0,0.014084507042253521,0.0,0.0,0.014084507042253521,0.0
0216,0246994,Adenocarcinoma low grade,0.14039193093776703,0.14039193093776703,31,0.9942510325659442,30,0,0,0,0,0,0,0,1,0,0,0,0,0.967741935483871,0.0,0.0,0.0,0.0,0.0,0.0,0.0,0.03225806451612903,0.0,0.0,0.0,0.0
0216,0271998,Adenocarcinoma low grade,0.15556730329990387,0.15556730329990387,60,0.9992916291674359,60,0,0,0,0,0,0,0,0,0,0,0,0,1.0,0.0,0.0,0.0,0.0,0.0,0.0,0.0,0.0,0.0,0.0,0.0,0.0
0216,0275905,Adenocarcinoma low grade,0.1408926397562027,0.1408926397562027,54,0.9888442177106463,54,0,0,0,0,0,0,0,0,0,0,0,0,1.0,0.0,0.0,0.0,0.0,0.0,0.0,0.0,0.0,0.0,0.0,0.0,0.0
0216,0359152,Adenocarcinoma low grade,0.13034361600875854,0.13034361600875854,44,0.989452114000013,36,0,2,0,0,0,0,0,6,0,0,0,0,0.8181818181818182,0.0,0.045454545454545456,0.0,0.0,0.0,0.0,0.0,0.13636363636363635,0.0,0.0,0.0,0.0
0216,0367921,Adenocarcinoma low grade,0.1365511417388916,0.1365511417388916,64,0.9967710245565836,62,1,0,1,0,0,0,0,0,0,0,0,0,0.96875,0.015625,0.0,0.015625,0.0,0.0,0.0,0.0,0.0,0.0,0.0,0.0,0.0
0216,0406965,Adenocarcinoma low grade,0.1529766172170639,0.1529766172170639,51,0.99635169613197,48,0,0,0,0,0,1,0,0,0,0,2,0,0.9411764705882353,0.0,0.0,0.0,0.0,0.0,0.0196078431372549,0.0,0.0,0.0,0.0,0.0392156862745098,0.0
0216,0409242,Adenocarcinoma low grade,0.1550099104642868,0.1550099104642868,61,0.9905911545040479,60,0,0,0,0,0,0,0,0,0,0,1,0,0.9836065573770492,0.0,0.0,0.0,0.0,0.0,0.0,0.0,0.0,0.0,0.0,0.01639344262295082,0.0
0216,0426734,Adenocarcinoma low grade,0.13651220500469208,0.13651220500469208,58,0.9712728047780037,51,3,2,0,0,0,1,0,1,0,0,0,0,0.8793103448275862,0.05172413793103448,0.034482758620689655,0.0,0.0,0.0,0.017241379310344827,0.0,0.017241379310344827,0.0,0.0,0.0,0.0
0216,0427666,Adenocarcinoma low grade,0.14698295295238495,0.14698295295238495,67,0.9828675864035418,65,0,0,0,0,0,0,0,0,0,0,1,1,0.9701492537313433,0.0,0.0,0.0,0.0,0.0,0.0,0.0,0.0,0.0,0.0,0.014925373134328358,0.014925373134328358
0216,0452997,Adenocarcinoma low grade,0.14977385103702545,0.14977385103702545,53,0.9732818138483212,41,2,7,0,0,0,2,0,1,0,0,0,0,0.7735849056603774,0.03773584905660377,0.1320754716981132,0.0,0.0,0.0,0.03773584905660377,0.0,0.018867924528301886,0.0,0.0,0.0,0.0
0216,0453276,Adenocarcinoma low grade,0.14407141506671906,0.14407141506671906,58,0.9754048220521175,38,3,10,0,0,0,1,0,6,0,0,0,0,0.6551724137931034,0.05172413793103448,0.1724137931034483,0.0,0.0,0.0,0.017241379310344827,0.0,0.10344827586206896,0.0,0.0,0.0,0.0
0216,0455334,Adenocarcinoma low grade,0.1511928290128708,0.1511928290128708,68,0.9682893910692205,61,2,1,0,0,0,3,0,0,0,0,0,1,0.8970588235294118,0.029411764705882353,0.014705882352941176,0.0,0.0,0.0,0.04411764705882353,0.0,0.0,0.0,0.0,0.0,0.014705882352941176
0216,0484229,Adenocarcinoma low grade,0.1427297741174698,0.1427297741174698,53,0.9815933017736563,53,0,0,0,0,0,0,0,0,0,0,0,0,1.0,0.0,0.0,0.0,0.0,0.0,0.0,0.0,0.0,0.0,0.0,0.0,0.0
0216,0489588,Adenocarcinoma low grade,0.1533869057893753,0.1533869057893753,89,0.9893141319046277,85,1,1,0,0,0,0,0,2,0,0,0,0,0.9550561797752809,0.011235955056179775,0.011235955056179775,0.0,0.0,0.0,0.0,0.0,0.02247191011235955,0.0,0.0,0.0,0.0
0216,0496433,Adenocarcinoma low grade,0.13692492246627808,0.13692492246627808,57,0.9895335275630923,50,0,5,0,0,0,1,0,1,0,0,0,0,0.8771929824561403,0.0,0.08771929824561403,0.0,0.0,0.0,0.017543859649122806,0.0,0.017543859649122806,0.0,0.0,0.0,0.0
0216,0528714,Adenocarcinoma low grade,0.1349826157093048,0.1349826157093048,47,0.983844662955994,45,0,1,0,0,0,0,0,1,0,0,0,0,0.9574468085106383,0.0,0.02127659574468085,0.0,0.0,0.0,0.0,0.0,0.02127659574468085,0.0,0.0,0.0,0.0
0216,0564768,Adenocarcinoma low grade,0.15696266293525696,0.15696266293525696,62,0.9562023389282239,33,5,17,0,0,1,3,0,0,0,0,0,3,0.532258064516129,0.08064516129032258,0.27419354838709675,0.0,0.0,0.016129032258064516,0.04838709677419355,0.0,0.0,0.0,0.0,0.0,0.04838709677419355
0216,0579074,Adenocarcinoma low grade,0.14314471185207367,0.14314471185207367,43,0.9861819704771474,42,0,0,0,0,0,0,0,0,0,0,0,1,0.9767441860465116,0.0,0.0,0.0,0.0,0.0,0.0,0.0,0.0,0.0,0.0,0.0,0.023255813953488372
0216,0586044,Adenocarcinoma low grade,0.1511690318584442,0.1511690318584442,81,0.9636639766899379,73,2,2,1,0,0,1,1,0,0,0,0,1,0.9012345679012346,0.024691358024691357,0.024691358024691357,0.012345679012345678,0.0,0.0,0.012345679012345678,0.012345679012345678,0.0,0.0,0.0,0.0,0.012345679012345678
0216,0605692,Adenocarcinoma low grade,0.0964432954788208,0.0964432954788208,51,0.9831139901474275,48,0,2,0,0,0,0,0,1,0,0,0,0,0.9411764705882353,0.0,0.0392156862745098,0.0,0.0,0.0,0.0,0.0,0.0196078431372549,0.0,0.0,0.0,0.0
0216,0626326,Adenocarcinoma low grade,0.14068299531936646,0.14068299531936646,44,0.9417408457551445,21,5,7,0,0,1,9,0,0,0,0,0,1,0.4772727272727273,0.11363636363636363,0.1590909090909091,0.0,0.0,0.022727272727272728,0.20454545454545456,0.0,0.0,0.0,0.0,0.0,0.022727272727272728
0216,0657700,Adenocarcinoma low grade,0.13880221545696259,0.13880221545696259,28,0.9972527428293476,27,0,0,0,0,0,0,0,0,0,0,0,1,0.9642857142857143,0.0,0.0,0.0,0.0,0.0,0.0,0.0,0.0,0.0,0.0,0.0,0.03571428571428571
0216,0662739,Adenocarcinoma low grade,0.15205729007720947,0.15205729007720947,45,0.9967021921680183,41,1,0,0,0,0,1,0,2,0,0,0,0,0.9111111111111111,0.022222222222222223,0.0,0.0,0.0,0.0,0.022222222222222223,0.0,0.044444444444444446,0.0,0.0,0.0,0.0
0216,0684240,Adenocarcinoma low grade,0.1446332484483719,0.1446332484483719,45,0.9972097817165505,41,0,1,0,0,0,0,0,3,0,0,0,0,0.9111111111111111,0.0,0.022222222222222223,0.0,0.0,0.0,0.0,0.0,0.06666666666666667,0.0,0.0,0.0,0.0
0216,0691070,Adenocarcinoma low grade,0.1380455195903778,0.1380455195903778,85,0.9532116128534943,64,7,5,0,0,0,7,0,0,0,0,1,1,0.7529411764705882,0.08235294117647059,0.058823529411764705,0.0,0.0,0.0,0.08235294117647059,0.0,0.0,0.0,0.0,0.011764705882352941,0.011764705882352941
0216,0711830,Adenocarcinoma low grade,0.14643143117427826,0.14643143117427826,38,0.9721245343905306,24,3,4,1,0,0,2,0,4,0,0,0,0,0.631578947368421,0.07894736842105263,0.10526315789473684,0.02631578947368421,0.0,0.0,0.05263157894736842,0.0,0.10526315789473684,0.0,0.0,0.0,0.0
0216,0727605,Adenocarcinoma low grade,0.15554867684841156,0.15554867684841156,54,0.9759887103689219,41,1,9,0,0,0,0,0,3,0,0,0,0,0.7592592592592593,0.018518518518518517,0.16666666666666666,0.0,0.0,0.0,0.0,0.0,0.05555555555555555,0.0,0.0,0.0,0.0
0216,0740000,Adenocarcinoma low grade,0.12283313274383545,0.12283313274383545,69,0.9837088280748072,67,1,0,0,0,0,1,0,0,0,0,0,0,0.9710144927536232,0.014492753623188406,0.0,0.0,0.0,0.0,0.014492753623188406,0.0,0.0,0.0,0.0,0.0,0.0
0216,0749160,Adenocarcinoma low grade,0.14434237778186798,0.14434237778186798,55,0.9999999935097935,55,0,0,0,0,0,0,0,0,0,0,0,0,1.0,0.0,0.0,0.0,0.0,0.0,0.0,0.0,0.0,0.0,0.0,0.0,0.0
0216,0764907,Adenocarcinoma low grade,0.12271995097398758,0.12271995097398758,30,0.9713818698635224,28,0,1,0,0,0,0,0,1,0,0,0,0,0.9333333333333333,0.0,0.03333333333333333,0.0,0.0,0.0,0.0,0.0,0.03333333333333333,0.0,0.0,0.0,0.0
0216,0768046,Adenocarcinoma low grade,0.1542658656835556,0.1542658656835556,50,0.9910508605286288,47,1,1,0,0,0,0,0,0,0,0,1,0,0.94,0.02,0.02,0.0,0.0,0.0,0.0,0.0,0.0,0.0,0.0,0.02,0.0
0216,0773893,Adenocarcinoma low grade,0.15601250529289246,0.15601250529289246,74,0.9989458136875734,74,0,0,0,0,0,0,0,0,0,0,0,0,1.0,0.0,0.0,0.0,0.0,0.0,0.0,0.0,0.0,0.0,0.0,0.0,0.0
0216,0779447,Adenocarcinoma low grade,0.13341447710990906,0.13341447710990906,38,0.9821976344206086,31,2,3,0,0,0,0,0,1,0,0,1,0,0.8157894736842105,0.05263157894736842,0.07894736842105263,0.0,0.0,0.0,0.0,0.0,0.02631578947368421,0.0,0.0,0.02631578947368421,0.0
0216,0782345,Adenocarcinoma low grade,0.14760218560695648,0.14760218560695648,60,0.9819643326231288,52,1,2,0,0,0,3,0,2,0,0,0,0,0.8666666666666667,0.016666666666666666,0.03333333333333333,0.0,0.0,0.0,0.05,0.0,0.03333333333333333,0.0,0.0,0.0,0.0
0216,0782755,Adenocarcinoma low grade,0.14648747444152832,0.14648747444152832,64,0.9890016168190838,57,0,3,0,0,0,1,0,3,0,0,0,0,0.890625,0.0,0.046875,0.0,0.0,0.0,0.015625,0.0,0.046875,0.0,0.0,0.0,0.0
0216,0797637,Adenocarcinoma low grade,0.11990583688020706,0.11990583688020706,75,0.959461580577757,42,10,18,0,0,0,3,0,1,0,0,1,0,0.56,0.13333333333333333,0.24,0.0,0.0,0.0,0.04,0.0,0.013333333333333334,0.0,0.0,0.013333333333333334,0.0
0216,0807004,Adenocarcinoma low grade,0.1450931280851364,0.1450931280851364,52,0.9743115721695911,27,2,11,0,0,0,1,0,11,0,0,0,0,0.5192307692307693,0.038461538461538464,0.21153846153846154,0.0,0.0,0.0,0.019230769230769232,0.0,0.21153846153846154,0.0,0.0,0.0,0.0
0216,0816191,Adenocarcinoma low grade,0.15231212973594666,0.15231212973594666,80,0.9988812560568651,80,0,0,0,0,0,0,0,0,0,0,0,0,1.0,0.0,0.0,0.0,0.0,0.0,0.0,0.0,0.0,0.0,0.0,0.0,0.0
0216,0840343,Adenocarcinoma low grade,0.13407133519649506,0.13407133519649506,49,0.999231012510209,48,1,0,0,0,0,0,0,0,0,0,0,0,0.9795918367346939,0.02040816326530612,0.0,0.0,0.0,0.0,0.0,0.0,0.0,0.0,0.0,0.0,0.0
0216,0917086,Adenocarcinoma low grade,0.12497533112764359,0.12497533112764359,63,0.9776256605091423,52,3,8,0,0,0,0,0,0,0,0,0,0,0.8253968253968254,0.047619047619047616,0.12698412698412698,0.0,0.0,0.0,0.0,0.0,0.0,0.0,0.0,0.0,0.0
0216,0963642,Adenocarcinoma low grade,0.14720112085342407,0.14720112085342407,60,0.9998563159691387,59,0,0,0,0,0,0,0,0,0,0,1,0,0.9833333333333333,0.0,0.0,0.0,0.0,0.0,0.0,0.0,0.0,0.0,0.0,0.016666666666666666,0.0
0216,1033611,Adenocarcinoma low grade,0.15406657755374908,0.15406657755374908,74,0.9990974144450107,73,1,0,0,0,0,0,0,0,0,0,0,0,0.9864864864864865,0.013513513513513514,0.0,0.0,0.0,0.0,0.0,0.0,0.0,0.0,0.0,0.0,0.0
0224,0659582,Adenocarcinoma low grade,0.16571331024169922,0.16571331024169922,57,0.9998180697743383,57,0,0,0,0,0,0,0,0,0,0,0,0,1.0,0.0,0.0,0.0,0.0,0.0,0.0,0.0,0.0,0.0,0.0,0.0,0.0
0224,0712541,Adenocarcinoma low grade,0.15587051212787628,0.15587051212787628,64,0.9936903454137731,63,0,1,0,0,0,0,0,0,0,0,0,0,0.984375,0.0,0.015625,0.0,0.0,0.0,0.0,0.0,0.0,0.0,0.0,0.0,0.0
0224,0874500,Adenocarcinoma low grade,0.1596604734659195,0.1596604734659195,56,0.9745904511801987,55,1,0,0,0,0,0,0,0,0,0,0,0,0.9821428571428571,0.017857142857142856,0.0,0.0,0.0,0.0,0.0,0.0,0.0,0.0,0.0,0.0,0.0
0224,1030690,Adenocarcinoma low grade,0.16156414151191711,0.16156414151191711,65,0.9906423896086861,60,0,5,0,0,0,0,0,0,0,0,0,0,0.9230769230769231,0.0,0.07692307692307693,0.0,0.0,0.0,0.0,0.0,0.0,0.0,0.0,0.0,0.0
0245,0055840,Adenocarcinoma low grade,0.17631442844867706,0.17631442844867706,73,0.9967793781623975,72,1,0,0,0,0,0,0,0,0,0,0,0,0.9863013698630136,0.0136986301369863,0.0,0.0,0.0,0.0,0.0,0.0,0.0,0.0,0.0,0.0,0.0
0245,0072993,Adenocarcinoma low grade,0.17041990160942078,0.17041990160942078,42,0.9896454285126366,42,0,0,0,0,0,0,0,0,0,0,0,0,1.0,0.0,0.0,0.0,0.0,0.0,0.0,0.0,0.0,0.0,0.0,0.0,0.0
0245,0091392,Adenocarcinoma low grade,0.1846255213022232,0.1846255213022232,30,0.9893004276047616,30,0,0,0,0,0,0,0,0,0,0,0,0,1.0,0.0,0.0,0.0,0.0,0.0,0.0,0.0,0.0,0.0,0.0,0.0,0.0
0245,0112457,Adenocarcinoma low grade,0.2048107087612152,0.2048107087612152,61,0.9595745554946892,59,0,0,0,0,0,0,0,0,0,0,0,2,0.9672131147540983,0.0,0.0,0.0,0.0,0.0,0.0,0.0,0.0,0.0,0.0,0.0,0.03278688524590164
0245,0119333,Adenocarcinoma low grade,0.164899542927742,0.164899542927742,62,0.9732594458237134,33,1,17,0,0,0,1,0,10,0,0,0,0,0.532258064516129,0.016129032258064516,0.27419354838709675,0.0,0.0,0.0,0.016129032258064516,0.0,0.16129032258064516,0.0,0.0,0.0,0.0
0245,0122214,Adenocarcinoma low grade,0.1710483431816101,0.1710483431816101,44,0.9979420508836003,44,0,0,0,0,0,0,0,0,0,0,0,0,1.0,0.0,0.0,0.0,0.0,0.0,0.0,0.0,0.0,0.0,0.0,0.0,0.0
0245,0128482,Adenocarcinoma low grade,0.16352996230125427,0.16352996230125427,64,0.9976560348022125,62,1,0,0,0,0,1,0,0,0,0,0,0,0.96875,0.015625,0.0,0.0,0.0,0.0,0.015625,0.0,0.0,0.0,0.0,0.0,0.0
0245,0158219,Adenocarcinoma low grade,0.14959581196308136,0.14959581196308136,56,0.945067630457468,33,9,4,0,0,0,3,0,4,2,1,0,0,0.5892857142857143,0.16071428571428573,0.07142857142857142,0.0,0.0,0.0,0.05357142857142857,0.0,0.07142857142857142,0.03571428571428571,0.017857142857142856,0.0,0.0
0245,0162640,Adenocarcinoma low grade,0.1744735687971115,0.1744735687971115,44,0.983748148842375,38,2,1,0,0,0,1,0,2,0,0,0,0,0.8636363636363636,0.045454545454545456,0.022727272727272728,0.0,0.0,0.0,0.022727272727272728,0.0,0.045454545454545456,0.0,0.0,0.0,0.0
0245,0202102,Adenocarcinoma low grade,0.1734078824520111,0.1734078824520111,52,0.9881685109987962,50,0,0,0,0,0,1,0,0,0,0,0,1,0.9615384615384616,0.0,0.0,0.0,0.0,0.0,0.019230769230769232,0.0,0.0,0.0,0.0,0.0,0.019230769230769232
0245,0217403,Adenocarcinoma low grade,0.1719280332326889,0.1719280332326889,56,0.999074096885414,56,0,0,0,0,0,0,0,0,0,0,0,0,1.0,0.0,0.0,0.0,0.0,0.0,0.0,0.0,0.0,0.0,0.0,0.0,0.0
0245,0243391,Adenocarcinoma low grade,0.16412143409252167,0.16412143409252167,54,0.9981436688670717,54,0,0,0,0,0,0,0,0,0,0,0,0,1.0,0.0,0.0,0.0,0.0,0.0,0.0,0.0,0.0,0.0,0.0,0.0,0.0
0245,0328360,Adenocarcinoma low grade,0.15333500504493713,0.15333500504493713,54,0.9730507222020164,45,5,1,0,0,0,3,0,0,0,0,0,0,0.8333333333333334,0.09259259259259259,0.018518518518518517,0.0,0.0,0.0,0.05555555555555555,0.0,0.0,0.0,0.0,0.0,0.0
0245,0329916,Adenocarcinoma low grade,0.2135564088821411,0.2135564088821411,46,0.9863610447552295,46,0,0,0,0,0,0,0,0,0,0,0,0,1.0,0.0,0.0,0.0,0.0,0.0,0.0,0.0,0.0,0.0,0.0,0.0,0.0
0245,0347146,Adenocarcinoma low grade,0.17539028823375702,0.17539028823375702,44,0.9591026346419776,44,0,0,0,0,0,0,0,0,0,0,0,0,1.0,0.0,0.0,0.0,0.0,0.0,0.0,0.0,0.0,0.0,0.0,0.0,0.0
0245,0363877,Adenocarcinoma low grade,0.18736685812473297,0.18736685812473297,31,0.9638300273183862,29,0,1,0,0,0,0,0,0,1,0,0,0,0.9354838709677419,0.0,0.03225806451612903,0.0,0.0,0.0,0.0,0.0,0.0,0.03225806451612903,0.0,0.0,0.0
0245,0372767,Adenocarcinoma low grade,0.20713624358177185,0.20713624358177185,46,0.9748315989817954,44,1,0,1,0,0,0,0,0,0,0,0,0,0.9565217391304348,0.021739130434782608,0.0,0.021739130434782608,0.0,0.0,0.0,0.0,0.0,0.0,0.0,0.0,0.0
0245,0384409,Adenocarcinoma low grade,0.197156623005867,0.197156623005867,45,0.970149690085667,43,0,1,1,0,0,0,0,0,0,0,0,0,0.9555555555555556,0.0,0.022222222222222223,0.022222222222222223,0.0,0.0,0.0,0.0,0.0,0.0,0.0,0.0,0.0
0245,0399538,Adenocarcinoma low grade,0.16133065521717072,0.16133065521717072,44,0.9558182943178387,30,3,3,0,0,0,1,0,4,3,0,0,0,0.6818181818181818,0.06818181818181818,0.06818181818181818,0.0,0.0,0.0,0.022727272727272728,0.0,0.09090909090909091,0.06818181818181818,0.0,0.0,0.0
0245,0413906,Adenocarcinoma low grade,0.18904483318328857,0.18904483318328857,38,0.9611341438640617,28,2,0,2,0,0,5,0,0,0,0,0,1,0.7368421052631579,0.05263157894736842,0.0,0.05263157894736842,0.0,0.0,0.13157894736842105,0.0,0.0,0.0,0.0,0.0,0.02631578947368421
0245,0413931,Adenocarcinoma low grade,0.18793581426143646,0.18793581426143646,70,0.9968742882754978,70,0,0,0,0,0,0,0,0,0,0,0,0,1.0,0.0,0.0,0.0,0.0,0.0,0.0,0.0,0.0,0.0,0.0,0.0,0.0
0245,0424118,Adenocarcinoma low grade,0.22153140604496002,0.22153140604496002,62,0.9720908613113005,59,0,1,0,0,0,0,0,0,0,0,0,2,0.9516129032258065,0.0,0.016129032258064516,0.0,0.0,0.0,0.0,0.0,0.0,0.0,0.0,0.0,0.03225806451612903
0245,0426637,Adenocarcinoma low grade,0.21606560051441193,0.21606560051441193,44,0.9710354819971884,40,0,0,0,0,0,0,0,0,0,0,0,4,0.9090909090909091,0.0,0.0,0.0,0.0,0.0,0.0,0.0,0.0,0.0,0.0,0.0,0.09090909090909091
0245,0434937,Adenocarcinoma low grade,0.1976516991853714,0.1976516991853714,67,0.9644975825855424,60,1,5,0,0,0,1,0,0,0,0,0,0,0.8955223880597015,0.014925373134328358,0.07462686567164178,0.0,0.0,0.0,0.014925373134328358,0.0,0.0,0.0,0.0,0.0,0.0
0245,0466896,Adenocarcinoma low grade,0.15795332193374634,0.15795332193374634,47,0.9738335359245768,40,2,1,0,0,0,1,0,2,0,0,0,1,0.851063829787234,0.0425531914893617,0.02127659574468085,0.0,0.0,0.0,0.02127659574468085,0.0,0.0425531914893617,0.0,0.0,0.0,0.02127659574468085
0245,0493901,Adenocarcinoma low grade,0.16511528193950653,0.16511528193950653,47,0.9512044147193962,31,0,1,0,0,0,4,0,8,3,0,0,0,0.6595744680851063,0.0,0.02127659574468085,0.0,0.0,0.0,0.0851063829787234,0.0,0.1702127659574468,0.06382978723404255,0.0,0.0,0.0
0245,0499806,Adenocarcinoma low grade,0.14893396198749542,0.14893396198749542,47,0.9605219961554919,25,10,4,6,0,0,2,0,0,0,0,0,0,0.5319148936170213,0.2127659574468085,0.0851063829787234,0.1276595744680851,0.0,0.0,0.0425531914893617,0.0,0.0,0.0,0.0,0.0,0.0
0245,0557728,Adenocarcinoma low grade,0.2143445760011673,0.2143445760011673,69,0.9766832276867088,67,0,2,0,0,0,0,0,0,0,0,0,0,0.9710144927536232,0.0,0.028985507246376812,0.0,0.0,0.0,0.0,0.0,0.0,0.0,0.0,0.0,0.0
0245,0566206,Adenocarcinoma low grade,0.1788458526134491,0.1788458526134491,33,0.9826523973247517,29,0,2,0,0,0,2,0,0,0,0,0,0,0.8787878787878788,0.0,0.06060606060606061,0.0,0.0,0.0,0.06060606060606061,0.0,0.0,0.0,0.0,0.0,0.0
0245,0594985,Adenocarcinoma low grade,0.2237171232700348,0.2237171232700348,41,0.9650442289666616,40,0,1,0,0,0,0,0,0,0,0,0,0,0.975609756097561,0.0,0.024390243902439025,0.0,0.0,0.0,0.0,0.0,0.0,0.0,0.0,0.0,0.0
0245,0617728,Adenocarcinoma low grade,0.1729985773563385,0.1729985773563385,35,0.9876480636406894,32,0,0,0,0,0,1,0,0,0,0,0,2,0.9142857142857143,0.0,0.0,0.0,0.0,0.0,0.02857142857142857,0.0,0.0,0.0,0.0,0.0,0.05714285714285714
0245,0634352,Adenocarcinoma low grade,0.1711861789226532,0.1711861789226532,57,0.9908860627493408,57,0,0,0,0,0,0,0,0,0,0,0,0,1.0,0.0,0.0,0.0,0.0,0.0,0.0,0.0,0.0,0.0,0.0,0.0,0.0
0245,0649558,Adenocarcinoma low grade,0.1890673190355301,0.1890673190355301,43,0.9459961975442559,34,0,8,1,0,0,0,0,0,0,0,0,0,0.7906976744186046,0.0,0.18604651162790697,0.023255813953488372,0.0,0.0,0.0,0.0,0.0,0.0,0.0,0.0,0.0
0245,0654897,Adenocarcinoma low grade,0.1851556897163391,0.1851556897163391,63,0.997625357933717,62,0,1,0,0,0,0,0,0,0,0,0,0,0.9841269841269841,0.0,0.015873015873015872,0.0,0.0,0.0,0.0,0.0,0.0,0.0,0.0,0.0,0.0
0245,0661763,Adenocarcinoma low grade,0.1769382655620575,0.1769382655620575,26,0.9561876259079197,26,0,0,0,0,0,0,0,0,0,0,0,0,1.0,0.0,0.0,0.0,0.0,0.0,0.0,0.0,0.0,0.0,0.0,0.0,0.0
0245,0681366,Adenocarcinoma low grade,0.22052805125713348,0.22052805125713348,53,0.9979394245246623,51,0,1,0,0,0,0,0,0,0,0,1,0,0.9622641509433962,0.0,0.018867924528301886,0.0,0.0,0.0,0.0,0.0,0.0,0.0,0.0,0.018867924528301886,0.0
0245,0705993,Adenocarcinoma low grade,0.16933606564998627,0.16933606564998627,34,0.9700438645190497,33,1,0,0,0,0,0,0,0,0,0,0,0,0.9705882352941176,0.029411764705882353,0.0,0.0,0.0,0.0,0.0,0.0,0.0,0.0,0.0,0.0,0.0
0245,0707483,Adenocarcinoma low grade,0.14645756781101227,0.14645756781101227,68,0.9129566589780583,37,5,10,0,0,0,2,0,8,6,0,0,0,0.5441176470588235,0.07352941176470588,0.14705882352941177,0.0,0.0,0.0,0.029411764705882353,0.0,0.11764705882352941,0.08823529411764706,0.0,0.0,0.0
0245,0712658,Adenocarcinoma low grade,0.1891734004020691,0.1891734004020691,37,0.9518174408769874,37,0,0,0,0,0,0,0,0,0,0,0,0,1.0,0.0,0.0,0.0,0.0,0.0,0.0,0.0,0.0,0.0,0.0,0.0,0.0
0245,0780188,Adenocarcinoma low grade,0.1694631725549698,0.1694631725549698,42,0.9647694737911758,31,0,1,0,0,0,0,0,9,1,0,0,0,0.7380952380952381,0.0,0.023809523809523808,0.0,0.0,0.0,0.0,0.0,0.21428571428571427,0.023809523809523808,0.0,0.0,0.0
0245,0840335,Adenocarcinoma low grade,0.18315386772155762,0.18315386772155762,46,0.9584289647499539,44,0,1,1,0,0,0,0,0,0,0,0,0,0.9565217391304348,0.0,0.021739130434782608,0.021739130434782608,0.0,0.0,0.0,0.0,0.0,0.0,0.0,0.0,0.0
0245,0846121,Adenocarcinoma low grade,0.2210790365934372,0.2210790365934372,59,0.9867317066708625,58,1,0,0,0,0,0,0,0,0,0,0,0,0.9830508474576272,0.01694915254237288,0.0,0.0,0.0,0.0,0.0,0.0,0.0,0.0,0.0,0.0,0.0
0245,0848034,Adenocarcinoma low grade,0.15501436591148376,0.15501436591148376,59,0.9985099576740127,55,1,1,0,0,0,2,0,0,0,0,0,0,0.9322033898305084,0.01694915254237288,0.01694915254237288,0.0,0.0,0.0,0.03389830508474576,0.0,0.0,0.0,0.0,0.0,0.0
0245,0862302,Adenocarcinoma low grade,0.18694552779197693,0.18694552779197693,29,0.9534616115641745,28,1,0,0,0,0,0,0,0,0,0,0,0,0.9655172413793104,0.034482758620689655,0.0,0.0,0.0,0.0,0.0,0.0,0.0,0.0,0.0,0.0,0.0
0245,0864022,Adenocarcinoma low grade,0.1945967823266983,0.1945967823266983,55,0.9868857382732721,53,0,2,0,0,0,0,0,0,0,0,0,0,0.9636363636363636,0.0,0.03636363636363636,0.0,0.0,0.0,0.0,0.0,0.0,0.0,0.0,0.0,0.0
0245,0907711,Adenocarcinoma low grade,0.16622678935527802,0.16622678935527802,39,0.9966344303241461,39,0,0,0,0,0,0,0,0,0,0,0,0,1.0,0.0,0.0,0.0,0.0,0.0,0.0,0.0,0.0,0.0,0.0,0.0,0.0
0245,0930586,Adenocarcinoma low grade,0.1591493934392929,0.1591493934392929,47,0.9896098932937943,45,0,1,0,0,0,0,0,0,0,0,0,1,0.9574468085106383,0.0,0.02127659574468085,0.0,0.0,0.0,0.0,0.0,0.0,0.0,0.0,0.0,0.02127659574468085
0245,0952349,Adenocarcinoma low grade,0.16914092004299164,0.16914092004299164,35,0.990943300919483,31,0,0,0,0,0,0,0,0,0,0,0,4,0.8857142857142857,0.0,0.0,0.0,0.0,0.0,0.0,0.0,0.0,0.0,0.0,0.0,0.11428571428571428
0245,0988047,Adenocarcinoma low grade,0.19246669113636017,0.19246669113636017,59,0.9846082255655627,54,0,4,0,0,0,0,0,0,0,0,1,0,0.9152542372881356,0.0,0.06779661016949153,0.0,0.0,0.0,0.0,0.0,0.0,0.0,0.0,0.01694915254237288,0.0
0245,1016914,Adenocarcinoma low grade,0.16026173532009125,0.16026173532009125,79,0.9811071469901111,77,0,2,0,0,0,0,0,0,0,0,0,0,0.9746835443037974,0.0,0.02531645569620253,0.0,0.0,0.0,0.0,0.0,0.0,0.0,0.0,0.0,0.0
0281,0004933,Adenocarcinoma low grade,0.05142126977443695,0.05142126977443695,30,0.8526521093591892,14,4,6,1,0,0,3,0,2,0,0,0,0,0.4666666666666667,0.13333333333333333,0.2,0.03333333333333333,0.0,0.0,0.1,0.0,0.06666666666666667,0.0,0.0,0.0,0.0
0281,0009673,Adenocarcinoma low grade,0.12212071567773819,0.12212071567773819,63,0.9983878878129139,62,0,0,1,0,0,0,0,0,0,0,0,0,0.9841269841269841,0.0,0.0,0.015873015873015872,0.0,0.0,0.0,0.0,0.0,0.0,0.0,0.0,0.0
0281,0012274,Adenocarcinoma low grade,0.13572779297828674,0.13572779297828674,40,0.9943638614121125,33,2,2,0,0,2,0,0,1,0,0,0,0,0.825,0.05,0.05,0.0,0.0,0.05,0.0,0.0,0.025,0.0,0.0,0.0,0.0
0281,0023874,Adenocarcinoma low grade,0.11324583739042282,0.11324583739042282,44,0.9447870021622766,13,13,10,1,0,0,5,1,0,0,0,0,1,0.29545454545454547,0.29545454545454547,0.22727272727272727,0.022727272727272728,0.0,0.0,0.11363636363636363,0.022727272727272728,0.0,0.0,0.0,0.0,0.022727272727272728
0281,0064288,Adenocarcinoma low grade,0.1505502462387085,0.1505502462387085,60,0.999934632446335,60,0,0,0,0,0,0,0,0,0,0,0,0,1.0,0.0,0.0,0.0,0.0,0.0,0.0,0.0,0.0,0.0,0.0,0.0,0.0
0281,0065390,Adenocarcinoma low grade,0.16441580653190613,0.16441580653190613,41,0.9810685097569837,21,0,18,0,0,0,2,0,0,0,0,0,0,0.5121951219512195,0.0,0.43902439024390244,0.0,0.0,0.0,0.04878048780487805,0.0,0.0,0.0,0.0,0.0,0.0
0281,0123200,Adenocarcinoma low grade,0.15967799723148346,0.15967799723148346,45,0.9243948272066133,16,0,18,0,0,1,2,0,5,0,1,0,2,0.35555555555555557,0.0,0.4,0.0,0.0,0.022222222222222223,0.044444444444444446,0.0,0.1111111111111111,0.0,0.022222222222222223,0.0,0.044444444444444446
0281,0128421,Adenocarcinoma low grade,0.11753927916288376,0.11753927916288376,46,0.9999999919070938,44,2,0,0,0,0,0,0,0,0,0,0,0,0.9565217391304348,0.043478260869565216,0.0,0.0,0.0,0.0,0.0,0.0,0.0,0.0,0.0,0.0,0.0
0281,0188784,Adenocarcinoma low grade,0.12298966944217682,0.12298966944217682,50,0.9977927906446835,45,0,4,0,0,0,0,0,0,0,0,1,0,0.9,0.0,0.08,0.0,0.0,0.0,0.0,0.0,0.0,0.0,0.0,0.02,0.0
0281,0198670,Adenocarcinoma low grade,0.10583632439374924,0.10583632439374924,26,0.9708869399111335,25,0,1,0,0,0,0,0,0,0,0,0,0,0.9615384615384616,0.0,0.038461538461538464,0.0,0.0,0.0,0.0,0.0,0.0,0.0,0.0,0.0,0.0
0281,0198673,Adenocarcinoma low grade,0.08639199286699295,0.08639199286699295,24,0.9999999948539621,24,0,0,0,0,0,0,0,0,0,0,0,0,1.0,0.0,0.0,0.0,0.0,0.0,0.0,0.0,0.0,0.0,0.0,0.0,0.0
0281,0205440,Adenocarcinoma low grade,0.13556942343711853,0.13556942343711853,38,0.9999999936460621,38,0,0,0,0,0,0,0,0,0,0,0,0,1.0,0.0,0.0,0.0,0.0,0.0,0.0,0.0,0.0,0.0,0.0,0.0,0.0
0281,0206850,Adenocarcinoma low grade,0.10955331474542618,0.10955331474542618,37,0.9266516010880831,18,2,3,1,0,0,8,0,5,0,0,0,0,0.4864864864864865,0.05405405405405406,0.08108108108108109,0.02702702702702703,0.0,0.0,0.21621621621621623,0.0,0.13513513513513514,0.0,0.0,0.0,0.0
0281,0285055,Adenocarcinoma low grade,0.12582798302173615,0.12582798302173615,45,0.9741228092872987,36,3,1,0,0,0,4,0,1,0,0,0,0,0.8,0.06666666666666667,0.022222222222222223,0.0,0.0,0.0,0.08888888888888889,0.0,0.022222222222222223,0.0,0.0,0.0,0.0
0281,0291474,Adenocarcinoma low grade,0.12946541607379913,0.12946541607379913,46,0.9422706871153299,28,3,7,0,0,3,4,0,1,0,0,0,0,0.6086956521739131,0.06521739130434782,0.15217391304347827,0.0,0.0,0.06521739130434782,0.08695652173913043,0.0,0.021739130434782608,0.0,0.0,0.0,0.0
0281,0307671,Adenocarcinoma low grade,0.1597745418548584,0.1597745418548584,54,0.9895833246367108,46,0,1,0,0,0,6,0,0,0,0,0,1,0.8518518518518519,0.0,0.018518518518518517,0.0,0.0,0.0,0.1111111111111111,0.0,0.0,0.0,0.0,0.0,0.018518518518518517
0281,0317169,Adenocarcinoma low grade,0.1314147710800171,0.1314147710800171,35,0.9158017787675005,7,1,5,0,0,1,2,0,5,0,14,0,0,0.2,0.02857142857142857,0.14285714285714285,0.0,0.0,0.02857142857142857,0.05714285714285714,0.0,0.14285714285714285,0.0,0.4,0.0,0.0
0281,0394815,Adenocarcinoma low grade,0.11880870163440704,0.11880870163440704,47,0.9905760272827172,42,1,3,0,0,0,1,0,0,0,0,0,0,0.8936170212765957,0.02127659574468085,0.06382978723404255,0.0,0.0,0.0,0.02127659574468085,0.0,0.0,0.0,0.0,0.0,0.0
0281,0427237,Adenocarcinoma low grade,0.12375209480524063,0.12375209480524063,59,0.9972388562254755,58,1,0,0,0,0,0,0,0,0,0,0,0,0.9830508474576272,0.01694915254237288,0.0,0.0,0.0,0.0,0.0,0.0,0.0,0.0,0.0,0.0,0.0
0281,0473267,Adenocarcinoma low grade,0.08753511309623718,0.08753511309623718,32,0.9974116985516777,32,0,0,0,0,0,0,0,0,0,0,0,0,1.0,0.0,0.0,0.0,0.0,0.0,0.0,0.0,0.0,0.0,0.0,0.0,0.0
0281,0503584,Adenocarcinoma low grade,0.14444352686405182,0.14444352686405182,46,0.9819779248314093,36,1,4,0,0,0,3,0,0,0,0,0,2,0.782608695652174,0.021739130434782608,0.08695652173913043,0.0,0.0,0.0,0.06521739130434782,0.0,0.0,0.0,0.0,0.0,0.043478260869565216
0281,0504999,Adenocarcinoma low grade,0.15670941770076752,0.15670941770076752,28,0.997252740440585,27,0,1,0,0,0,0,0,0,0,0,0,0,0.9642857142857143,0.0,0.03571428571428571,0.0,0.0,0.0,0.0,0.0,0.0,0.0,0.0,0.0,0.0
0281,0526284,Adenocarcinoma low grade,0.08667461574077606,0.08667461574077606,29,0.9883564642606463,26,0,0,0,0,1,0,0,0,0,0,0,2,0.896551724137931,0.0,0.0,0.0,0.0,0.034482758620689655,0.0,0.0,0.0,0.0,0.0,0.0,0.06896551724137931
0281,0564985,Adenocarcinoma low grade,0.17917980253696442,0.17917980253696442,34,0.9907562939156048,28,0,1,0,0,0,3,0,0,0,0,0,2,0.8235294117647058,0.0,0.029411764705882353,0.0,0.0,0.0,0.08823529411764706,0.0,0.0,0.0,0.0,0.0,0.058823529411764705
0281,0567322,Adenocarcinoma low grade,0.14671747386455536,0.14671747386455536,50,0.989351739804304,48,0,0,0,0,0,0,0,0,0,0,0,2,0.96,0.0,0.0,0.0,0.0,0.0,0.0,0.0,0.0,0.0,0.0,0.0,0.04
0281,0573286,Adenocarcinoma low grade,0.1445804387331009,0.1445804387331009,28,0.9970057099643349,26,0,1,0,0,0,0,0,0,0,0,0,1,0.9285714285714286,0.0,0.03571428571428571,0.0,0.0,0.0,0.0,0.0,0.0,0.0,0.0,0.0,0.03571428571428571
0281,0575043,Adenocarcinoma low grade,0.08017541468143463,0.08017541468143463,42,0.9941078592596171,35,0,4,1,0,0,2,0,0,0,0,0,0,0.8333333333333334,0.0,0.09523809523809523,0.023809523809523808,0.0,0.0,0.047619047619047616,0.0,0.0,0.0,0.0,0.0,0.0
0281,0587231,Adenocarcinoma low grade,0.14506860077381134,0.14506860077381134,30,0.9999999940887537,30,0,0,0,0,0,0,0,0,0,0,0,0,1.0,0.0,0.0,0.0,0.0,0.0,0.0,0.0,0.0,0.0,0.0,0.0,0.0
0281,0610687,Adenocarcinoma low grade,0.15104743838310242,0.15104743838310242,30,0.9975308577768558,30,0,0,0,0,0,0,0,0,0,0,0,0,1.0,0.0,0.0,0.0,0.0,0.0,0.0,0.0,0.0,0.0,0.0,0.0,0.0
0281,0622458,Adenocarcinoma low grade,0.09532436728477478,0.09532436728477478,39,0.9998547168258997,37,1,0,0,0,0,1,0,0,0,0,0,0,0.9487179487179487,0.02564102564102564,0.0,0.0,0.0,0.0,0.02564102564102564,0.0,0.0,0.0,0.0,0.0,0.0
0281,0630748,Adenocarcinoma low grade,0.07049565017223358,0.07049565017223358,49,0.9523040741453186,25,12,5,0,0,0,7,0,0,0,0,0,0,0.5102040816326531,0.24489795918367346,0.10204081632653061,0.0,0.0,0.0,0.14285714285714285,0.0,0.0,0.0,0.0,0.0,0.0
0281,0640422,Adenocarcinoma low grade,0.09190358966588974,0.09190358966588974,35,0.9754683852648682,32,0,1,0,0,0,1,0,0,0,0,0,1,0.9142857142857143,0.0,0.02857142857142857,0.0,0.0,0.0,0.02857142857142857,0.0,0.0,0.0,0.0,0.0,0.02857142857142857
0281,0657881,Adenocarcinoma low grade,0.11920570582151413,0.11920570582151413,39,0.9950711255330086,39,0,0,0,0,0,0,0,0,0,0,0,0,1.0,0.0,0.0,0.0,0.0,0.0,0.0,0.0,0.0,0.0,0.0,0.0,0.0
0281,0663839,Adenocarcinoma low grade,0.09498222917318344,0.09498222917318344,38,0.9623478693488873,37,0,0,0,0,0,0,0,0,0,0,0,1,0.9736842105263158,0.0,0.0,0.0,0.0,0.0,0.0,0.0,0.0,0.0,0.0,0.0,0.02631578947368421
0281,0752763,Adenocarcinoma low grade,0.12716656923294067,0.12716656923294067,41,0.9999999935801188,39,1,0,0,0,0,1,0,0,0,0,0,0,0.9512195121951219,0.024390243902439025,0.0,0.0,0.0,0.0,0.024390243902439025,0.0,0.0,0.0,0.0,0.0,0.0
0281,0773760,Adenocarcinoma low grade,0.15291568636894226,0.15291568636894226,45,0.9858867100395012,45,0,0,0,0,0,0,0,0,0,0,0,0,1.0,0.0,0.0,0.0,0.0,0.0,0.0,0.0,0.0,0.0,0.0,0.0,0.0
0281,0808743,Adenocarcinoma low grade,0.15112733840942383,0.15112733840942383,65,0.9985563179264323,65,0,0,0,0,0,0,0,0,0,0,0,0,1.0,0.0,0.0,0.0,0.0,0.0,0.0,0.0,0.0,0.0,0.0,0.0,0.0
0281,0869264,Adenocarcinoma low grade,0.12867522239685059,0.12867522239685059,45,0.9925252619955957,39,1,1,0,0,0,4,0,0,0,0,0,0,0.8666666666666667,0.022222222222222223,0.022222222222222223,0.0,0.0,0.0,0.08888888888888889,0.0,0.0,0.0,0.0,0.0,0.0
0281,0882186,Adenocarcinoma low grade,0.0585852675139904,0.0585852675139904,34,0.8319475139734354,24,0,0,0,0,0,0,0,0,0,10,0,0,0.7058823529411765,0.0,0.0,0.0,0.0,0.0,0.0,0.0,0.0,0.0,0.29411764705882354,0.0,0.0
0281,0949105,Adenocarcinoma low grade,0.12318819761276245,0.12318819761276245,37,0.9962461632395758,36,1,0,0,0,0,0,0,0,0,0,0,0,0.972972972972973,0.02702702702702703,0.0,0.0,0.0,0.0,0.0,0.0,0.0,0.0,0.0,0.0,0.0
0281,0952295,Adenocarcinoma low grade,0.14998047053813934,0.14998047053813934,38,0.9985822044807445,38,0,0,0,0,0,0,0,0,0,0,0,0,1.0,0.0,0.0,0.0,0.0,0.0,0.0,0.0,0.0,0.0,0.0,0.0,0.0
0281,0958073,Adenocarcinoma low grade,0.1516333818435669,0.1516333818435669,40,0.9892465528264356,40,0,0,0,0,0,0,0,0,0,0,0,0,1.0,0.0,0.0,0.0,0.0,0.0,0.0,0.0,0.0,0.0,0.0,0.0,0.0
0281,0959633,Adenocarcinoma low grade,0.12804380059242249,0.12804380059242249,50,0.9991919120706387,50,0,0,0,0,0,0,0,0,0,0,0,0,1.0,0.0,0.0,0.0,0.0,0.0,0.0,0.0,0.0,0.0,0.0,0.0,0.0
0281,0985975,Adenocarcinoma low grade,0.13701236248016357,0.13701236248016357,36,0.994479973827247,36,0,0,0,0,0,0,0,0,0,0,0,0,1.0,0.0,0.0,0.0,0.0,0.0,0.0,0.0,0.0,0.0,0.0,0.0,0.0
0281,0997280,Adenocarcinoma low grade,0.11458688974380493,0.11458688974380493,29,0.9553352231941937,26,2,1,0,0,0,0,0,0,0,0,0,0,0.896551724137931,0.06896551724137931,0.034482758620689655,0.0,0.0,0.0,0.0,0.0,0.0,0.0,0.0,0.0,0.0
0296,0010532,Adenocarcinoma low grade,0.18786294758319855,0.18786294758319855,57,0.990508347456869,41,13,1,0,0,0,0,0,2,0,0,0,0,0.7192982456140351,0.22807017543859648,0.017543859649122806,0.0,0.0,0.0,0.0,0.0,0.03508771929824561,0.0,0.0,0.0,0.0
0296,0052333,Adenocarcinoma low grade,0.2393863946199417,0.2393863946199417,61,0.981365901009077,55,0,0,0,0,0,0,0,0,0,0,1,5,0.9016393442622951,0.0,0.0,0.0,0.0,0.0,0.0,0.0,0.0,0.0,0.0,0.01639344262295082,0.08196721311475409
0296,0142458,Adenocarcinoma low grade,0.19615010917186737,0.19615010917186737,76,0.9756820558370385,50,12,4,0,0,0,2,0,8,0,0,0,0,0.6578947368421053,0.15789473684210525,0.05263157894736842,0.0,0.0,0.0,0.02631578947368421,0.0,0.10526315789473684,0.0,0.0,0.0,0.0
0296,0924967,Adenocarcinoma low grade,0.23961658775806427,0.23961658775806427,68,0.9911667889799027,65,1,0,0,0,0,0,0,0,0,0,1,1,0.9558823529411765,0.014705882352941176,0.0,0.0,0.0,0.0,0.0,0.0,0.0,0.0,0.0,0.014705882352941176,0.014705882352941176
0297,0002063,Adenocarcinoma low grade,0.15965652465820312,0.15965652465820312,87,0.9960309519859675,86,0,0,0,0,0,0,0,0,0,0,0,1,0.9885057471264368,0.0,0.0,0.0,0.0,0.0,0.0,0.0,0.0,0.0,0.0,0.0,0.011494252873563218
0297,0018337,Adenocarcinoma low grade,0.15973375737667084,0.15973375737667084,95,0.993499471779992,93,0,1,0,0,0,1,0,0,0,0,0,0,0.9789473684210527,0.0,0.010526315789473684,0.0,0.0,0.0,0.010526315789473684,0.0,0.0,0.0,0.0,0.0,0.0
0297,0028985,Adenocarcinoma low grade,0.16127905249595642,0.16127905249595642,56,0.9841228008043595,41,0,4,0,0,0,2,0,9,0,0,0,0,0.7321428571428571,0.0,0.07142857142857142,0.0,0.0,0.0,0.03571428571428571,0.0,0.16071428571428573,0.0,0.0,0.0,0.0
0297,0085988,Adenocarcinoma low grade,0.15913903713226318,0.15913903713226318,57,0.9757019544020455,50,0,4,0,0,0,3,0,0,0,0,0,0,0.8771929824561403,0.0,0.07017543859649122,0.0,0.0,0.0,0.05263157894736842,0.0,0.0,0.0,0.0,0.0,0.0
0297,0089641,Adenocarcinoma low grade,0.16287198662757874,0.16287198662757874,50,0.9869466764158581,37,2,1,0,0,0,7,0,2,0,0,0,1,0.74,0.04,0.02,0.0,0.0,0.0,0.14,0.0,0.04,0.0,0.0,0.0,0.02
0297,0099298,Adenocarcinoma low grade,0.1633751094341278,0.1633751094341278,65,0.9901761582410794,63,2,0,0,0,0,0,0,0,0,0,0,0,0.9692307692307692,0.03076923076923077,0.0,0.0,0.0,0.0,0.0,0.0,0.0,0.0,0.0,0.0,0.0
0297,0100649,Adenocarcinoma low grade,0.160072922706604,0.160072922706604,65,0.9890835626089842,54,0,2,0,0,0,1,0,7,0,0,1,0,0.8307692307692308,0.0,0.03076923076923077,0.0,0.0,0.0,0.015384615384615385,0.0,0.1076923076923077,0.0,0.0,0.015384615384615385,0.0
0297,0115574,Adenocarcinoma low grade,0.16153502464294434,0.16153502464294434,69,0.9980096949313153,68,1,0,0,0,0,0,0,0,0,0,0,0,0.9855072463768116,0.014492753623188406,0.0,0.0,0.0,0.0,0.0,0.0,0.0,0.0,0.0,0.0,0.0
0297,0116900,Adenocarcinoma low grade,0.15663418173789978,0.15663418173789978,75,0.9985816050868882,75,0,0,0,0,0,0,0,0,0,0,0,0,1.0,0.0,0.0,0.0,0.0,0.0,0.0,0.0,0.0,0.0,0.0,0.0,0.0
0297,0122351,Adenocarcinoma low grade,0.1609705090522766,0.1609705090522766,41,0.9999999941732517,33,0,5,0,0,0,0,0,3,0,0,0,0,0.8048780487804879,0.0,0.12195121951219512,0.0,0.0,0.0,0.0,0.0,0.07317073170731707,0.0,0.0,0.0,0.0
0297,0137054,Adenocarcinoma low grade,0.161065474152565,0.161065474152565,64,0.9985011582744443,60,0,1,0,0,0,0,0,2,0,0,0,1,0.9375,0.0,0.015625,0.0,0.0,0.0,0.0,0.0,0.03125,0.0,0.0,0.0,0.015625
0297,0188701,Adenocarcinoma low grade,0.1658635288476944,0.1658635288476944,49,0.985726141848809,48,0,0,0,0,0,1,0,0,0,0,0,0,0.9795918367346939,0.0,0.0,0.0,0.0,0.0,0.02040816326530612,0.0,0.0,0.0,0.0,0.0,0.0
0297,0200326,Adenocarcinoma low grade,0.15819016098976135,0.15819016098976135,29,0.9585779073518417,25,0,1,0,0,0,1,0,2,0,0,0,0,0.8620689655172413,0.0,0.034482758620689655,0.0,0.0,0.0,0.034482758620689655,0.0,0.06896551724137931,0.0,0.0,0.0,0.0
0297,0220076,Adenocarcinoma low grade,0.1624881774187088,0.1624881774187088,54,0.9970660359337815,52,1,1,0,0,0,0,0,0,0,0,0,0,0.9629629629629629,0.018518518518518517,0.018518518518518517,0.0,0.0,0.0,0.0,0.0,0.0,0.0,0.0,0.0,0.0
0297,0246592,Adenocarcinoma low grade,0.15759137272834778,0.15759137272834778,52,0.9800677605288471,36,0,4,0,0,0,0,0,11,0,0,1,0,0.6923076923076923,0.0,0.07692307692307693,0.0,0.0,0.0,0.0,0.0,0.21153846153846154,0.0,0.0,0.019230769230769232,0.0
0297,0247454,Adenocarcinoma low grade,0.1631920486688614,0.1631920486688614,68,0.9362698825499954,42,9,3,0,0,0,7,0,6,0,0,0,1,0.6176470588235294,0.1323529411764706,0.04411764705882353,0.0,0.0,0.0,0.10294117647058823,0.0,0.08823529411764706,0.0,0.0,0.0,0.014705882352941176
0297,0274018,Adenocarcinoma low grade,0.1578349471092224,0.1578349471092224,57,0.9898367839981542,57,0,0,0,0,0,0,0,0,0,0,0,0,1.0,0.0,0.0,0.0,0.0,0.0,0.0,0.0,0.0,0.0,0.0,0.0,0.0
0297,0278036,Adenocarcinoma low grade,0.16108360886573792,0.16108360886573792,52,0.9557947346851295,21,3,13,0,0,0,5,0,10,0,0,0,0,0.40384615384615385,0.057692307692307696,0.25,0.0,0.0,0.0,0.09615384615384616,0.0,0.19230769230769232,0.0,0.0,0.0,0.0
0297,0281499,Adenocarcinoma low grade,0.16077232360839844,0.16077232360839844,45,0.9732133729757508,33,0,1,0,0,0,0,0,10,0,0,0,1,0.7333333333333333,0.0,0.022222222222222223,0.0,0.0,0.0,0.0,0.0,0.2222222222222222,0.0,0.0,0.0,0.022222222222222223
0297,0289597,Adenocarcinoma low grade,0.16113628447055817,0.16113628447055817,60,0.8998072431204788,60,0,0,0,0,0,0,0,0,0,0,0,0,1.0,0.0,0.0,0.0,0.0,0.0,0.0,0.0,0.0,0.0,0.0,0.0,0.0
0297,0300043,Adenocarcinoma low grade,0.15926910936832428,0.15926910936832428,72,0.9999999933503158,72,0,0,0,0,0,0,0,0,0,0,0,0,1.0,0.0,0.0,0.0,0.0,0.0,0.0,0.0,0.0,0.0,0.0,0.0,0.0
0297,0321566,Adenocarcinoma low grade,0.15864934027194977,0.15864934027194977,52,0.9991162116922119,49,0,2,0,0,0,0,0,0,0,0,0,1,0.9423076923076923,0.0,0.038461538461538464,0.0,0.0,0.0,0.0,0.0,0.0,0.0,0.0,0.0,0.019230769230769232
0297,0324881,Adenocarcinoma low grade,0.16281580924987793,0.16281580924987793,64,0.9929536970470406,60,2,1,0,0,0,1,0,0,0,0,0,0,0.9375,0.03125,0.015625,0.0,0.0,0.0,0.015625,0.0,0.0,0.0,0.0,0.0,0.0
0297,0345019,Adenocarcinoma low grade,0.16381363570690155,0.16381363570690155,66,0.9759187598365804,58,0,3,0,0,0,3,0,1,0,0,1,0,0.8787878787878788,0.0,0.045454545454545456,0.0,0.0,0.0,0.045454545454545456,0.0,0.015151515151515152,0.0,0.0,0.015151515151515152,0.0
0297,0367805,Adenocarcinoma low grade,0.1622427999973297,0.1622427999973297,67,0.9825441845694949,67,0,0,0,0,0,0,0,0,0,0,0,0,1.0,0.0,0.0,0.0,0.0,0.0,0.0,0.0,0.0,0.0,0.0,0.0,0.0
0297,0398172,Adenocarcinoma low grade,0.16102074086666107,0.16102074086666107,64,0.9903329590413971,59,0,2,0,0,0,0,0,2,0,0,1,0,0.921875,0.0,0.03125,0.0,0.0,0.0,0.0,0.0,0.03125,0.0,0.0,0.015625,0.0
0297,0403010,Adenocarcinoma low grade,0.15881721675395966,0.15881721675395966,53,0.9924279982388227,49,0,1,0,0,0,3,0,0,0,0,0,0,0.9245283018867925,0.0,0.018867924528301886,0.0,0.0,0.0,0.05660377358490566,0.0,0.0,0.0,0.0,0.0,0.0
0297,0412040,Adenocarcinoma low grade,0.16001427173614502,0.16001427173614502,49,0.9997917480386606,48,0,1,0,0,0,0,0,0,0,0,0,0,0.9795918367346939,0.0,0.02040816326530612,0.0,0.0,0.0,0.0,0.0,0.0,0.0,0.0,0.0,0.0
0297,0455442,Adenocarcinoma low grade,0.15835365653038025,0.15835365653038025,89,0.9977889439638987,88,1,0,0,0,0,0,0,0,0,0,0,0,0.9887640449438202,0.011235955056179775,0.0,0.0,0.0,0.0,0.0,0.0,0.0,0.0,0.0,0.0,0.0
0297,0559370,Adenocarcinoma low grade,0.1624266505241394,0.1624266505241394,51,0.9742945914778919,46,0,3,0,0,0,0,0,2,0,0,0,0,0.9019607843137255,0.0,0.058823529411764705,0.0,0.0,0.0,0.0,0.0,0.0392156862745098,0.0,0.0,0.0,0.0
0297,0595661,Adenocarcinoma low grade,0.15666010975837708,0.15666010975837708,32,0.985308746789502,26,0,4,0,0,0,1,0,1,0,0,0,0,0.8125,0.0,0.125,0.0,0.0,0.0,0.03125,0.0,0.03125,0.0,0.0,0.0,0.0
0297,0599873,Adenocarcinoma low grade,0.16356171667575836,0.16356171667575836,60,0.9783737181386507,56,0,0,0,0,0,0,0,4,0,0,0,0,0.9333333333333333,0.0,0.0,0.0,0.0,0.0,0.0,0.0,0.06666666666666667,0.0,0.0,0.0,0.0
0297,0599958,Adenocarcinoma low grade,0.15998639166355133,0.15998639166355133,61,0.9893581894420846,61,0,0,0,0,0,0,0,0,0,0,0,0,1.0,0.0,0.0,0.0,0.0,0.0,0.0,0.0,0.0,0.0,0.0,0.0,0.0
0297,0605822,Adenocarcinoma low grade,0.15861663222312927,0.15861663222312927,49,0.9913104085522856,49,0,0,0,0,0,0,0,0,0,0,0,0,1.0,0.0,0.0,0.0,0.0,0.0,0.0,0.0,0.0,0.0,0.0,0.0,0.0
0297,0627504,Adenocarcinoma low grade,0.1633753627538681,0.1633753627538681,44,0.9598982831336914,43,0,0,0,0,0,0,0,1,0,0,0,0,0.9772727272727273,0.0,0.0,0.0,0.0,0.0,0.0,0.0,0.022727272727272728,0.0,0.0,0.0,0.0
0297,0638803,Adenocarcinoma low grade,0.16355320811271667,0.16355320811271667,50,0.9626512757893034,38,1,5,2,0,0,3,0,1,0,0,0,0,0.76,0.02,0.1,0.04,0.0,0.0,0.06,0.0,0.02,0.0,0.0,0.0,0.0
0297,0673225,Adenocarcinoma low grade,0.16280828416347504,0.16280828416347504,64,0.983691934925912,53,3,3,0,0,0,4,0,1,0,0,0,0,0.828125,0.046875,0.046875,0.0,0.0,0.0,0.0625,0.0,0.015625,0.0,0.0,0.0,0.0
0297,0783130,Adenocarcinoma low grade,0.1557525247335434,0.1557525247335434,88,0.9992340952468592,88,0,0,0,0,0,0,0,0,0,0,0,0,1.0,0.0,0.0,0.0,0.0,0.0,0.0,0.0,0.0,0.0,0.0,0.0,0.0
0297,0788615,Adenocarcinoma low grade,0.162582665681839,0.162582665681839,50,0.9989271982713285,48,0,0,0,0,0,0,0,2,0,0,0,0,0.96,0.0,0.0,0.0,0.0,0.0,0.0,0.0,0.04,0.0,0.0,0.0,0.0
0297,0858947,Adenocarcinoma low grade,0.1618846207857132,0.1618846207857132,58,0.9768655399870849,40,4,7,0,0,0,2,0,5,0,0,0,0,0.6896551724137931,0.06896551724137931,0.1206896551724138,0.0,0.0,0.0,0.034482758620689655,0.0,0.08620689655172414,0.0,0.0,0.0,0.0
0297,0874369,Adenocarcinoma low grade,0.16055887937545776,0.16055887937545776,44,0.9983769212914543,42,0,0,0,0,0,0,0,0,0,0,2,0,0.9545454545454546,0.0,0.0,0.0,0.0,0.0,0.0,0.0,0.0,0.0,0.0,0.045454545454545456,0.0
0297,0896910,Adenocarcinoma low grade,0.15589122474193573,0.15589122474193573,55,0.9814068253925359,45,0,4,0,0,0,3,0,3,0,0,0,0,0.8181818181818182,0.0,0.07272727272727272,0.0,0.0,0.0,0.05454545454545454,0.0,0.05454545454545454,0.0,0.0,0.0,0.0
0297,0913888,Adenocarcinoma low grade,0.1625017523765564,0.1625017523765564,41,0.9707447870556831,38,0,1,0,0,0,0,0,2,0,0,0,0,0.926829268292683,0.0,0.024390243902439025,0.0,0.0,0.0,0.0,0.0,0.04878048780487805,0.0,0.0,0.0,0.0
0297,0925129,Adenocarcinoma low grade,0.16286836564540863,0.16286836564540863,54,0.9885871229258514,52,0,1,0,0,0,0,0,1,0,0,0,0,0.9629629629629629,0.0,0.018518518518518517,0.0,0.0,0.0,0.0,0.0,0.018518518518518517,0.0,0.0,0.0,0.0
0297,0938281,Adenocarcinoma low grade,0.16323673725128174,0.16323673725128174,59,0.9900337516313809,51,1,4,0,0,0,1,0,2,0,0,0,0,0.864406779661017,0.01694915254237288,0.06779661016949153,0.0,0.0,0.0,0.01694915254237288,0.0,0.03389830508474576,0.0,0.0,0.0,0.0
0297,0945812,Adenocarcinoma low grade,0.1610458493232727,0.1610458493232727,54,0.9778105449884964,41,2,2,0,0,0,0,0,9,0,0,0,0,0.7592592592592593,0.037037037037037035,0.037037037037037035,0.0,0.0,0.0,0.0,0.0,0.16666666666666666,0.0,0.0,0.0,0.0
0297,0951532,Adenocarcinoma low grade,0.158551886677742,0.158551886677742,43,0.9651117598755564,35,0,1,0,0,0,2,0,5,0,0,0,0,0.813953488372093,0.0,0.023255813953488372,0.0,0.0,0.0,0.046511627906976744,0.0,0.11627906976744186,0.0,0.0,0.0,0.0
0297,0951927,Adenocarcinoma low grade,0.16215018928050995,0.16215018928050995,52,0.9682424646341534,29,0,3,0,0,0,0,0,20,0,0,0,0,0.5576923076923077,0.0,0.057692307692307696,0.0,0.0,0.0,0.0,0.0,0.38461538461538464,0.0,0.0,0.0,0.0
0297,0967433,Adenocarcinoma low grade,0.16069968044757843,0.16069968044757843,64,0.9767243516608433,46,2,1,0,0,0,1,0,13,0,0,1,0,0.71875,0.03125,0.015625,0.0,0.0,0.0,0.015625,0.0,0.203125,0.0,0.0,0.015625,0.0
0297,0993155,Adenocarcinoma low grade,0.16470693051815033,0.16470693051815033,66,0.9775562126952966,64,0,1,0,0,0,0,0,1,0,0,0,0,0.9696969696969697,0.0,0.015151515151515152,0.0,0.0,0.0,0.0,0.0,0.015151515151515152,0.0,0.0,0.0,0.0
0300,0035785,Adenocarcinoma low grade,0.1655808389186859,0.1655808389186859,85,0.9996593950955979,75,0,10,0,0,0,0,0,0,0,0,0,0,0.8823529411764706,0.0,0.11764705882352941,0.0,0.0,0.0,0.0,0.0,0.0,0.0,0.0,0.0,0.0
0300,0039132,Adenocarcinoma low grade,0.15726441144943237,0.15726441144943237,69,0.9783274995521056,58,4,3,0,0,0,2,0,2,0,0,0,0,0.8405797101449275,0.057971014492753624,0.043478260869565216,0.0,0.0,0.0,0.028985507246376812,0.0,0.028985507246376812,0.0,0.0,0.0,0.0
0300,0047912,Adenocarcinoma low grade,0.16523340344429016,0.16523340344429016,67,0.947416365525599,67,0,0,0,0,0,0,0,0,0,0,0,0,1.0,0.0,0.0,0.0,0.0,0.0,0.0,0.0,0.0,0.0,0.0,0.0,0.0
0300,0050946,Adenocarcinoma low grade,0.16394904255867004,0.16394904255867004,116,0.9924137229258656,109,1,6,0,0,0,0,0,0,0,0,0,0,0.9396551724137931,0.008620689655172414,0.05172413793103448,0.0,0.0,0.0,0.0,0.0,0.0,0.0,0.0,0.0,0.0
0300,0053190,Adenocarcinoma low grade,0.15970808267593384,0.15970808267593384,80,0.9999999932830992,79,0,0,0,0,0,1,0,0,0,0,0,0,0.9875,0.0,0.0,0.0,0.0,0.0,0.0125,0.0,0.0,0.0,0.0,0.0,0.0
0300,0101470,Adenocarcinoma low grade,0.1616869419813156,0.1616869419813156,64,0.9875181563548471,49,3,10,0,0,0,0,0,2,0,0,0,0,0.765625,0.046875,0.15625,0.0,0.0,0.0,0.0,0.0,0.03125,0.0,0.0,0.0,0.0
0300,0109631,Adenocarcinoma low grade,0.15702781081199646,0.15702781081199646,107,0.9795105881851734,82,7,17,0,0,1,0,0,0,0,0,0,0,0.7663551401869159,0.06542056074766354,0.1588785046728972,0.0,0.0,0.009345794392523364,0.0,0.0,0.0,0.0,0.0,0.0,0.0
0300,0127706,Adenocarcinoma low grade,0.16598494350910187,0.16598494350910187,81,0.9975188797800821,79,0,0,0,0,0,0,0,0,0,0,0,2,0.9753086419753086,0.0,0.0,0.0,0.0,0.0,0.0,0.0,0.0,0.0,0.0,0.0,0.024691358024691357
0300,0140256,Adenocarcinoma low grade,0.1685377061367035,0.1685377061367035,87,0.9381897631701286,44,0,0,2,0,1,0,0,1,0,0,0,39,0.5057471264367817,0.0,0.0,0.022988505747126436,0.0,0.011494252873563218,0.0,0.0,0.011494252873563218,0.0,0.0,0.0,0.4482758620689655
0300,0141405,Adenocarcinoma low grade,0.15253470838069916,0.15253470838069916,95,0.9809542877777429,73,3,18,0,0,0,0,0,1,0,0,0,0,0.7684210526315789,0.031578947368421054,0.18947368421052632,0.0,0.0,0.0,0.0,0.0,0.010526315789473684,0.0,0.0,0.0,0.0
0300,0144126,Adenocarcinoma low grade,0.16204679012298584,0.16204679012298584,84,0.9412194751244052,66,2,1,0,0,0,3,0,12,0,0,0,0,0.7857142857142857,0.023809523809523808,0.011904761904761904,0.0,0.0,0.0,0.03571428571428571,0.0,0.14285714285714285,0.0,0.0,0.0,0.0
0300,0159912,Adenocarcinoma low grade,0.1604597270488739,0.1604597270488739,78,0.9559406922327646,68,4,2,1,0,0,0,0,2,0,0,0,1,0.8717948717948718,0.05128205128205128,0.02564102564102564,0.01282051282051282,0.0,0.0,0.0,0.0,0.02564102564102564,0.0,0.0,0.0,0.01282051282051282
0300,0163085,Adenocarcinoma low grade,0.15826968848705292,0.15826968848705292,92,0.9787004012283907,83,4,5,0,0,0,0,0,0,0,0,0,0,0.9021739130434783,0.043478260869565216,0.05434782608695652,0.0,0.0,0.0,0.0,0.0,0.0,0.0,0.0,0.0,0.0
0300,0194027,Adenocarcinoma low grade,0.15465450286865234,0.15465450286865234,85,0.9829595270693062,75,2,6,0,0,1,0,0,1,0,0,0,0,0.8823529411764706,0.023529411764705882,0.07058823529411765,0.0,0.0,0.011764705882352941,0.0,0.0,0.011764705882352941,0.0,0.0,0.0,0.0
0300,0228724,Adenocarcinoma low grade,0.15223746001720428,0.15223746001720428,106,0.9958586563141557,104,0,2,0,0,0,0,0,0,0,0,0,0,0.9811320754716981,0.0,0.018867924528301886,0.0,0.0,0.0,0.0,0.0,0.0,0.0,0.0,0.0,0.0
0300,0236818,Adenocarcinoma low grade,0.15442664921283722,0.15442664921283722,100,0.9980547038624953,100,0,0,0,0,0,0,0,0,0,0,0,0,1.0,0.0,0.0,0.0,0.0,0.0,0.0,0.0,0.0,0.0,0.0,0.0,0.0
0300,0239369,Adenocarcinoma low grade,0.15400119125843048,0.15400119125843048,109,0.991141238752494,102,1,5,0,0,0,0,0,0,0,0,0,1,0.9357798165137615,0.009174311926605505,0.045871559633027525,0.0,0.0,0.0,0.0,0.0,0.0,0.0,0.0,0.0,0.009174311926605505
0300,0251708,Adenocarcinoma low grade,0.15827196836471558,0.15827196836471558,91,0.993333229601985,87,0,3,0,0,0,0,0,1,0,0,0,0,0.9560439560439561,0.0,0.03296703296703297,0.0,0.0,0.0,0.0,0.0,0.01098901098901099,0.0,0.0,0.0,0.0
0300,0274144,Adenocarcinoma low grade,0.16148625314235687,0.16148625314235687,87,0.9749442010218774,80,1,5,0,0,0,0,0,1,0,0,0,0,0.9195402298850575,0.011494252873563218,0.05747126436781609,0.0,0.0,0.0,0.0,0.0,0.011494252873563218,0.0,0.0,0.0,0.0
0300,0311686,Adenocarcinoma low grade,0.15832854807376862,0.15832854807376862,89,0.9933079610491514,86,0,3,0,0,0,0,0,0,0,0,0,0,0.9662921348314607,0.0,0.033707865168539325,0.0,0.0,0.0,0.0,0.0,0.0,0.0,0.0,0.0,0.0
0300,0385735,Adenocarcinoma low grade,0.16372080147266388,0.16372080147266388,93,0.9888596846911367,88,0,1,0,0,0,1,0,0,0,0,0,3,0.946236559139785,0.0,0.010752688172043012,0.0,0.0,0.0,0.010752688172043012,0.0,0.0,0.0,0.0,0.0,0.03225806451612903
0300,0391590,Adenocarcinoma low grade,0.1669086515903473,0.1669086515903473,107,0.9932208887566265,101,4,1,0,0,0,0,0,1,0,0,0,0,0.9439252336448598,0.037383177570093455,0.009345794392523364,0.0,0.0,0.0,0.0,0.0,0.009345794392523364,0.0,0.0,0.0,0.0
0300,0438459,Adenocarcinoma low grade,0.1601186841726303,0.1601186841726303,70,0.9980868372998201,69,1,0,0,0,0,0,0,0,0,0,0,0,0.9857142857142858,0.014285714285714285,0.0,0.0,0.0,0.0,0.0,0.0,0.0,0.0,0.0,0.0,0.0
0300,0439728,Adenocarcinoma low grade,0.1642618328332901,0.1642618328332901,115,0.986201382433973,105,0,8,0,0,0,0,0,2,0,0,0,0,0.9130434782608695,0.0,0.06956521739130435,0.0,0.0,0.0,0.0,0.0,0.017391304347826087,0.0,0.0,0.0,0.0
0300,0457899,Adenocarcinoma low grade,0.1516019105911255,0.1516019105911255,126,0.9788738036935134,123,0,2,0,0,0,0,0,0,0,0,0,1,0.9761904761904762,0.0,0.015873015873015872,0.0,0.0,0.0,0.0,0.0,0.0,0.0,0.0,0.0,0.007936507936507936
0300,0476494,Adenocarcinoma low grade,0.15787142515182495,0.15787142515182495,98,0.993457735924764,95,3,0,0,0,0,0,0,0,0,0,0,0,0.9693877551020408,0.030612244897959183,0.0,0.0,0.0,0.0,0.0,0.0,0.0,0.0,0.0,0.0,0.0
0300,0506527,Adenocarcinoma low grade,0.15558576583862305,0.15558576583862305,74,0.9999999932892023,71,0,0,0,0,0,0,0,3,0,0,0,0,0.9594594594594594,0.0,0.0,0.0,0.0,0.0,0.0,0.0,0.04054054054054054,0.0,0.0,0.0,0.0
0300,0576214,Adenocarcinoma low grade,0.16285434365272522,0.16285434365272522,39,0.9885568575934692,39,0,0,0,0,0,0,0,0,0,0,0,0,1.0,0.0,0.0,0.0,0.0,0.0,0.0,0.0,0.0,0.0,0.0,0.0,0.0
0300,0579064,Adenocarcinoma low grade,0.16043594479560852,0.16043594479560852,87,0.9967516151759536,87,0,0,0,0,0,0,0,0,0,0,0,0,1.0,0.0,0.0,0.0,0.0,0.0,0.0,0.0,0.0,0.0,0.0,0.0,0.0
0300,0583509,Adenocarcinoma low grade,0.15891776978969574,0.15891776978969574,112,0.9976507475539995,110,1,1,0,0,0,0,0,0,0,0,0,0,0.9821428571428571,0.008928571428571428,0.008928571428571428,0.0,0.0,0.0,0.0,0.0,0.0,0.0,0.0,0.0,0.0
0300,0594962,Adenocarcinoma low grade,0.15451756119728088,0.15451756119728088,103,0.9959685779714024,102,0,0,0,0,0,0,0,1,0,0,0,0,0.9902912621359223,0.0,0.0,0.0,0.0,0.0,0.0,0.0,0.009708737864077669,0.0,0.0,0.0,0.0
0300,0623159,Adenocarcinoma low grade,0.15249785780906677,0.15249785780906677,62,0.9985398713143615,62,0,0,0,0,0,0,0,0,0,0,0,0,1.0,0.0,0.0,0.0,0.0,0.0,0.0,0.0,0.0,0.0,0.0,0.0,0.0
0300,0648858,Adenocarcinoma low grade,0.16737857460975647,0.16737857460975647,86,0.9900451162405003,80,2,2,0,0,0,0,0,2,0,0,0,0,0.9302325581395349,0.023255813953488372,0.023255813953488372,0.0,0.0,0.0,0.0,0.0,0.023255813953488372,0.0,0.0,0.0,0.0
0300,0650321,Adenocarcinoma low grade,0.1664208620786667,0.1664208620786667,85,0.9949861919728559,84,0,1,0,0,0,0,0,0,0,0,0,0,0.9882352941176471,0.0,0.011764705882352941,0.0,0.0,0.0,0.0,0.0,0.0,0.0,0.0,0.0,0.0
0300,0660863,Adenocarcinoma low grade,0.16649827361106873,0.16649827361106873,101,0.9828279370534636,72,12,10,1,0,0,5,0,0,0,0,0,1,0.7128712871287128,0.1188118811881188,0.09900990099009901,0.009900990099009901,0.0,0.0,0.04950495049504951,0.0,0.0,0.0,0.0,0.0,0.009900990099009901
0300,0716050,Adenocarcinoma low grade,0.16596859693527222,0.16596859693527222,100,0.9735620254929732,83,3,12,0,0,0,0,0,1,0,0,1,0,0.83,0.03,0.12,0.0,0.0,0.0,0.0,0.0,0.01,0.0,0.0,0.01,0.0
0300,0720583,Adenocarcinoma low grade,0.16223210096359253,0.16223210096359253,82,0.9990431251078353,82,0,0,0,0,0,0,0,0,0,0,0,0,1.0,0.0,0.0,0.0,0.0,0.0,0.0,0.0,0.0,0.0,0.0,0.0,0.0
0300,0723216,Adenocarcinoma low grade,0.16488352417945862,0.16488352417945862,76,0.9727854815843401,68,3,2,0,0,2,1,0,0,0,0,0,0,0.8947368421052632,0.039473684210526314,0.02631578947368421,0.0,0.0,0.02631578947368421,0.013157894736842105,0.0,0.0,0.0,0.0,0.0,0.0
0300,0766070,Adenocarcinoma low grade,0.15140116214752197,0.15140116214752197,84,0.9889336124895959,84,0,0,0,0,0,0,0,0,0,0,0,0,1.0,0.0,0.0,0.0,0.0,0.0,0.0,0.0,0.0,0.0,0.0,0.0,0.0
0300,0775418,Adenocarcinoma low grade,0.16013076901435852,0.16013076901435852,77,0.9758321079732315,67,7,1,0,0,0,2,0,0,0,0,0,0,0.8701298701298701,0.09090909090909091,0.012987012987012988,0.0,0.0,0.0,0.025974025974025976,0.0,0.0,0.0,0.0,0.0,0.0
0300,0799199,Adenocarcinoma low grade,0.16428932547569275,0.16428932547569275,92,0.9598321813967579,54,11,24,0,0,0,1,0,0,0,2,0,0,0.5869565217391305,0.11956521739130435,0.2608695652173913,0.0,0.0,0.0,0.010869565217391304,0.0,0.0,0.0,0.021739130434782608,0.0,0.0
0300,0825542,Adenocarcinoma low grade,0.16683106124401093,0.16683106124401093,120,0.9961194174815249,120,0,0,0,0,0,0,0,0,0,0,0,0,1.0,0.0,0.0,0.0,0.0,0.0,0.0,0.0,0.0,0.0,0.0,0.0,0.0
0300,0845133,Adenocarcinoma low grade,0.1519984006881714,0.1519984006881714,76,0.9810362842142875,76,0,0,0,0,0,0,0,0,0,0,0,0,1.0,0.0,0.0,0.0,0.0,0.0,0.0,0.0,0.0,0.0,0.0,0.0,0.0
0300,0931416,Adenocarcinoma low grade,0.16590501368045807,0.16590501368045807,104,0.9989029676617965,102,1,0,0,0,0,0,0,1,0,0,0,0,0.9807692307692307,0.009615384615384616,0.0,0.0,0.0,0.0,0.0,0.0,0.009615384615384616,0.0,0.0,0.0,0.0
0300,0948778,Adenocarcinoma low grade,0.16712062060832977,0.16712062060832977,80,0.9868932693131125,75,1,1,0,0,0,3,0,0,0,0,0,0,0.9375,0.0125,0.0125,0.0,0.0,0.0,0.0375,0.0,0.0,0.0,0.0,0.0,0.0
0300,0963551,Adenocarcinoma low grade,0.16050447523593903,0.16050447523593903,84,0.997758745532157,83,1,0,0,0,0,0,0,0,0,0,0,0,0.9880952380952381,0.011904761904761904,0.0,0.0,0.0,0.0,0.0,0.0,0.0,0.0,0.0,0.0,0.0
0300,0983473,Adenocarcinoma low grade,0.1608605980873108,0.1608605980873108,90,0.9945855627699319,89,0,0,0,0,0,1,0,0,0,0,0,0,0.9888888888888889,0.0,0.0,0.0,0.0,0.0,0.011111111111111112,0.0,0.0,0.0,0.0,0.0,0.0
0300,0987503,Adenocarcinoma low grade,0.1682000309228897,0.1682000309228897,82,0.9470275119808321,62,5,5,0,0,1,0,1,7,0,0,0,1,0.7560975609756098,0.06097560975609756,0.06097560975609756,0.0,0.0,0.012195121951219513,0.0,0.012195121951219513,0.08536585365853659,0.0,0.0,0.0,0.012195121951219513
0300,1038616,Adenocarcinoma low grade,0.1651373952627182,0.1651373952627182,86,0.9890141380628116,80,3,3,0,0,0,0,0,0,0,0,0,0,0.9302325581395349,0.03488372093023256,0.03488372093023256,0.0,0.0,0.0,0.0,0.0,0.0,0.0,0.0,0.0,0.0
0300,1038690,Adenocarcinoma low grade,0.15307435393333435,0.15307435393333435,98,0.998459060674386,98,0,0,0,0,0,0,0,0,0,0,0,0,1.0,0.0,0.0,0.0,0.0,0.0,0.0,0.0,0.0,0.0,0.0,0.0,0.0
0306,0435528,Adenocarcinoma low grade,0.20007961988449097,0.20007961988449097,53,0.9777295896118046,49,0,1,0,0,0,0,0,0,0,0,0,3,0.9245283018867925,0.0,0.018867924528301886,0.0,0.0,0.0,0.0,0.0,0.0,0.0,0.0,0.0,0.05660377358490566
0306,1019872,Adenocarcinoma low grade,0.21813730895519257,0.21813730895519257,58,0.9808678187903604,51,0,0,0,0,0,0,0,0,0,0,1,6,0.8793103448275862,0.0,0.0,0.0,0.0,0.0,0.0,0.0,0.0,0.0,0.0,0.017241379310344827,0.10344827586206896
0310,0047172,Adenocarcinoma low grade,0.04951748251914978,0.04951748251914978,86,0.9332602831021428,35,18,12,0,0,0,21,0,0,0,0,0,0,0.4069767441860465,0.20930232558139536,0.13953488372093023,0.0,0.0,0.0,0.2441860465116279,0.0,0.0,0.0,0.0,0.0,0.0
0310,0313430,Adenocarcinoma low grade,0.09840729832649231,0.09840729832649231,71,0.9495019331084317,39,8,11,0,0,6,6,0,0,0,0,0,1,0.5492957746478874,0.11267605633802817,0.15492957746478872,0.0,0.0,0.08450704225352113,0.08450704225352113,0.0,0.0,0.0,0.0,0.0,0.014084507042253521
0310,0637285,Adenocarcinoma low grade,0.09998978674411774,0.09998978674411774,68,0.9524071108730001,34,5,19,0,0,0,0,1,8,0,0,0,1,0.5,0.07352941176470588,0.27941176470588236,0.0,0.0,0.0,0.0,0.014705882352941176,0.11764705882352941,0.0,0.0,0.0,0.014705882352941176
0310,0685470,Adenocarcinoma low grade,0.07852257788181305,0.07852257788181305,79,0.9669298501652356,45,15,2,0,0,4,11,0,0,0,1,0,1,0.569620253164557,0.189873417721519,0.02531645569620253,0.0,0.0,0.05063291139240506,0.13924050632911392,0.0,0.0,0.0,0.012658227848101266,0.0,0.012658227848101266
0310,0883788,Adenocarcinoma low grade,0.07203248888254166,0.07203248888254166,67,0.8913629225820842,26,8,6,1,0,6,17,0,2,0,0,0,1,0.3880597014925373,0.11940298507462686,0.08955223880597014,0.014925373134328358,0.0,0.08955223880597014,0.2537313432835821,0.0,0.029850746268656716,0.0,0.0,0.0,0.014925373134328358
0310,0944879,Adenocarcinoma low grade,0.11563491821289062,0.11563491821289062,59,0.9867816535801273,34,6,15,0,0,0,3,0,0,0,0,0,1,0.576271186440678,0.1016949152542373,0.2542372881355932,0.0,0.0,0.0,0.05084745762711865,0.0,0.0,0.0,0.0,0.0,0.01694915254237288
0310,0967711,Adenocarcinoma low grade,0.1343299299478531,0.1343299299478531,29,0.9728436159662827,26,0,1,0,0,0,0,0,1,0,0,0,1,0.896551724137931,0.0,0.034482758620689655,0.0,0.0,0.0,0.0,0.0,0.034482758620689655,0.0,0.0,0.0,0.034482758620689655
0310,0972023,Adenocarcinoma low grade,0.1156865805387497,0.1156865805387497,37,0.9442913874869601,24,3,3,0,0,1,5,0,0,0,0,0,1,0.6486486486486487,0.08108108108108109,0.08108108108108109,0.0,0.0,0.02702702702702703,0.13513513513513514,0.0,0.0,0.0,0.0,0.0,0.02702702702702703
0341,0029627,Adenocarcinoma low grade,0.22351057827472687,0.22351057827472687,67,0.9996683194628685,67,0,0,0,0,0,0,0,0,0,0,0,0,1.0,0.0,0.0,0.0,0.0,0.0,0.0,0.0,0.0,0.0,0.0,0.0,0.0
0341,0213006,Adenocarcinoma low grade,0.22811365127563477,0.22811365127563477,66,0.9717415168576006,66,0,0,0,0,0,0,0,0,0,0,0,0,1.0,0.0,0.0,0.0,0.0,0.0,0.0,0.0,0.0,0.0,0.0,0.0,0.0
0341,0349005,Adenocarcinoma low grade,0.2340640425682068,0.2340640425682068,83,0.9961418692446397,81,0,1,0,0,0,0,0,0,0,0,1,0,0.9759036144578314,0.0,0.012048192771084338,0.0,0.0,0.0,0.0,0.0,0.0,0.0,0.0,0.012048192771084338,0.0
0341,0508635,Adenocarcinoma low grade,0.22951291501522064,0.22951291501522064,64,0.9965639836003307,59,0,2,0,0,0,2,0,0,0,0,1,0,0.921875,0.0,0.03125,0.0,0.0,0.0,0.03125,0.0,0.0,0.0,0.0,0.015625,0.0
0341,0648258,Adenocarcinoma low grade,0.1965646594762802,0.1965646594762802,30,0.9782734181508599,17,1,11,0,0,0,0,0,1,0,0,0,0,0.5666666666666667,0.03333333333333333,0.36666666666666664,0.0,0.0,0.0,0.0,0.0,0.03333333333333333,0.0,0.0,0.0,0.0
0341,0701732,Adenocarcinoma low grade,0.2360590398311615,0.2360590398311615,71,0.9877408101365054,65,0,5,0,0,0,0,0,0,0,0,0,1,0.9154929577464789,0.0,0.07042253521126761,0.0,0.0,0.0,0.0,0.0,0.0,0.0,0.0,0.0,0.014084507042253521
0341,0727471,Adenocarcinoma low grade,0.21232138574123383,0.21232138574123383,62,0.9362964271345801,49,1,0,0,0,5,2,0,1,0,0,1,3,0.7903225806451613,0.016129032258064516,0.0,0.0,0.0,0.08064516129032258,0.03225806451612903,0.0,0.016129032258064516,0.0,0.0,0.016129032258064516,0.04838709677419355
0341,0774262,Adenocarcinoma low grade,0.2296643704175949,0.2296643704175949,47,0.9809879882053658,40,0,6,0,0,0,0,0,0,0,0,0,1,0.851063829787234,0.0,0.1276595744680851,0.0,0.0,0.0,0.0,0.0,0.0,0.0,0.0,0.0,0.02127659574468085
0341,0898116,Adenocarcinoma low grade,0.21479201316833496,0.21479201316833496,71,0.9872644298580208,61,1,6,0,0,0,0,0,1,0,0,2,0,0.8591549295774648,0.014084507042253521,0.08450704225352113,0.0,0.0,0.0,0.0,0.0,0.014084507042253521,0.0,0.0,0.028169014084507043,0.0
0341,0944873,Adenocarcinoma low grade,0.22034311294555664,0.22034311294555664,44,0.9510892219998407,29,0,10,0,0,0,0,2,2,0,0,1,0,0.6590909090909091,0.0,0.22727272727272727,0.0,0.0,0.0,0.0,0.045454545454545456,0.045454545454545456,0.0,0.0,0.022727272727272728,0.0
0365,0129449,Adenocarcinoma low grade,0.26379501819610596,0.26379501819610596,61,0.995917618231793,54,0,2,0,0,0,0,0,0,0,0,0,5,0.8852459016393442,0.0,0.03278688524590164,0.0,0.0,0.0,0.0,0.0,0.0,0.0,0.0,0.0,0.08196721311475409
0365,0424002,Adenocarcinoma low grade,0.2607809901237488,0.2607809901237488,64,0.9837664586320208,61,0,2,0,0,0,0,0,1,0,0,0,0,0.953125,0.0,0.03125,0.0,0.0,0.0,0.0,0.0,0.015625,0.0,0.0,0.0,0.0
0365,0580289,Adenocarcinoma low grade,0.3619859516620636,0.3619859516620636,51,0.9924633496679754,47,0,2,0,0,0,2,0,0,0,0,0,0,0.9215686274509803,0.0,0.0392156862745098,0.0,0.0,0.0,0.0392156862745098,0.0,0.0,0.0,0.0,0.0,0.0
0365,0583694,Adenocarcinoma low grade,0.358254075050354,0.358254075050354,86,0.9589720108602222,71,0,4,0,0,5,3,0,0,0,0,2,1,0.8255813953488372,0.0,0.046511627906976744,0.0,0.0,0.05813953488372093,0.03488372093023256,0.0,0.0,0.0,0.0,0.023255813953488372,0.011627906976744186
0365,0813595,Adenocarcinoma low grade,0.3880913555622101,0.3880913555622101,78,0.9343663104134293,49,8,6,0,0,2,12,0,0,0,0,1,0,0.6282051282051282,0.10256410256410256,0.07692307692307693,0.0,0.0,0.02564102564102564,0.15384615384615385,0.0,0.0,0.0,0.0,0.01282051282051282,0.0
0365,0841001,Adenocarcinoma low grade,0.3405674695968628,0.3405674695968628,51,0.9632891712263316,41,1,4,0,0,0,4,0,0,0,0,0,1,0.803921568627451,0.0196078431372549,0.0784313725490196,0.0,0.0,0.0,0.0784313725490196,0.0,0.0,0.0,0.0,0.0,0.0196078431372549
0365,0866479,Adenocarcinoma low grade,0.35241037607192993,0.35241037607192993,73,0.9711532798823457,59,5,1,0,0,0,6,0,0,0,0,0,2,0.8082191780821918,0.0684931506849315,0.0136986301369863,0.0,0.0,0.0,0.0821917808219178,0.0,0.0,0.0,0.0,0.0,0.0273972602739726
0367,0043078,Adenocarcinoma low grade,0.15141387283802032,0.15141387283802032,48,0.9971612488210031,45,0,0,0,0,1,0,0,0,0,0,0,2,0.9375,0.0,0.0,0.0,0.0,0.020833333333333332,0.0,0.0,0.0,0.0,0.0,0.0,0.041666666666666664
0367,0087166,Adenocarcinoma low grade,0.15410038828849792,0.15410038828849792,77,0.9669358647747774,62,9,1,1,0,0,3,0,0,0,0,0,1,0.8051948051948052,0.11688311688311688,0.012987012987012988,0.012987012987012988,0.0,0.0,0.03896103896103896,0.0,0.0,0.0,0.0,0.0,0.012987012987012988
0367,0141489,Adenocarcinoma low grade,0.15194173157215118,0.15194173157215118,51,0.97286335912873,51,0,0,0,0,0,0,0,0,0,0,0,0,1.0,0.0,0.0,0.0,0.0,0.0,0.0,0.0,0.0,0.0,0.0,0.0,0.0
0367,0157780,Adenocarcinoma low grade,0.1462790071964264,0.1462790071964264,64,0.9333460242423942,34,14,8,1,0,0,5,0,2,0,0,0,0,0.53125,0.21875,0.125,0.015625,0.0,0.0,0.078125,0.0,0.03125,0.0,0.0,0.0,0.0
0367,0171130,Adenocarcinoma low grade,0.16520272195339203,0.16520272195339203,77,0.9733325205500837,63,1,1,0,0,3,3,0,4,0,0,0,2,0.8181818181818182,0.012987012987012988,0.012987012987012988,0.0,0.0,0.03896103896103896,0.03896103896103896,0.0,0.05194805194805195,0.0,0.0,0.0,0.025974025974025976
0367,0217295,Adenocarcinoma low grade,0.03269992023706436,0.03269992023706436,62,0.9811852768673556,51,0,2,0,0,0,1,0,6,0,1,0,1,0.8225806451612904,0.0,0.03225806451612903,0.0,0.0,0.0,0.016129032258064516,0.0,0.0967741935483871,0.0,0.016129032258064516,0.0,0.016129032258064516
0367,0280240,Adenocarcinoma low grade,0.01096279639750719,0.01096279639750719,74,0.9743048674422702,57,3,10,0,0,0,4,0,0,0,0,0,0,0.7702702702702703,0.04054054054054054,0.13513513513513514,0.0,0.0,0.0,0.05405405405405406,0.0,0.0,0.0,0.0,0.0,0.0
0367,0280548,Adenocarcinoma low grade,0.15872393548488617,0.15872393548488617,52,0.9999999931879473,52,0,0,0,0,0,0,0,0,0,0,0,0,1.0,0.0,0.0,0.0,0.0,0.0,0.0,0.0,0.0,0.0,0.0,0.0,0.0
0367,0280915,Adenocarcinoma low grade,0.011743861250579357,0.011743861250579357,28,0.9660758386885292,1,0,0,0,0,0,0,0,0,0,27,0,0,0.03571428571428571,0.0,0.0,0.0,0.0,0.0,0.0,0.0,0.0,0.0,0.9642857142857143,0.0,0.0
0367,0295855,Adenocarcinoma low grade,0.10250359773635864,0.10250359773635864,55,0.9852607303765618,44,3,4,0,0,3,1,0,0,0,0,0,0,0.8,0.05454545454545454,0.07272727272727272,0.0,0.0,0.05454545454545454,0.01818181818181818,0.0,0.0,0.0,0.0,0.0,0.0
0367,0326590,Adenocarcinoma low grade,0.13990744948387146,0.13990744948387146,38,0.9941871824673502,36,1,1,0,0,0,0,0,0,0,0,0,0,0.9473684210526315,0.02631578947368421,0.02631578947368421,0.0,0.0,0.0,0.0,0.0,0.0,0.0,0.0,0.0,0.0
0367,0478202,Adenocarcinoma low grade,0.1507696807384491,0.1507696807384491,67,0.9945515629720101,65,0,0,0,0,1,0,0,0,0,0,0,1,0.9701492537313433,0.0,0.0,0.0,0.0,0.014925373134328358,0.0,0.0,0.0,0.0,0.0,0.0,0.014925373134328358
0367,0517213,Adenocarcinoma low grade,0.14726653695106506,0.14726653695106506,49,0.9846462468468331,48,0,0,0,0,0,0,0,0,0,0,0,1,0.9795918367346939,0.0,0.0,0.0,0.0,0.0,0.0,0.0,0.0,0.0,0.0,0.0,0.02040816326530612
0367,0705524,Adenocarcinoma low grade,0.0389629565179348,0.0389629565179348,86,0.9931664688284241,59,6,5,10,0,0,6,0,0,0,0,0,0,0.686046511627907,0.06976744186046512,0.05813953488372093,0.11627906976744186,0.0,0.0,0.06976744186046512,0.0,0.0,0.0,0.0,0.0,0.0
0367,0707070,Adenocarcinoma low grade,0.0949309691786766,0.0949309691786766,78,0.9518758405557812,73,1,0,1,0,0,2,0,0,0,1,0,0,0.9358974358974359,0.01282051282051282,0.0,0.01282051282051282,0.0,0.0,0.02564102564102564,0.0,0.0,0.0,0.01282051282051282,0.0,0.0
0367,0724896,Adenocarcinoma low grade,0.15409472584724426,0.15409472584724426,56,0.9862887337633273,49,4,2,0,0,0,1,0,0,0,0,0,0,0.875,0.07142857142857142,0.03571428571428571,0.0,0.0,0.0,0.017857142857142856,0.0,0.0,0.0,0.0,0.0,0.0
0367,0751269,Adenocarcinoma low grade,0.08488740026950836,0.08488740026950836,74,0.9918986533095652,68,6,0,0,0,0,0,0,0,0,0,0,0,0.918918918918919,0.08108108108108109,0.0,0.0,0.0,0.0,0.0,0.0,0.0,0.0,0.0,0.0,0.0
0367,0778756,Adenocarcinoma low grade,0.15304507315158844,0.15304507315158844,53,0.9999999943181016,53,0,0,0,0,0,0,0,0,0,0,0,0,1.0,0.0,0.0,0.0,0.0,0.0,0.0,0.0,0.0,0.0,0.0,0.0,0.0
0367,0786396,Adenocarcinoma low grade,0.1572694033384323,0.1572694033384323,57,0.9529753235448026,32,6,18,0,0,0,1,0,0,0,0,0,0,0.5614035087719298,0.10526315789473684,0.3157894736842105,0.0,0.0,0.0,0.017543859649122806,0.0,0.0,0.0,0.0,0.0,0.0
0367,0925995,Adenocarcinoma low grade,0.15115833282470703,0.15115833282470703,65,0.9105428054132246,38,2,0,0,0,5,0,0,0,0,1,0,19,0.5846153846153846,0.03076923076923077,0.0,0.0,0.0,0.07692307692307693,0.0,0.0,0.0,0.0,0.015384615384615385,0.0,0.2923076923076923
0367,0931578,Adenocarcinoma low grade,0.16319367289543152,0.16319367289543152,83,0.9727382452330589,71,2,7,0,0,0,2,0,0,0,0,0,1,0.8554216867469879,0.024096385542168676,0.08433734939759036,0.0,0.0,0.0,0.024096385542168676,0.0,0.0,0.0,0.0,0.0,0.012048192771084338
0367,0948932,Adenocarcinoma low grade,0.055970195680856705,0.055970195680856705,8,0.9403044716656745,8,0,0,0,0,0,0,0,0,0,0,0,0,1.0,0.0,0.0,0.0,0.0,0.0,0.0,0.0,0.0,0.0,0.0,0.0,0.0
0367,0955787,Adenocarcinoma low grade,0.1481190025806427,0.1481190025806427,25,0.9422124502670173,25,0,0,0,0,0,0,0,0,0,0,0,0,1.0,0.0,0.0,0.0,0.0,0.0,0.0,0.0,0.0,0.0,0.0,0.0,0.0
0367,0969007,Adenocarcinoma low grade,0.05531861633062363,0.05531861633062363,45,0.9729057701760048,34,1,3,0,0,0,0,0,7,0,0,0,0,0.7555555555555555,0.022222222222222223,0.06666666666666667,0.0,0.0,0.0,0.0,0.0,0.15555555555555556,0.0,0.0,0.0,0.0
0367,0979396,Adenocarcinoma low grade,0.023448454216122627,0.023448454216122627,30,0.8400291489357766,15,0,0,0,0,0,0,0,0,0,15,0,0,0.5,0.0,0.0,0.0,0.0,0.0,0.0,0.0,0.0,0.0,0.5,0.0,0.0
0394,0174631,Adenocarcinoma low grade,0.08422137796878815,0.08422137796878815,69,0.9617109755670507,58,3,0,0,0,0,5,0,0,0,0,0,3,0.8405797101449275,0.043478260869565216,0.0,0.0,0.0,0.0,0.07246376811594203,0.0,0.0,0.0,0.0,0.0,0.043478260869565216
0394,0251208,Adenocarcinoma low grade,0.13794933259487152,0.13794933259487152,52,0.9846500858036644,51,1,0,0,0,0,0,0,0,0,0,0,0,0.9807692307692307,0.019230769230769232,0.0,0.0,0.0,0.0,0.0,0.0,0.0,0.0,0.0,0.0,0.0
0394,0260934,Adenocarcinoma low grade,0.11442530155181885,0.11442530155181885,86,0.995017641505007,73,0,13,0,0,0,0,0,0,0,0,0,0,0.8488372093023255,0.0,0.1511627906976744,0.0,0.0,0.0,0.0,0.0,0.0,0.0,0.0,0.0,0.0
0394,0310236,Adenocarcinoma low grade,0.1304130256175995,0.1304130256175995,63,0.9474954386698746,42,1,4,0,0,1,3,0,3,0,0,0,9,0.6666666666666666,0.015873015873015872,0.06349206349206349,0.0,0.0,0.015873015873015872,0.047619047619047616,0.0,0.047619047619047616,0.0,0.0,0.0,0.14285714285714285
0394,0328240,Adenocarcinoma low grade,0.06069866567850113,0.06069866567850113,60,0.9829199830724076,58,0,2,0,0,0,0,0,0,0,0,0,0,0.9666666666666667,0.0,0.03333333333333333,0.0,0.0,0.0,0.0,0.0,0.0,0.0,0.0,0.0,0.0
0394,0417688,Adenocarcinoma low grade,0.1428804099559784,0.1428804099559784,65,0.9828040935688462,59,0,3,0,0,0,0,0,3,0,0,0,0,0.9076923076923077,0.0,0.046153846153846156,0.0,0.0,0.0,0.0,0.0,0.046153846153846156,0.0,0.0,0.0,0.0
0394,0423760,Adenocarcinoma low grade,0.10588636249303818,0.10588636249303818,73,0.9627340176222635,57,1,9,2,0,0,4,0,0,0,0,0,0,0.7808219178082192,0.0136986301369863,0.1232876712328767,0.0273972602739726,0.0,0.0,0.0547945205479452,0.0,0.0,0.0,0.0,0.0,0.0
0394,0535694,Adenocarcinoma low grade,0.08402807265520096,0.08402807265520096,57,0.945420422836208,37,3,4,1,0,2,7,0,3,0,0,0,0,0.6491228070175439,0.05263157894736842,0.07017543859649122,0.017543859649122806,0.0,0.03508771929824561,0.12280701754385964,0.0,0.05263157894736842,0.0,0.0,0.0,0.0
0394,0661949,Adenocarcinoma low grade,0.1413014829158783,0.1413014829158783,58,0.9948814587186819,55,0,2,0,0,0,1,0,0,0,0,0,0,0.9482758620689655,0.0,0.034482758620689655,0.0,0.0,0.0,0.017241379310344827,0.0,0.0,0.0,0.0,0.0,0.0
0411,0449951,Adenocarcinoma low grade,0.14615795016288757,0.14615795016288757,86,0.9912820131500539,78,1,7,0,0,0,0,0,0,0,0,0,0,0.9069767441860465,0.011627906976744186,0.08139534883720931,0.0,0.0,0.0,0.0,0.0,0.0,0.0,0.0,0.0,0.0
0411,0497457,Adenocarcinoma low grade,0.12002258002758026,0.12002258002758026,46,0.9762472550340549,38,3,4,0,0,0,0,0,1,0,0,0,0,0.8260869565217391,0.06521739130434782,0.08695652173913043,0.0,0.0,0.0,0.0,0.0,0.021739130434782608,0.0,0.0,0.0,0.0
0435,0011466,Adenocarcinoma low grade,0.16030485928058624,0.16030485928058624,73,0.9902877422862223,65,0,7,0,0,0,1,0,0,0,0,0,0,0.8904109589041096,0.0,0.0958904109589041,0.0,0.0,0.0,0.0136986301369863,0.0,0.0,0.0,0.0,0.0,0.0
0435,0028401,Adenocarcinoma low grade,0.14761711657047272,0.14761711657047272,58,0.9132591362763685,27,7,13,4,0,1,2,0,2,0,1,0,1,0.46551724137931033,0.1206896551724138,0.22413793103448276,0.06896551724137931,0.0,0.017241379310344827,0.034482758620689655,0.0,0.034482758620689655,0.0,0.017241379310344827,0.0,0.017241379310344827
0435,0079208,Adenocarcinoma low grade,0.16196992993354797,0.16196992993354797,64,0.9705852941628873,51,0,5,0,0,0,4,0,4,0,0,0,0,0.796875,0.0,0.078125,0.0,0.0,0.0,0.0625,0.0,0.0625,0.0,0.0,0.0,0.0
0435,0092488,Adenocarcinoma low grade,0.16497595608234406,0.16497595608234406,80,0.9248816371008779,35,3,23,7,0,1,11,0,0,0,0,0,0,0.4375,0.0375,0.2875,0.0875,0.0,0.0125,0.1375,0.0,0.0,0.0,0.0,0.0,0.0
0435,0096503,Adenocarcinoma low grade,0.16791602969169617,0.16791602969169617,55,0.9371723433064788,22,5,17,0,0,0,1,0,10,0,0,0,0,0.4,0.09090909090909091,0.3090909090909091,0.0,0.0,0.0,0.01818181818181818,0.0,0.18181818181818182,0.0,0.0,0.0,0.0
0435,0134850,Adenocarcinoma low grade,0.1604675054550171,0.1604675054550171,39,0.9886157522507651,33,0,0,1,0,0,4,0,1,0,0,0,0,0.8461538461538461,0.0,0.0,0.02564102564102564,0.0,0.0,0.10256410256410256,0.0,0.02564102564102564,0.0,0.0,0.0,0.0
0435,0235863,Adenocarcinoma low grade,0.1546356976032257,0.1546356976032257,58,0.9875935249677473,58,0,0,0,0,0,0,0,0,0,0,0,0,1.0,0.0,0.0,0.0,0.0,0.0,0.0,0.0,0.0,0.0,0.0,0.0,0.0
0435,0240938,Adenocarcinoma low grade,0.14681774377822876,0.14681774377822876,86,0.9719271857131229,59,4,20,0,0,0,3,0,0,0,0,0,0,0.686046511627907,0.046511627906976744,0.23255813953488372,0.0,0.0,0.0,0.03488372093023256,0.0,0.0,0.0,0.0,0.0,0.0
0435,0286132,Adenocarcinoma low grade,0.15178149938583374,0.15178149938583374,100,0.9727247469398186,88,3,6,0,0,0,0,0,3,0,0,0,0,0.88,0.03,0.06,0.0,0.0,0.0,0.0,0.0,0.03,0.0,0.0,0.0,0.0
0435,0301381,Adenocarcinoma low grade,0.16022004187107086,0.16022004187107086,62,0.9816884547863662,56,0,0,0,0,0,2,0,2,0,0,0,2,0.9032258064516129,0.0,0.0,0.0,0.0,0.0,0.03225806451612903,0.0,0.03225806451612903,0.0,0.0,0.0,0.03225806451612903
0435,0331257,Adenocarcinoma low grade,0.16117261350154877,0.16117261350154877,81,0.9832381077302673,70,1,9,0,0,0,1,0,0,0,0,0,0,0.8641975308641975,0.012345679012345678,0.1111111111111111,0.0,0.0,0.0,0.012345679012345678,0.0,0.0,0.0,0.0,0.0,0.0
0435,0340325,Adenocarcinoma low grade,0.1779753863811493,0.1779753863811493,64,0.9758808648535512,63,0,0,0,0,0,0,0,1,0,0,0,0,0.984375,0.0,0.0,0.0,0.0,0.0,0.0,0.0,0.015625,0.0,0.0,0.0,0.0
0435,0344938,Adenocarcinoma low grade,0.15619204938411713,0.15619204938411713,53,0.9746244584138319,44,0,4,0,0,0,3,0,0,0,0,0,2,0.8301886792452831,0.0,0.07547169811320754,0.0,0.0,0.0,0.05660377358490566,0.0,0.0,0.0,0.0,0.0,0.03773584905660377
0435,0368180,Adenocarcinoma low grade,0.16795603930950165,0.16795603930950165,52,0.9458959245842922,40,1,7,0,0,0,2,0,1,0,0,0,1,0.7692307692307693,0.019230769230769232,0.1346153846153846,0.0,0.0,0.0,0.038461538461538464,0.0,0.019230769230769232,0.0,0.0,0.0,0.019230769230769232
0435,0459535,Adenocarcinoma low grade,0.14498049020767212,0.14498049020767212,86,0.9512874040593872,75,4,7,0,0,0,0,0,0,0,0,0,0,0.872093023255814,0.046511627906976744,0.08139534883720931,0.0,0.0,0.0,0.0,0.0,0.0,0.0,0.0,0.0,0.0
0435,0486631,Adenocarcinoma low grade,0.14920440316200256,0.14920440316200256,48,0.9884564134752626,44,1,0,1,0,0,1,0,1,0,0,0,0,0.9166666666666666,0.020833333333333332,0.0,0.020833333333333332,0.0,0.0,0.020833333333333332,0.0,0.020833333333333332,0.0,0.0,0.0,0.0
0435,0494677,Adenocarcinoma low grade,0.1637801080942154,0.1637801080942154,61,0.9705521511613927,59,0,0,0,0,0,1,0,0,0,0,0,1,0.9672131147540983,0.0,0.0,0.0,0.0,0.0,0.01639344262295082,0.0,0.0,0.0,0.0,0.0,0.01639344262295082
0435,0496233,Adenocarcinoma low grade,0.1684252768754959,0.1684252768754959,53,0.9471143306815243,41,1,1,0,0,0,0,0,10,0,0,0,0,0.7735849056603774,0.018867924528301886,0.018867924528301886,0.0,0.0,0.0,0.0,0.0,0.18867924528301888,0.0,0.0,0.0,0.0
0435,0507730,Adenocarcinoma low grade,0.17042405903339386,0.17042405903339386,68,0.9809389767061669,55,2,6,0,0,0,0,0,5,0,0,0,0,0.8088235294117647,0.029411764705882353,0.08823529411764706,0.0,0.0,0.0,0.0,0.0,0.07352941176470588,0.0,0.0,0.0,0.0
0435,0528169,Adenocarcinoma low grade,0.15641628205776215,0.15641628205776215,55,0.9887808288123127,54,0,0,0,0,0,0,0,0,0,0,0,1,0.9818181818181818,0.0,0.0,0.0,0.0,0.0,0.0,0.0,0.0,0.0,0.0,0.0,0.01818181818181818
0435,0532364,Adenocarcinoma low grade,0.16593608260154724,0.16593608260154724,68,0.9690950194435383,46,2,15,1,0,0,3,0,1,0,0,0,0,0.6764705882352942,0.029411764705882353,0.22058823529411764,0.014705882352941176,0.0,0.0,0.04411764705882353,0.0,0.014705882352941176,0.0,0.0,0.0,0.0
0435,0545253,Adenocarcinoma low grade,0.16152633726596832,0.16152633726596832,58,0.9388430538041972,38,0,12,0,0,0,5,0,3,0,0,0,0,0.6551724137931034,0.0,0.20689655172413793,0.0,0.0,0.0,0.08620689655172414,0.0,0.05172413793103448,0.0,0.0,0.0,0.0
0435,0592913,Adenocarcinoma low grade,0.14793910086154938,0.14793910086154938,41,0.9990899444357679,41,0,0,0,0,0,0,0,0,0,0,0,0,1.0,0.0,0.0,0.0,0.0,0.0,0.0,0.0,0.0,0.0,0.0,0.0,0.0
0435,0593636,Adenocarcinoma low grade,0.14887405931949615,0.14887405931949615,96,0.968463553932441,81,4,6,0,0,0,4,0,0,0,0,0,1,0.84375,0.041666666666666664,0.0625,0.0,0.0,0.0,0.041666666666666664,0.0,0.0,0.0,0.0,0.0,0.010416666666666666
0435,0601069,Adenocarcinoma low grade,0.1604190617799759,0.1604190617799759,53,0.9538467994841785,22,0,11,0,0,0,9,0,11,0,0,0,0,0.41509433962264153,0.0,0.20754716981132076,0.0,0.0,0.0,0.16981132075471697,0.0,0.20754716981132076,0.0,0.0,0.0,0.0
0435,0637667,Adenocarcinoma low grade,0.15633723139762878,0.15633723139762878,84,0.9516101816962704,62,6,12,0,0,0,3,0,0,0,0,0,1,0.7380952380952381,0.07142857142857142,0.14285714285714285,0.0,0.0,0.0,0.03571428571428571,0.0,0.0,0.0,0.0,0.0,0.011904761904761904
0435,0652515,Adenocarcinoma low grade,0.1586398035287857,0.1586398035287857,70,0.9639625712958407,37,3,15,0,0,0,7,0,8,0,0,0,0,0.5285714285714286,0.04285714285714286,0.21428571428571427,0.0,0.0,0.0,0.1,0.0,0.11428571428571428,0.0,0.0,0.0,0.0
0435,0658718,Adenocarcinoma low grade,0.16640494763851166,0.16640494763851166,52,0.9801337553081699,46,1,1,0,0,0,2,0,2,0,0,0,0,0.8846153846153846,0.019230769230769232,0.019230769230769232,0.0,0.0,0.0,0.038461538461538464,0.0,0.038461538461538464,0.0,0.0,0.0,0.0
0435,0665010,Adenocarcinoma low grade,0.15816964209079742,0.15816964209079742,60,0.9639202950294555,44,3,8,0,0,0,5,0,0,0,0,0,0,0.7333333333333333,0.05,0.13333333333333333,0.0,0.0,0.0,0.08333333333333333,0.0,0.0,0.0,0.0,0.0,0.0
0435,0700588,Adenocarcinoma low grade,0.16022881865501404,0.16022881865501404,78,0.9722425132510594,57,0,13,0,0,0,4,0,4,0,0,0,0,0.7307692307692307,0.0,0.16666666666666666,0.0,0.0,0.0,0.05128205128205128,0.0,0.05128205128205128,0.0,0.0,0.0,0.0
0435,0715966,Adenocarcinoma low grade,0.17741239070892334,0.17741239070892334,74,0.9284081037769191,52,4,5,1,0,0,3,0,8,0,0,0,1,0.7027027027027027,0.05405405405405406,0.06756756756756757,0.013513513513513514,0.0,0.0,0.04054054054054054,0.0,0.10810810810810811,0.0,0.0,0.0,0.013513513513513514
0435,0720483,Adenocarcinoma low grade,0.17509537935256958,0.17509537935256958,69,0.9460598588979915,40,4,18,0,0,0,6,0,0,0,0,0,1,0.5797101449275363,0.057971014492753624,0.2608695652173913,0.0,0.0,0.0,0.08695652173913043,0.0,0.0,0.0,0.0,0.0,0.014492753623188406
0435,0820487,Adenocarcinoma low grade,0.15826313197612762,0.15826313197612762,80,0.9933198207704151,71,4,3,0,0,0,2,0,0,0,0,0,0,0.8875,0.05,0.0375,0.0,0.0,0.0,0.025,0.0,0.0,0.0,0.0,0.0,0.0
0435,0840289,Adenocarcinoma low grade,0.14531591534614563,0.14531591534614563,73,0.9585058424420443,35,10,20,0,0,0,8,0,0,0,0,0,0,0.4794520547945205,0.136986301369863,0.273972602739726,0.0,0.0,0.0,0.1095890410958904,0.0,0.0,0.0,0.0,0.0,0.0
0435,0856848,Adenocarcinoma low grade,0.14451371133327484,0.14451371133327484,50,0.9903981747446758,46,1,0,0,0,0,3,0,0,0,0,0,0,0.92,0.02,0.0,0.0,0.0,0.0,0.06,0.0,0.0,0.0,0.0,0.0,0.0
0435,0864231,Adenocarcinoma low grade,0.16248252987861633,0.16248252987861633,54,0.9800980401832171,40,0,11,0,0,0,3,0,0,0,0,0,0,0.7407407407407407,0.0,0.2037037037037037,0.0,0.0,0.0,0.05555555555555555,0.0,0.0,0.0,0.0,0.0,0.0
0435,0865400,Adenocarcinoma low grade,0.1563718616962433,0.1563718616962433,67,0.9564618177907561,25,2,27,0,0,0,2,0,11,0,0,0,0,0.373134328358209,0.029850746268656716,0.40298507462686567,0.0,0.0,0.0,0.029850746268656716,0.0,0.16417910447761194,0.0,0.0,0.0,0.0
0435,0880083,Adenocarcinoma low grade,0.1614331752061844,0.1614331752061844,64,0.9471204100515602,38,2,19,0,0,0,2,0,3,0,0,0,0,0.59375,0.03125,0.296875,0.0,0.0,0.0,0.03125,0.0,0.046875,0.0,0.0,0.0,0.0
0435,0882658,Adenocarcinoma low grade,0.1474388986825943,0.1474388986825943,52,0.9790278115750118,51,0,0,1,0,0,0,0,0,0,0,0,0,0.9807692307692307,0.0,0.0,0.019230769230769232,0.0,0.0,0.0,0.0,0.0,0.0,0.0,0.0,0.0
0435,0898601,Adenocarcinoma low grade,0.1487438976764679,0.1487438976764679,63,0.9791184616833768,47,2,11,0,0,0,2,0,1,0,0,0,0,0.746031746031746,0.031746031746031744,0.1746031746031746,0.0,0.0,0.0,0.031746031746031744,0.0,0.015873015873015872,0.0,0.0,0.0,0.0
0435,0915804,Adenocarcinoma low grade,0.16422070562839508,0.16422070562839508,51,0.9648352381494841,39,0,2,0,0,0,1,0,8,0,1,0,0,0.7647058823529411,0.0,0.0392156862745098,0.0,0.0,0.0,0.0196078431372549,0.0,0.1568627450980392,0.0,0.0196078431372549,0.0,0.0
0435,0922898,Adenocarcinoma low grade,0.14217400550842285,0.14217400550842285,50,0.9383616936336486,34,1,1,0,0,6,5,0,0,0,0,0,3,0.68,0.02,0.02,0.0,0.0,0.12,0.1,0.0,0.0,0.0,0.0,0.0,0.06
0435,0970435,Adenocarcinoma low grade,0.17134444415569305,0.17134444415569305,66,0.9709321409608317,34,3,20,0,0,0,2,0,5,0,0,0,2,0.5151515151515151,0.045454545454545456,0.30303030303030304,0.0,0.0,0.0,0.030303030303030304,0.0,0.07575757575757576,0.0,0.0,0.0,0.030303030303030304
0435,0988007,Adenocarcinoma low grade,0.1734272539615631,0.1734272539615631,68,0.9244916644081118,21,7,31,0,0,0,4,0,4,1,0,0,0,0.3088235294117647,0.10294117647058823,0.45588235294117646,0.0,0.0,0.0,0.058823529411764705,0.0,0.058823529411764705,0.014705882352941176,0.0,0.0,0.0
0435,1014736,Adenocarcinoma low grade,0.16188623011112213,0.16188623011112213,45,0.9913514439776218,44,1,0,0,0,0,0,0,0,0,0,0,0,0.9777777777777777,0.022222222222222223,0.0,0.0,0.0,0.0,0.0,0.0,0.0,0.0,0.0,0.0,0.0
0435,1018343,Adenocarcinoma low grade,0.1535406857728958,0.1535406857728958,42,0.9909087836697454,42,0,0,0,0,0,0,0,0,0,0,0,0,1.0,0.0,0.0,0.0,0.0,0.0,0.0,0.0,0.0,0.0,0.0,0.0,0.0
0435,1020184,Adenocarcinoma low grade,0.15254680812358856,0.15254680812358856,76,0.9814598455987357,52,5,18,1,0,0,0,0,0,0,0,0,0,0.6842105263157895,0.06578947368421052,0.23684210526315788,0.013157894736842105,0.0,0.0,0.0,0.0,0.0,0.0,0.0,0.0,0.0
0435,1021450,Adenocarcinoma low grade,0.15830765664577484,0.15830765664577484,52,0.9748370139332414,48,1,0,0,0,0,0,0,2,0,0,0,1,0.9230769230769231,0.019230769230769232,0.0,0.0,0.0,0.0,0.0,0.0,0.038461538461538464,0.0,0.0,0.0,0.019230769230769232
0435,1033700,Adenocarcinoma low grade,0.15237879753112793,0.15237879753112793,59,0.9927246514881597,59,0,0,0,0,0,0,0,0,0,0,0,0,1.0,0.0,0.0,0.0,0.0,0.0,0.0,0.0,0.0,0.0,0.0,0.0,0.0
0435,1033896,Adenocarcinoma low grade,0.16730229556560516,0.16730229556560516,83,0.9933033767351017,83,0,0,0,0,0,0,0,0,0,0,0,0,1.0,0.0,0.0,0.0,0.0,0.0,0.0,0.0,0.0,0.0,0.0,0.0,0.0
0454,0148127,Adenocarcinoma low grade,0.1362113058567047,0.1362113058567047,54,0.9578599497036997,45,1,6,0,0,0,0,0,0,0,0,0,2,0.8333333333333334,0.018518518518518517,0.1111111111111111,0.0,0.0,0.0,0.0,0.0,0.0,0.0,0.0,0.0,0.037037037037037035
0454,0202553,Adenocarcinoma low grade,0.16490522027015686,0.16490522027015686,20,0.999999995021421,19,0,0,0,0,0,0,0,1,0,0,0,0,0.95,0.0,0.0,0.0,0.0,0.0,0.0,0.0,0.05,0.0,0.0,0.0,0.0
0454,0204385,Adenocarcinoma low grade,0.15398219227790833,0.15398219227790833,52,0.9400983918755459,27,6,7,0,0,1,3,0,7,0,0,0,1,0.5192307692307693,0.11538461538461539,0.1346153846153846,0.0,0.0,0.019230769230769232,0.057692307692307696,0.0,0.1346153846153846,0.0,0.0,0.0,0.019230769230769232
0454,0238219,Adenocarcinoma low grade,0.1874893307685852,0.1874893307685852,29,0.9472346692215294,25,3,0,1,0,0,0,0,0,0,0,0,0,0.8620689655172413,0.10344827586206896,0.0,0.034482758620689655,0.0,0.0,0.0,0.0,0.0,0.0,0.0,0.0,0.0
0454,0280410,Adenocarcinoma low grade,0.15767896175384521,0.15767896175384521,36,0.9146965359064644,35,0,1,0,0,0,0,0,0,0,0,0,0,0.9722222222222222,0.0,0.027777777777777776,0.0,0.0,0.0,0.0,0.0,0.0,0.0,0.0,0.0,0.0
0454,0302758,Adenocarcinoma low grade,0.15641151368618011,0.15641151368618011,31,0.931440575256843,25,0,2,0,0,0,0,0,3,1,0,0,0,0.8064516129032258,0.0,0.06451612903225806,0.0,0.0,0.0,0.0,0.0,0.0967741935483871,0.03225806451612903,0.0,0.0,0.0
0454,0330194,Adenocarcinoma low grade,0.15059423446655273,0.15059423446655273,43,0.9999999928446874,41,1,0,0,0,0,0,0,0,0,0,0,1,0.9534883720930233,0.023255813953488372,0.0,0.0,0.0,0.0,0.0,0.0,0.0,0.0,0.0,0.0,0.023255813953488372
0454,0394644,Adenocarcinoma low grade,0.1546967476606369,0.1546967476606369,27,0.9641135180074014,23,0,1,0,0,0,2,0,0,0,0,0,1,0.8518518518518519,0.0,0.037037037037037035,0.0,0.0,0.0,0.07407407407407407,0.0,0.0,0.0,0.0,0.0,0.037037037037037035
0454,0436480,Adenocarcinoma low grade,0.154876708984375,0.154876708984375,9,0.8699039546753803,8,0,0,0,0,0,0,0,1,0,0,0,0,0.8888888888888888,0.0,0.0,0.0,0.0,0.0,0.0,0.0,0.1111111111111111,0.0,0.0,0.0,0.0
0454,0479355,Adenocarcinoma low grade,0.15703800320625305,0.15703800320625305,39,0.9647279717002547,28,0,4,0,0,0,6,0,1,0,0,0,0,0.717948717948718,0.0,0.10256410256410256,0.0,0.0,0.0,0.15384615384615385,0.0,0.02564102564102564,0.0,0.0,0.0,0.0
0454,0487316,Adenocarcinoma low grade,0.1627182513475418,0.1627182513475418,23,0.9634525004310485,23,0,0,0,0,0,0,0,0,0,0,0,0,1.0,0.0,0.0,0.0,0.0,0.0,0.0,0.0,0.0,0.0,0.0,0.0,0.0
0454,0494199,Adenocarcinoma low grade,0.152972012758255,0.152972012758255,39,0.9685673640639848,27,0,9,0,0,0,1,0,2,0,0,0,0,0.6923076923076923,0.0,0.23076923076923078,0.0,0.0,0.0,0.02564102564102564,0.0,0.05128205128205128,0.0,0.0,0.0,0.0
0454,0495536,Adenocarcinoma low grade,0.16255857050418854,0.16255857050418854,43,0.9213465225443853,23,1,7,1,0,0,4,0,7,0,0,0,0,0.5348837209302325,0.023255813953488372,0.16279069767441862,0.023255813953488372,0.0,0.0,0.09302325581395349,0.0,0.16279069767441862,0.0,0.0,0.0,0.0
0454,0498301,Adenocarcinoma low grade,0.18082231283187866,0.18082231283187866,42,0.9926797431688279,37,1,1,0,0,0,2,0,1,0,0,0,0,0.8809523809523809,0.023809523809523808,0.023809523809523808,0.0,0.0,0.0,0.047619047619047616,0.0,0.023809523809523808,0.0,0.0,0.0,0.0
0454,0541450,Adenocarcinoma low grade,0.1719779521226883,0.1719779521226883,43,0.9878688657116608,43,0,0,0,0,0,0,0,0,0,0,0,0,1.0,0.0,0.0,0.0,0.0,0.0,0.0,0.0,0.0,0.0,0.0,0.0,0.0
0454,0574499,Adenocarcinoma low grade,0.17326991260051727,0.17326991260051727,41,0.9819910006144299,41,0,0,0,0,0,0,0,0,0,0,0,0,1.0,0.0,0.0,0.0,0.0,0.0,0.0,0.0,0.0,0.0,0.0,0.0,0.0
0454,0643856,Adenocarcinoma low grade,0.15462884306907654,0.15462884306907654,48,0.9923145041138918,45,0,1,0,0,0,2,0,0,0,0,0,0,0.9375,0.0,0.020833333333333332,0.0,0.0,0.0,0.041666666666666664,0.0,0.0,0.0,0.0,0.0,0.0
0454,0663522,Adenocarcinoma low grade,0.15220436453819275,0.15220436453819275,18,0.961022312024126,12,1,3,0,0,0,0,0,2,0,0,0,0,0.6666666666666666,0.05555555555555555,0.16666666666666666,0.0,0.0,0.0,0.0,0.0,0.1111111111111111,0.0,0.0,0.0,0.0
0454,0692007,Adenocarcinoma low grade,0.16096138954162598,0.16096138954162598,48,0.9407811944226362,36,0,7,0,0,0,2,0,3,0,0,0,0,0.75,0.0,0.14583333333333334,0.0,0.0,0.0,0.041666666666666664,0.0,0.0625,0.0,0.0,0.0,0.0
0454,0702441,Adenocarcinoma low grade,0.1514555960893631,0.1514555960893631,39,0.9333216231851779,26,1,6,0,0,0,0,0,0,0,0,0,6,0.6666666666666666,0.02564102564102564,0.15384615384615385,0.0,0.0,0.0,0.0,0.0,0.0,0.0,0.0,0.0,0.15384615384615385
0454,0704438,Adenocarcinoma low grade,0.16026784479618073,0.16026784479618073,15,0.9977243095537088,15,0,0,0,0,0,0,0,0,0,0,0,0,1.0,0.0,0.0,0.0,0.0,0.0,0.0,0.0,0.0,0.0,0.0,0.0,0.0
0454,0781889,Adenocarcinoma low grade,0.15889382362365723,0.15889382362365723,39,0.9934475387442183,39,0,0,0,0,0,0,0,0,0,0,0,0,1.0,0.0,0.0,0.0,0.0,0.0,0.0,0.0,0.0,0.0,0.0,0.0,0.0
0454,0789560,Adenocarcinoma low grade,0.1553141325712204,0.1553141325712204,46,0.9889241443436506,46,0,0,0,0,0,0,0,0,0,0,0,0,1.0,0.0,0.0,0.0,0.0,0.0,0.0,0.0,0.0,0.0,0.0,0.0,0.0
0454,0802467,Adenocarcinoma low grade,0.15717606246471405,0.15717606246471405,17,0.9471016911312612,14,1,1,0,0,0,0,0,0,0,0,0,1,0.8235294117647058,0.058823529411764705,0.058823529411764705,0.0,0.0,0.0,0.0,0.0,0.0,0.0,0.0,0.0,0.058823529411764705
0454,0830620,Adenocarcinoma low grade,0.1629718542098999,0.1629718542098999,33,0.9960390629916177,29,1,0,0,0,0,2,0,1,0,0,0,0,0.8787878787878788,0.030303030303030304,0.0,0.0,0.0,0.0,0.06060606060606061,0.0,0.030303030303030304,0.0,0.0,0.0,0.0
0454,0872086,Adenocarcinoma low grade,0.15876302123069763,0.15876302123069763,41,0.9348188329576353,41,0,0,0,0,0,0,0,0,0,0,0,0,1.0,0.0,0.0,0.0,0.0,0.0,0.0,0.0,0.0,0.0,0.0,0.0,0.0
0454,0918535,Adenocarcinoma low grade,0.15543292462825775,0.15543292462825775,34,0.9600103115596698,34,0,0,0,0,0,0,0,0,0,0,0,0,1.0,0.0,0.0,0.0,0.0,0.0,0.0,0.0,0.0,0.0,0.0,0.0,0.0
0454,0972796,Adenocarcinoma low grade,0.17095090448856354,0.17095090448856354,54,0.9803209008836391,49,4,0,0,1,0,0,0,0,0,0,0,0,0.9074074074074074,0.07407407407407407,0.0,0.0,0.018518518518518517,0.0,0.0,0.0,0.0,0.0,0.0,0.0,0.0
0454,0986854,Adenocarcinoma low grade,0.15517039597034454,0.15517039597034454,31,0.9116175049616964,22,0,2,0,0,0,0,0,0,0,0,1,6,0.7096774193548387,0.0,0.06451612903225806,0.0,0.0,0.0,0.0,0.0,0.0,0.0,0.0,0.03225806451612903,0.1935483870967742
0454,1007815,Adenocarcinoma low grade,0.14924004673957825,0.14924004673957825,33,0.958902192369479,32,0,0,0,0,0,0,0,0,0,0,0,1,0.9696969696969697,0.0,0.0,0.0,0.0,0.0,0.0,0.0,0.0,0.0,0.0,0.0,0.030303030303030304
0454,1029591,Adenocarcinoma low grade,0.1374756246805191,0.1374756246805191,44,0.966354555045114,32,0,5,1,0,0,0,0,6,0,0,0,0,0.7272727272727273,0.0,0.11363636363636363,0.022727272727272728,0.0,0.0,0.0,0.0,0.13636363636363635,0.0,0.0,0.0,0.0
0466,0184646,Adenocarcinoma low grade,0.11909154057502747,0.11909154057502747,7,0.7065912601375997,4,1,1,1,0,0,0,0,0,0,0,0,0,0.5714285714285714,0.14285714285714285,0.14285714285714285,0.14285714285714285,0.0,0.0,0.0,0.0,0.0,0.0,0.0,0.0,0.0
0526,0024644,Adenocarcinoma low grade,0.1428631693124771,0.1428631693124771,72,0.998639200560193,72,0,0,0,0,0,0,0,0,0,0,0,0,1.0,0.0,0.0,0.0,0.0,0.0,0.0,0.0,0.0,0.0,0.0,0.0,0.0
0526,0046622,Adenocarcinoma low grade,0.1496344804763794,0.1496344804763794,60,0.9865058943174737,60,0,0,0,0,0,0,0,0,0,0,0,0,1.0,0.0,0.0,0.0,0.0,0.0,0.0,0.0,0.0,0.0,0.0,0.0,0.0
0526,0051515,Adenocarcinoma low grade,0.1466100662946701,0.1466100662946701,52,0.9968142674629856,52,0,0,0,0,0,0,0,0,0,0,0,0,1.0,0.0,0.0,0.0,0.0,0.0,0.0,0.0,0.0,0.0,0.0,0.0,0.0
0526,0081271,Adenocarcinoma low grade,0.1506732702255249,0.1506732702255249,100,0.9554020280874467,48,42,4,0,0,0,6,0,0,0,0,0,0,0.48,0.42,0.04,0.0,0.0,0.0,0.06,0.0,0.0,0.0,0.0,0.0,0.0
0526,0212827,Adenocarcinoma low grade,0.1521253138780594,0.1521253138780594,51,0.9945295568597269,51,0,0,0,0,0,0,0,0,0,0,0,0,1.0,0.0,0.0,0.0,0.0,0.0,0.0,0.0,0.0,0.0,0.0,0.0,0.0
0526,0231458,Adenocarcinoma low grade,0.1643720120191574,0.1643720120191574,74,0.9882434121367857,74,0,0,0,0,0,0,0,0,0,0,0,0,1.0,0.0,0.0,0.0,0.0,0.0,0.0,0.0,0.0,0.0,0.0,0.0,0.0
0526,0313016,Adenocarcinoma low grade,0.15142545104026794,0.15142545104026794,61,0.9683868780946492,38,21,0,1,0,0,1,0,0,0,0,0,0,0.6229508196721312,0.3442622950819672,0.0,0.01639344262295082,0.0,0.0,0.01639344262295082,0.0,0.0,0.0,0.0,0.0,0.0
0526,0536048,Adenocarcinoma low grade,0.1612967997789383,0.1612967997789383,99,0.9901357175072288,83,10,2,1,0,0,1,0,2,0,0,0,0,0.8383838383838383,0.10101010101010101,0.020202020202020204,0.010101010101010102,0.0,0.0,0.010101010101010102,0.0,0.020202020202020204,0.0,0.0,0.0,0.0
0526,0543708,Adenocarcinoma low grade,0.15614356100559235,0.15614356100559235,63,0.9812217289999515,63,0,0,0,0,0,0,0,0,0,0,0,0,1.0,0.0,0.0,0.0,0.0,0.0,0.0,0.0,0.0,0.0,0.0,0.0,0.0
0526,0804880,Adenocarcinoma low grade,0.16001328825950623,0.16001328825950623,97,0.9726201824118533,62,10,12,0,0,1,5,0,7,0,0,0,0,0.6391752577319587,0.10309278350515463,0.12371134020618557,0.0,0.0,0.010309278350515464,0.05154639175257732,0.0,0.07216494845360824,0.0,0.0,0.0,0.0
0526,0894553,Adenocarcinoma low grade,0.167729452252388,0.167729452252388,75,0.9749312877010715,39,6,21,1,0,1,7,0,0,0,0,0,0,0.52,0.08,0.28,0.013333333333333334,0.0,0.013333333333333334,0.09333333333333334,0.0,0.0,0.0,0.0,0.0,0.0
0526,0984307,Adenocarcinoma low grade,0.14785659313201904,0.14785659313201904,8,0.9237738911773389,7,0,0,1,0,0,0,0,0,0,0,0,0,0.875,0.0,0.0,0.125,0.0,0.0,0.0,0.0,0.0,0.0,0.0,0.0,0.0
0526,1000332,Adenocarcinoma low grade,0.17019023001194,0.17019023001194,69,0.9105137892778438,22,8,31,0,0,0,0,0,0,0,8,0,0,0.3188405797101449,0.11594202898550725,0.4492753623188406,0.0,0.0,0.0,0.0,0.0,0.0,0.0,0.11594202898550725,0.0,0.0
0526,1009526,Adenocarcinoma low grade,0.169985830783844,0.169985830783844,74,0.9850040687219764,63,1,2,0,0,0,0,0,7,1,0,0,0,0.8513513513513513,0.013513513513513514,0.02702702702702703,0.0,0.0,0.0,0.0,0.0,0.0945945945945946,0.013513513513513514,0.0,0.0,0.0
0542,0004265,Adenocarcinoma low grade,0.1575286090373993,0.1575286090373993,71,0.9559120227872231,69,1,0,0,0,0,0,0,0,0,0,0,1,0.971830985915493,0.014084507042253521,0.0,0.0,0.0,0.0,0.0,0.0,0.0,0.0,0.0,0.0,0.014084507042253521
0542,0078343,Adenocarcinoma low grade,0.16126762330532074,0.16126762330532074,67,0.9699914940396328,64,0,0,0,0,3,0,0,0,0,0,0,0,0.9552238805970149,0.0,0.0,0.0,0.0,0.04477611940298507,0.0,0.0,0.0,0.0,0.0,0.0,0.0
0542,0120198,Adenocarcinoma low grade,0.15821853280067444,0.15821853280067444,67,0.9794059056476795,67,0,0,0,0,0,0,0,0,0,0,0,0,1.0,0.0,0.0,0.0,0.0,0.0,0.0,0.0,0.0,0.0,0.0,0.0,0.0
0542,0155527,Adenocarcinoma low grade,0.15663935244083405,0.15663935244083405,63,0.9904942708987208,63,0,0,0,0,0,0,0,0,0,0,0,0,1.0,0.0,0.0,0.0,0.0,0.0,0.0,0.0,0.0,0.0,0.0,0.0,0.0
0542,0165969,Adenocarcinoma low grade,0.1616760641336441,0.1616760641336441,65,0.9998534736285417,64,1,0,0,0,0,0,0,0,0,0,0,0,0.9846153846153847,0.015384615384615385,0.0,0.0,0.0,0.0,0.0,0.0,0.0,0.0,0.0,0.0,0.0
0542,0201637,Adenocarcinoma low grade,0.15097472071647644,0.15097472071647644,82,0.9597206341734543,62,5,15,0,0,0,0,0,0,0,0,0,0,0.7560975609756098,0.06097560975609756,0.18292682926829268,0.0,0.0,0.0,0.0,0.0,0.0,0.0,0.0,0.0,0.0
0542,0254524,Adenocarcinoma low grade,0.15591081976890564,0.15591081976890564,75,0.9930065184739133,74,0,1,0,0,0,0,0,0,0,0,0,0,0.9866666666666667,0.0,0.013333333333333334,0.0,0.0,0.0,0.0,0.0,0.0,0.0,0.0,0.0,0.0
0542,0313766,Adenocarcinoma low grade,0.15560853481292725,0.15560853481292725,62,0.9729363414389878,57,2,0,1,0,0,0,0,0,0,0,0,2,0.9193548387096774,0.03225806451612903,0.0,0.016129032258064516,0.0,0.0,0.0,0.0,0.0,0.0,0.0,0.0,0.03225806451612903
0542,0336769,Adenocarcinoma low grade,0.1616823971271515,0.1616823971271515,95,0.9331930002179643,59,3,1,1,0,4,7,0,0,0,0,0,20,0.6210526315789474,0.031578947368421054,0.010526315789473684,0.010526315789473684,0.0,0.042105263157894736,0.07368421052631578,0.0,0.0,0.0,0.0,0.0,0.21052631578947367
0542,0349010,Adenocarcinoma low grade,0.15790125727653503,0.15790125727653503,58,0.9998722800874621,57,0,0,0,0,0,0,0,0,0,0,0,1,0.9827586206896551,0.0,0.0,0.0,0.0,0.0,0.0,0.0,0.0,0.0,0.0,0.0,0.017241379310344827
0542,0375944,Adenocarcinoma low grade,0.15711647272109985,0.15711647272109985,61,0.9965381893251182,61,0,0,0,0,0,0,0,0,0,0,0,0,1.0,0.0,0.0,0.0,0.0,0.0,0.0,0.0,0.0,0.0,0.0,0.0,0.0
0542,0383666,Adenocarcinoma low grade,0.14515317976474762,0.14515317976474762,74,0.9656351555122273,64,4,1,0,0,0,3,0,0,0,0,1,1,0.8648648648648649,0.05405405405405406,0.013513513513513514,0.0,0.0,0.0,0.04054054054054054,0.0,0.0,0.0,0.0,0.013513513513513514,0.013513513513513514
0542,0400715,Adenocarcinoma low grade,0.1573619246482849,0.1573619246482849,57,0.9899790381398053,57,0,0,0,0,0,0,0,0,0,0,0,0,1.0,0.0,0.0,0.0,0.0,0.0,0.0,0.0,0.0,0.0,0.0,0.0,0.0
0542,0419606,Adenocarcinoma low grade,0.1636262983083725,0.1636262983083725,89,0.9526657615332896,83,0,3,3,0,0,0,0,0,0,0,0,0,0.9325842696629213,0.0,0.033707865168539325,0.033707865168539325,0.0,0.0,0.0,0.0,0.0,0.0,0.0,0.0,0.0
0542,0470147,Adenocarcinoma low grade,0.16071805357933044,0.16071805357933044,65,0.9767839858711347,57,1,0,0,0,4,1,0,0,0,0,0,2,0.8769230769230769,0.015384615384615385,0.0,0.0,0.0,0.06153846153846154,0.015384615384615385,0.0,0.0,0.0,0.0,0.0,0.03076923076923077
0542,0519858,Adenocarcinoma low grade,0.1548689305782318,0.1548689305782318,62,0.8879420922800325,38,1,0,0,0,17,2,0,0,0,0,0,4,0.6129032258064516,0.016129032258064516,0.0,0.0,0.0,0.27419354838709675,0.03225806451612903,0.0,0.0,0.0,0.0,0.0,0.06451612903225806
0542,0532550,Adenocarcinoma low grade,0.15611480176448822,0.15611480176448822,65,0.9953852487735884,64,0,0,0,0,0,0,0,0,0,1,0,0,0.9846153846153847,0.0,0.0,0.0,0.0,0.0,0.0,0.0,0.0,0.0,0.015384615384615385,0.0,0.0
0542,0540718,Adenocarcinoma low grade,0.1569288820028305,0.1569288820028305,54,0.9976539301006705,54,0,0,0,0,0,0,0,0,0,0,0,0,1.0,0.0,0.0,0.0,0.0,0.0,0.0,0.0,0.0,0.0,0.0,0.0,0.0
0542,0559633,Adenocarcinoma low grade,0.15174473822116852,0.15174473822116852,65,0.997649565856681,63,0,1,0,0,0,1,0,0,0,0,0,0,0.9692307692307692,0.0,0.015384615384615385,0.0,0.0,0.0,0.015384615384615385,0.0,0.0,0.0,0.0,0.0,0.0
0542,0577128,Adenocarcinoma low grade,0.15485025942325592,0.15485025942325592,94,0.998304031645902,93,1,0,0,0,0,0,0,0,0,0,0,0,0.9893617021276596,0.010638297872340425,0.0,0.0,0.0,0.0,0.0,0.0,0.0,0.0,0.0,0.0,0.0
0542,0591849,Adenocarcinoma low grade,0.1614001840353012,0.1614001840353012,82,0.9371598119637863,62,6,9,0,0,0,1,0,4,0,0,0,0,0.7560975609756098,0.07317073170731707,0.10975609756097561,0.0,0.0,0.0,0.012195121951219513,0.0,0.04878048780487805,0.0,0.0,0.0,0.0
0542,0605089,Adenocarcinoma low grade,0.1599505990743637,0.1599505990743637,40,0.9777309487940975,38,0,0,0,0,0,0,0,0,0,0,0,2,0.95,0.0,0.0,0.0,0.0,0.0,0.0,0.0,0.0,0.0,0.0,0.0,0.05
0542,0607646,Adenocarcinoma low grade,0.15845461189746857,0.15845461189746857,61,0.9891995510588015,58,0,2,0,0,0,0,0,0,0,0,1,0,0.9508196721311475,0.0,0.03278688524590164,0.0,0.0,0.0,0.0,0.0,0.0,0.0,0.0,0.01639344262295082,0.0
0542,0618425,Adenocarcinoma low grade,0.17667639255523682,0.17667639255523682,82,0.9128582602892563,27,34,9,5,0,1,6,0,0,0,0,0,0,0.32926829268292684,0.4146341463414634,0.10975609756097561,0.06097560975609756,0.0,0.012195121951219513,0.07317073170731707,0.0,0.0,0.0,0.0,0.0,0.0
0542,0626345,Adenocarcinoma low grade,0.1579410582780838,0.1579410582780838,40,0.9950383700548283,38,1,0,0,0,0,0,0,0,0,0,0,1,0.95,0.025,0.0,0.0,0.0,0.0,0.0,0.0,0.0,0.0,0.0,0.0,0.025
0542,0680674,Adenocarcinoma low grade,0.160279780626297,0.160279780626297,57,0.9975752651224097,57,0,0,0,0,0,0,0,0,0,0,0,0,1.0,0.0,0.0,0.0,0.0,0.0,0.0,0.0,0.0,0.0,0.0,0.0,0.0
0542,0698976,Adenocarcinoma low grade,0.15608468651771545,0.15608468651771545,96,0.9913327743697948,89,0,4,0,0,0,0,1,0,0,0,2,0,0.9270833333333334,0.0,0.041666666666666664,0.0,0.0,0.0,0.0,0.010416666666666666,0.0,0.0,0.0,0.020833333333333332,0.0
0542,0724915,Adenocarcinoma low grade,0.15758807957172394,0.15758807957172394,69,0.98145558915017,68,0,0,0,0,0,1,0,0,0,0,0,0,0.9855072463768116,0.0,0.0,0.0,0.0,0.0,0.014492753623188406,0.0,0.0,0.0,0.0,0.0,0.0
0542,0748761,Adenocarcinoma low grade,0.1561165601015091,0.1561165601015091,75,0.9999999914306261,74,0,0,0,0,0,1,0,0,0,0,0,0,0.9866666666666667,0.0,0.0,0.0,0.0,0.0,0.013333333333333334,0.0,0.0,0.0,0.0,0.0,0.0
0542,0793348,Adenocarcinoma low grade,0.16170553863048553,0.16170553863048553,70,0.9924177444901697,67,0,2,0,0,0,1,0,0,0,0,0,0,0.9571428571428572,0.0,0.02857142857142857,0.0,0.0,0.0,0.014285714285714285,0.0,0.0,0.0,0.0,0.0,0.0
0542,0855582,Adenocarcinoma low grade,0.1720830351114273,0.1720830351114273,59,0.9818066946004879,57,0,1,0,0,0,0,0,1,0,0,0,0,0.9661016949152542,0.0,0.01694915254237288,0.0,0.0,0.0,0.0,0.0,0.01694915254237288,0.0,0.0,0.0,0.0
0542,0932831,Adenocarcinoma low grade,0.15817053616046906,0.15817053616046906,73,0.9295738048738937,47,2,5,0,0,14,1,0,0,0,0,0,4,0.6438356164383562,0.0273972602739726,0.0684931506849315,0.0,0.0,0.1917808219178082,0.0136986301369863,0.0,0.0,0.0,0.0,0.0,0.0547945205479452
0542,0933598,Adenocarcinoma low grade,0.16438864171504974,0.16438864171504974,39,0.9924442822425001,39,0,0,0,0,0,0,0,0,0,0,0,0,1.0,0.0,0.0,0.0,0.0,0.0,0.0,0.0,0.0,0.0,0.0,0.0,0.0
0542,0942627,Adenocarcinoma low grade,0.1611594557762146,0.1611594557762146,91,0.9961978457302004,89,1,0,1,0,0,0,0,0,0,0,0,0,0.978021978021978,0.01098901098901099,0.0,0.01098901098901099,0.0,0.0,0.0,0.0,0.0,0.0,0.0,0.0,0.0
0542,1015423,Adenocarcinoma low grade,0.15627063810825348,0.15627063810825348,45,0.9994862363783079,45,0,0,0,0,0,0,0,0,0,0,0,0,1.0,0.0,0.0,0.0,0.0,0.0,0.0,0.0,0.0,0.0,0.0,0.0,0.0
0542,1032934,Adenocarcinoma low grade,0.16239887475967407,0.16239887475967407,70,0.9087996829720154,29,5,29,1,0,0,1,0,4,0,0,0,1,0.4142857142857143,0.07142857142857142,0.4142857142857143,0.014285714285714285,0.0,0.0,0.014285714285714285,0.0,0.05714285714285714,0.0,0.0,0.0,0.014285714285714285
0542,1033039,Adenocarcinoma low grade,0.16357730329036713,0.16357730329036713,84,0.9937798207528183,82,0,2,0,0,0,0,0,0,0,0,0,0,0.9761904761904762,0.0,0.023809523809523808,0.0,0.0,0.0,0.0,0.0,0.0,0.0,0.0,0.0,0.0
0560,0957674,Adenocarcinoma low grade,0.14813508093357086,0.14813508093357086,62,0.9618030898273499,37,2,13,0,0,0,2,0,6,0,0,0,2,0.5967741935483871,0.03225806451612903,0.20967741935483872,0.0,0.0,0.0,0.03225806451612903,0.0,0.0967741935483871,0.0,0.0,0.0,0.03225806451612903
0580,0466870,Adenocarcinoma low grade,0.2401820421218872,0.2401820421218872,91,0.9973405892710717,91,0,0,0,0,0,0,0,0,0,0,0,0,1.0,0.0,0.0,0.0,0.0,0.0,0.0,0.0,0.0,0.0,0.0,0.0,0.0
0580,0651637,Adenocarcinoma low grade,0.23546017706394196,0.23546017706394196,90,0.9890313795944924,88,0,1,0,0,0,0,0,0,0,0,1,0,0.9777777777777777,0.0,0.011111111111111112,0.0,0.0,0.0,0.0,0.0,0.0,0.0,0.0,0.011111111111111112,0.0
0580,0676066,Adenocarcinoma low grade,0.24327415227890015,0.24327415227890015,99,0.9965435729360829,98,0,0,0,0,0,0,0,0,0,0,1,0,0.98989898989899,0.0,0.0,0.0,0.0,0.0,0.0,0.0,0.0,0.0,0.0,0.010101010101010102,0.0
0580,0811280,Adenocarcinoma low grade,0.23468166589736938,0.23468166589736938,89,0.9999999934961892,89,0,0,0,0,0,0,0,0,0,0,0,0,1.0,0.0,0.0,0.0,0.0,0.0,0.0,0.0,0.0,0.0,0.0,0.0,0.0
0580,0826462,Adenocarcinoma low grade,0.22993089258670807,0.22993089258670807,70,0.9821627234044739,69,1,0,0,0,0,0,0,0,0,0,0,0,0.9857142857142858,0.014285714285714285,0.0,0.0,0.0,0.0,0.0,0.0,0.0,0.0,0.0,0.0,0.0
0580,0989120,Adenocarcinoma low grade,0.23479321599006653,0.23479321599006653,75,0.9902246075481645,74,0,0,0,0,0,0,0,0,0,0,1,0,0.9866666666666667,0.0,0.0,0.0,0.0,0.0,0.0,0.0,0.0,0.0,0.0,0.013333333333333334,0.0
0639,0637964,Adenocarcinoma low grade,0.2177741378545761,0.2177741378545761,69,0.9553058143432089,53,1,6,0,0,0,3,0,5,0,0,1,0,0.7681159420289855,0.014492753623188406,0.08695652173913043,0.0,0.0,0.0,0.043478260869565216,0.0,0.07246376811594203,0.0,0.0,0.014492753623188406,0.0
0639,1011847,Adenocarcinoma low grade,0.22162163257598877,0.22162163257598877,56,0.9942857310713907,54,0,0,0,0,0,0,0,0,0,0,0,2,0.9642857142857143,0.0,0.0,0.0,0.0,0.0,0.0,0.0,0.0,0.0,0.0,0.0,0.03571428571428571
0659,0385280,Adenocarcinoma low grade,0.45031148195266724,0.45031148195266724,8,0.8438946050427725,6,1,1,0,0,0,0,0,0,0,0,0,0,0.75,0.125,0.125,0.0,0.0,0.0,0.0,0.0,0.0,0.0,0.0,0.0,0.0
0659,0748601,Adenocarcinoma low grade,0.18491505086421967,0.18491505086421967,2,0.9722222067206098,2,0,0,0,0,0,0,0,0,0,0,0,0,1.0,0.0,0.0,0.0,0.0,0.0,0.0,0.0,0.0,0.0,0.0,0.0,0.0
0659,0900533,Adenocarcinoma low grade,0.37019482254981995,0.37019482254981995,6,0.5461268225349842,4,0,0,0,0,0,1,0,0,0,0,0,1,0.6666666666666666,0.0,0.0,0.0,0.0,0.0,0.16666666666666666,0.0,0.0,0.0,0.0,0.0,0.16666666666666666
0673,0340620,Adenocarcinoma low grade,0.20940688252449036,0.20940688252449036,56,0.9899044312088919,39,0,1,0,0,0,0,0,14,2,0,0,0,0.6964285714285714,0.0,0.017857142857142856,0.0,0.0,0.0,0.0,0.0,0.25,0.03571428571428571,0.0,0.0,0.0
0673,0411778,Adenocarcinoma low grade,0.24680405855178833,0.24680405855178833,46,0.9627677409745943,26,1,12,0,0,0,0,0,7,0,0,0,0,0.5652173913043478,0.021739130434782608,0.2608695652173913,0.0,0.0,0.0,0.0,0.0,0.15217391304347827,0.0,0.0,0.0,0.0
0673,0756599,Adenocarcinoma low grade,0.15894478559494019,0.15894478559494019,56,0.994557116390796,51,1,2,0,0,0,1,0,1,0,0,0,0,0.9107142857142857,0.017857142857142856,0.03571428571428571,0.0,0.0,0.0,0.017857142857142856,0.0,0.017857142857142856,0.0,0.0,0.0,0.0
0674,0365135,Adenocarcinoma low grade,0.1704031229019165,0.1704031229019165,81,0.9527213719495149,49,4,22,1,0,0,0,0,5,0,0,0,0,0.6049382716049383,0.04938271604938271,0.2716049382716049,0.012345679012345678,0.0,0.0,0.0,0.0,0.06172839506172839,0.0,0.0,0.0,0.0
0674,0490067,Adenocarcinoma low grade,0.16599954664707184,0.16599954664707184,78,0.9798811246319852,47,0,27,0,0,0,4,0,0,0,0,0,0,0.6025641025641025,0.0,0.34615384615384615,0.0,0.0,0.0,0.05128205128205128,0.0,0.0,0.0,0.0,0.0,0.0
0674,0702507,Adenocarcinoma low grade,0.16539272665977478,0.16539272665977478,83,0.9290291947531073,42,13,20,4,0,0,2,0,1,1,0,0,0,0.5060240963855421,0.1566265060240964,0.24096385542168675,0.04819277108433735,0.0,0.0,0.024096385542168676,0.0,0.012048192771084338,0.012048192771084338,0.0,0.0,0.0
0691,0547211,Adenocarcinoma low grade,0.2865753173828125,0.2865753173828125,65,0.9954376671461579,65,0,0,0,0,0,0,0,0,0,0,0,0,1.0,0.0,0.0,0.0,0.0,0.0,0.0,0.0,0.0,0.0,0.0,0.0,0.0
0694,0015566,Adenocarcinoma low grade,0.1519058793783188,0.1519058793783188,47,0.9778696644599044,35,2,4,1,0,0,4,0,1,0,0,0,0,0.7446808510638298,0.0425531914893617,0.0851063829787234,0.02127659574468085,0.0,0.0,0.0851063829787234,0.0,0.02127659574468085,0.0,0.0,0.0,0.0
0694,0046298,Adenocarcinoma low grade,0.15901577472686768,0.15901577472686768,48,0.983092428131997,45,0,0,0,0,0,0,0,3,0,0,0,0,0.9375,0.0,0.0,0.0,0.0,0.0,0.0,0.0,0.0625,0.0,0.0,0.0,0.0
0694,0128407,Adenocarcinoma low grade,0.14745329320430756,0.14745329320430756,27,0.9997296487434842,27,0,0,0,0,0,0,0,0,0,0,0,0,1.0,0.0,0.0,0.0,0.0,0.0,0.0,0.0,0.0,0.0,0.0,0.0,0.0
0694,0173610,Adenocarcinoma low grade,0.16240006685256958,0.16240006685256958,48,0.996583943062114,48,0,0,0,0,0,0,0,0,0,0,0,0,1.0,0.0,0.0,0.0,0.0,0.0,0.0,0.0,0.0,0.0,0.0,0.0,0.0
0694,0342609,Adenocarcinoma low grade,0.17204365134239197,0.17204365134239197,25,0.9623524863297058,22,0,1,0,0,0,1,0,0,0,0,0,1,0.88,0.0,0.04,0.0,0.0,0.0,0.04,0.0,0.0,0.0,0.0,0.0,0.04
0694,0375059,Adenocarcinoma low grade,0.1560993194580078,0.1560993194580078,35,0.9856594316973751,35,0,0,0,0,0,0,0,0,0,0,0,0,1.0,0.0,0.0,0.0,0.0,0.0,0.0,0.0,0.0,0.0,0.0,0.0,0.0
0694,0482035,Adenocarcinoma low grade,0.16782744228839874,0.16782744228839874,21,0.9476960635313143,21,0,0,0,0,0,0,0,0,0,0,0,0,1.0,0.0,0.0,0.0,0.0,0.0,0.0,0.0,0.0,0.0,0.0,0.0,0.0
0694,0617337,Adenocarcinoma low grade,0.12872272729873657,0.12872272729873657,61,0.9587496630140961,31,11,6,9,0,0,3,0,0,0,0,0,1,0.5081967213114754,0.18032786885245902,0.09836065573770492,0.14754098360655737,0.0,0.0,0.04918032786885246,0.0,0.0,0.0,0.0,0.0,0.01639344262295082
0694,0619620,Adenocarcinoma low grade,0.17259088158607483,0.17259088158607483,59,0.999364399490104,59,0,0,0,0,0,0,0,0,0,0,0,0,1.0,0.0,0.0,0.0,0.0,0.0,0.0,0.0,0.0,0.0,0.0,0.0,0.0
0694,0633235,Adenocarcinoma low grade,0.17193982005119324,0.17193982005119324,23,0.9674463620904024,18,1,0,0,0,0,1,0,0,0,0,0,3,0.782608695652174,0.043478260869565216,0.0,0.0,0.0,0.0,0.043478260869565216,0.0,0.0,0.0,0.0,0.0,0.13043478260869565
0694,0712795,Adenocarcinoma low grade,0.14703793823719025,0.14703793823719025,38,0.9945921440115036,36,0,0,0,0,0,0,0,0,0,0,0,2,0.9473684210526315,0.0,0.0,0.0,0.0,0.0,0.0,0.0,0.0,0.0,0.0,0.0,0.05263157894736842
0694,0734595,Adenocarcinoma low grade,0.1784450113773346,0.1784450113773346,14,0.9904053075006972,14,0,0,0,0,0,0,0,0,0,0,0,0,1.0,0.0,0.0,0.0,0.0,0.0,0.0,0.0,0.0,0.0,0.0,0.0,0.0
0694,0806946,Adenocarcinoma low grade,0.14279140532016754,0.14279140532016754,46,0.9879256985247528,44,0,0,1,0,0,1,0,0,0,0,0,0,0.9565217391304348,0.0,0.0,0.021739130434782608,0.0,0.0,0.021739130434782608,0.0,0.0,0.0,0.0,0.0,0.0
0694,0951315,Adenocarcinoma low grade,0.17260996997356415,0.17260996997356415,29,0.9999999951878432,26,0,0,0,0,0,0,0,0,0,0,0,3,0.896551724137931,0.0,0.0,0.0,0.0,0.0,0.0,0.0,0.0,0.0,0.0,0.0,0.10344827586206896
0694,0963923,Adenocarcinoma low grade,0.16892436146736145,0.16892436146736145,35,0.9970587238261842,35,0,0,0,0,0,0,0,0,0,0,0,0,1.0,0.0,0.0,0.0,0.0,0.0,0.0,0.0,0.0,0.0,0.0,0.0,0.0
0694,1002465,Adenocarcinoma low grade,0.1565808802843094,0.1565808802843094,53,0.9964061024113491,52,0,0,0,0,0,0,0,1,0,0,0,0,0.9811320754716981,0.0,0.0,0.0,0.0,0.0,0.0,0.0,0.018867924528301886,0.0,0.0,0.0,0.0
0694,1007352,Adenocarcinoma low grade,0.17007482051849365,0.17007482051849365,16,0.9893419936736161,13,0,0,0,0,0,0,0,0,0,0,0,3,0.8125,0.0,0.0,0.0,0.0,0.0,0.0,0.0,0.0,0.0,0.0,0.0,0.1875
0694,1012620,Adenocarcinoma low grade,0.17625848948955536,0.17625848948955536,66,0.8874687119749572,24,19,6,1,0,0,10,0,6,0,0,0,0,0.36363636363636365,0.2878787878787879,0.09090909090909091,0.015151515151515152,0.0,0.0,0.15151515151515152,0.0,0.09090909090909091,0.0,0.0,0.0,0.0
0706,0068880,Adenocarcinoma low grade,0.15362627804279327,0.15362627804279327,72,0.9939447289117046,72,0,0,0,0,0,0,0,0,0,0,0,0,1.0,0.0,0.0,0.0,0.0,0.0,0.0,0.0,0.0,0.0,0.0,0.0,0.0
0706,0075097,Adenocarcinoma low grade,0.1325748860836029,0.1325748860836029,37,0.9805490779572681,36,0,1,0,0,0,0,0,0,0,0,0,0,0.972972972972973,0.0,0.02702702702702703,0.0,0.0,0.0,0.0,0.0,0.0,0.0,0.0,0.0,0.0
0706,0093275,Adenocarcinoma low grade,0.14962191879749298,0.14962191879749298,46,0.9883832575193054,36,0,0,0,0,2,0,0,0,0,0,0,8,0.782608695652174,0.0,0.0,0.0,0.0,0.043478260869565216,0.0,0.0,0.0,0.0,0.0,0.0,0.17391304347826086
0706,0100437,Adenocarcinoma low grade,0.15158125758171082,0.15158125758171082,55,0.9675702145824532,51,0,3,1,0,0,0,0,0,0,0,0,0,0.9272727272727272,0.0,0.05454545454545454,0.01818181818181818,0.0,0.0,0.0,0.0,0.0,0.0,0.0,0.0,0.0
0706,0107888,Adenocarcinoma low grade,0.14455577731132507,0.14455577731132507,76,0.9254519165706916,48,11,1,8,0,0,8,0,0,0,0,0,0,0.631578947368421,0.14473684210526316,0.013157894736842105,0.10526315789473684,0.0,0.0,0.10526315789473684,0.0,0.0,0.0,0.0,0.0,0.0
0706,0111803,Adenocarcinoma low grade,0.15142959356307983,0.15142959356307983,40,0.9837349974034326,38,2,0,0,0,0,0,0,0,0,0,0,0,0.95,0.05,0.0,0.0,0.0,0.0,0.0,0.0,0.0,0.0,0.0,0.0,0.0
0706,0172483,Adenocarcinoma low grade,0.15245582163333893,0.15245582163333893,27,0.9908446244725007,27,0,0,0,0,0,0,0,0,0,0,0,0,1.0,0.0,0.0,0.0,0.0,0.0,0.0,0.0,0.0,0.0,0.0,0.0,0.0
0706,0233554,Adenocarcinoma low grade,0.17387622594833374,0.17387622594833374,68,0.9990303730160113,68,0,0,0,0,0,0,0,0,0,0,0,0,1.0,0.0,0.0,0.0,0.0,0.0,0.0,0.0,0.0,0.0,0.0,0.0,0.0
0706,0272981,Adenocarcinoma low grade,0.14215660095214844,0.14215660095214844,58,0.9967340927270505,57,0,1,0,0,0,0,0,0,0,0,0,0,0.9827586206896551,0.0,0.017241379310344827,0.0,0.0,0.0,0.0,0.0,0.0,0.0,0.0,0.0,0.0
0706,0341393,Adenocarcinoma low grade,0.15287062525749207,0.15287062525749207,72,0.9232544894706946,19,25,16,7,0,0,3,0,1,0,0,0,1,0.2638888888888889,0.3472222222222222,0.2222222222222222,0.09722222222222222,0.0,0.0,0.041666666666666664,0.0,0.013888888888888888,0.0,0.0,0.0,0.013888888888888888
0706,0342830,Adenocarcinoma low grade,0.15610572695732117,0.15610572695732117,74,0.9886281541376855,74,0,0,0,0,0,0,0,0,0,0,0,0,1.0,0.0,0.0,0.0,0.0,0.0,0.0,0.0,0.0,0.0,0.0,0.0,0.0
0706,0362367,Adenocarcinoma low grade,0.1600504368543625,0.1600504368543625,61,0.9840756700613935,58,0,2,0,0,0,0,0,0,0,0,0,1,0.9508196721311475,0.0,0.03278688524590164,0.0,0.0,0.0,0.0,0.0,0.0,0.0,0.0,0.0,0.01639344262295082
0706,0494036,Adenocarcinoma low grade,0.15997013449668884,0.15997013449668884,35,0.9960319456364087,35,0,0,0,0,0,0,0,0,0,0,0,0,1.0,0.0,0.0,0.0,0.0,0.0,0.0,0.0,0.0,0.0,0.0,0.0,0.0
0706,0519258,Adenocarcinoma low grade,0.1596096009016037,0.1596096009016037,70,0.9998463808941056,70,0,0,0,0,0,0,0,0,0,0,0,0,1.0,0.0,0.0,0.0,0.0,0.0,0.0,0.0,0.0,0.0,0.0,0.0,0.0
0706,0526980,Adenocarcinoma low grade,0.14224159717559814,0.14224159717559814,55,0.9946641082515997,55,0,0,0,0,0,0,0,0,0,0,0,0,1.0,0.0,0.0,0.0,0.0,0.0,0.0,0.0,0.0,0.0,0.0,0.0,0.0
0706,0542769,Adenocarcinoma low grade,0.16554784774780273,0.16554784774780273,76,0.9552489918609763,62,3,7,0,0,0,0,0,4,0,0,0,0,0.8157894736842105,0.039473684210526314,0.09210526315789473,0.0,0.0,0.0,0.0,0.0,0.05263157894736842,0.0,0.0,0.0,0.0
0706,0562836,Adenocarcinoma low grade,0.16066846251487732,0.16066846251487732,55,0.9923170738513167,55,0,0,0,0,0,0,0,0,0,0,0,0,1.0,0.0,0.0,0.0,0.0,0.0,0.0,0.0,0.0,0.0,0.0,0.0,0.0
0706,0601716,Adenocarcinoma low grade,0.15015670657157898,0.15015670657157898,67,0.9958969225498541,67,0,0,0,0,0,0,0,0,0,0,0,0,1.0,0.0,0.0,0.0,0.0,0.0,0.0,0.0,0.0,0.0,0.0,0.0,0.0
0706,0667241,Adenocarcinoma low grade,0.13674718141555786,0.13674718141555786,75,0.9525965799369261,51,10,0,0,0,0,14,0,0,0,0,0,0,0.68,0.13333333333333333,0.0,0.0,0.0,0.0,0.18666666666666668,0.0,0.0,0.0,0.0,0.0,0.0
0706,0684190,Adenocarcinoma low grade,0.15528126060962677,0.15528126060962677,68,0.9848976218577119,67,1,0,0,0,0,0,0,0,0,0,0,0,0.9852941176470589,0.014705882352941176,0.0,0.0,0.0,0.0,0.0,0.0,0.0,0.0,0.0,0.0,0.0
0706,0688185,Adenocarcinoma low grade,0.13633829355239868,0.13633829355239868,55,0.9714474751184011,54,0,0,0,0,0,0,0,0,0,0,1,0,0.9818181818181818,0.0,0.0,0.0,0.0,0.0,0.0,0.0,0.0,0.0,0.0,0.01818181818181818,0.0
0706,0768385,Adenocarcinoma low grade,0.15923814475536346,0.15923814475536346,91,0.9703202450973926,79,3,5,0,0,0,4,0,0,0,0,0,0,0.8681318681318682,0.03296703296703297,0.054945054945054944,0.0,0.0,0.0,0.04395604395604396,0.0,0.0,0.0,0.0,0.0,0.0
0706,0773368,Adenocarcinoma low grade,0.14692619442939758,0.14692619442939758,44,0.9716630527086401,34,3,6,0,0,0,0,0,1,0,0,0,0,0.7727272727272727,0.06818181818181818,0.13636363636363635,0.0,0.0,0.0,0.0,0.0,0.022727272727272728,0.0,0.0,0.0,0.0
0706,0805245,Adenocarcinoma low grade,0.16613426804542542,0.16613426804542542,59,0.9379418808672642,44,2,9,0,0,0,2,0,0,0,0,0,2,0.7457627118644068,0.03389830508474576,0.15254237288135594,0.0,0.0,0.0,0.03389830508474576,0.0,0.0,0.0,0.0,0.0,0.03389830508474576
0706,0954751,Adenocarcinoma low grade,0.12826214730739594,0.12826214730739594,84,0.9258976340825895,46,26,1,10,0,0,1,0,0,0,0,0,0,0.5476190476190477,0.30952380952380953,0.011904761904761904,0.11904761904761904,0.0,0.0,0.011904761904761904,0.0,0.0,0.0,0.0,0.0,0.0
0706,0960284,Adenocarcinoma low grade,0.11116711795330048,0.11116711795330048,66,0.9307090369305695,28,29,6,0,0,0,1,0,1,0,0,0,1,0.42424242424242425,0.4393939393939394,0.09090909090909091,0.0,0.0,0.0,0.015151515151515152,0.0,0.015151515151515152,0.0,0.0,0.0,0.015151515151515152
0706,0966979,Adenocarcinoma low grade,0.15052638947963715,0.15052638947963715,86,0.9597334392913034,85,0,0,1,0,0,0,0,0,0,0,0,0,0.9883720930232558,0.0,0.0,0.011627906976744186,0.0,0.0,0.0,0.0,0.0,0.0,0.0,0.0,0.0
0706,1029825,Adenocarcinoma low grade,0.16928277909755707,0.16928277909755707,64,0.9326714245601588,23,12,19,2,0,0,4,0,3,0,0,0,1,0.359375,0.1875,0.296875,0.03125,0.0,0.0,0.0625,0.0,0.046875,0.0,0.0,0.0,0.015625
0708,0032226,Adenocarcinoma low grade,0.14040564000606537,0.14040564000606537,34,0.9993823471327671,32,0,0,0,0,0,0,0,2,0,0,0,0,0.9411764705882353,0.0,0.0,0.0,0.0,0.0,0.0,0.0,0.058823529411764705,0.0,0.0,0.0,0.0
0708,0085333,Adenocarcinoma low grade,0.14896462857723236,0.14896462857723236,78,0.981495265888706,78,0,0,0,0,0,0,0,0,0,0,0,0,1.0,0.0,0.0,0.0,0.0,0.0,0.0,0.0,0.0,0.0,0.0,0.0,0.0
0708,0277170,Adenocarcinoma low grade,0.1501619964838028,0.1501619964838028,62,0.9881545391201931,60,0,2,0,0,0,0,0,0,0,0,0,0,0.967741935483871,0.0,0.03225806451612903,0.0,0.0,0.0,0.0,0.0,0.0,0.0,0.0,0.0,0.0
0708,0355402,Adenocarcinoma low grade,0.12734584510326385,0.12734584510326385,69,0.996783968796681,65,1,2,0,0,0,1,0,0,0,0,0,0,0.9420289855072463,0.014492753623188406,0.028985507246376812,0.0,0.0,0.0,0.014492753623188406,0.0,0.0,0.0,0.0,0.0,0.0
0708,0412281,Adenocarcinoma low grade,0.1477852165699005,0.1477852165699005,30,0.9806849312381262,27,0,1,0,0,0,0,0,1,1,0,0,0,0.9,0.0,0.03333333333333333,0.0,0.0,0.0,0.0,0.0,0.03333333333333333,0.03333333333333333,0.0,0.0,0.0
0708,0424552,Adenocarcinoma low grade,0.1340731382369995,0.1340731382369995,56,0.9654911073957724,43,2,3,0,0,0,3,0,5,0,0,0,0,0.7678571428571429,0.03571428571428571,0.05357142857142857,0.0,0.0,0.0,0.05357142857142857,0.0,0.08928571428571429,0.0,0.0,0.0,0.0
0708,0433513,Adenocarcinoma low grade,0.13834430277347565,0.13834430277347565,63,0.9995908944227585,59,0,4,0,0,0,0,0,0,0,0,0,0,0.9365079365079365,0.0,0.06349206349206349,0.0,0.0,0.0,0.0,0.0,0.0,0.0,0.0,0.0,0.0
0708,0713175,Adenocarcinoma low grade,0.146298348903656,0.146298348903656,44,0.9804269886691629,38,0,2,0,0,0,0,0,0,0,0,0,4,0.8636363636363636,0.0,0.045454545454545456,0.0,0.0,0.0,0.0,0.0,0.0,0.0,0.0,0.0,0.09090909090909091
0708,0742558,Adenocarcinoma low grade,0.14521463215351105,0.14521463215351105,59,0.960347680205801,34,0,0,1,0,0,0,0,0,0,0,0,24,0.576271186440678,0.0,0.0,0.01694915254237288,0.0,0.0,0.0,0.0,0.0,0.0,0.0,0.0,0.4067796610169492
0708,0766011,Adenocarcinoma low grade,0.14279259741306305,0.14279259741306305,54,0.987441127720476,51,0,0,0,0,0,0,0,3,0,0,0,0,0.9444444444444444,0.0,0.0,0.0,0.0,0.0,0.0,0.0,0.05555555555555555,0.0,0.0,0.0,0.0
0714,0006086,Adenocarcinoma low grade,0.24945127964019775,0.24945127964019775,56,0.9996059036636264,56,0,0,0,0,0,0,0,0,0,0,0,0,1.0,0.0,0.0,0.0,0.0,0.0,0.0,0.0,0.0,0.0,0.0,0.0,0.0
0714,0007977,Adenocarcinoma low grade,0.2773056924343109,0.2773056924343109,37,0.9906642887257309,33,0,0,0,0,0,1,0,3,0,0,0,0,0.8918918918918919,0.0,0.0,0.0,0.0,0.0,0.02702702702702703,0.0,0.08108108108108109,0.0,0.0,0.0,0.0
0714,0108586,Adenocarcinoma low grade,0.27260518074035645,0.27260518074035645,41,0.986033861946636,36,0,4,0,0,0,1,0,0,0,0,0,0,0.8780487804878049,0.0,0.0975609756097561,0.0,0.0,0.0,0.024390243902439025,0.0,0.0,0.0,0.0,0.0,0.0
0714,0110335,Adenocarcinoma low grade,0.2208396941423416,0.2208396941423416,46,0.999925799221012,46,0,0,0,0,0,0,0,0,0,0,0,0,1.0,0.0,0.0,0.0,0.0,0.0,0.0,0.0,0.0,0.0,0.0,0.0,0.0
0714,0158159,Adenocarcinoma low grade,0.297063410282135,0.297063410282135,45,0.9920182806642794,44,0,1,0,0,0,0,0,0,0,0,0,0,0.9777777777777777,0.0,0.022222222222222223,0.0,0.0,0.0,0.0,0.0,0.0,0.0,0.0,0.0,0.0
0714,0211607,Adenocarcinoma low grade,0.2456941455602646,0.2456941455602646,33,0.9844519526119428,29,0,3,0,0,0,1,0,0,0,0,0,0,0.8787878787878788,0.0,0.09090909090909091,0.0,0.0,0.0,0.030303030303030304,0.0,0.0,0.0,0.0,0.0,0.0
0714,0253776,Adenocarcinoma low grade,0.22692826390266418,0.22692826390266418,30,0.9999999942149809,28,1,0,0,0,0,0,0,1,0,0,0,0,0.9333333333333333,0.03333333333333333,0.0,0.0,0.0,0.0,0.0,0.0,0.03333333333333333,0.0,0.0,0.0,0.0
0714,0297711,Adenocarcinoma low grade,0.31579965353012085,0.31579965353012085,36,0.9291774750841763,22,1,7,0,0,0,5,0,1,0,0,0,0,0.6111111111111112,0.027777777777777776,0.19444444444444445,0.0,0.0,0.0,0.1388888888888889,0.0,0.027777777777777776,0.0,0.0,0.0,0.0
0714,0313983,Adenocarcinoma low grade,0.24838373064994812,0.24838373064994812,28,0.9971730202320613,24,0,4,0,0,0,0,0,0,0,0,0,0,0.8571428571428571,0.0,0.14285714285714285,0.0,0.0,0.0,0.0,0.0,0.0,0.0,0.0,0.0,0.0
0714,0424628,Adenocarcinoma low grade,0.2519844174385071,0.2519844174385071,36,0.9859706055588856,25,0,11,0,0,0,0,0,0,0,0,0,0,0.6944444444444444,0.0,0.3055555555555556,0.0,0.0,0.0,0.0,0.0,0.0,0.0,0.0,0.0,0.0
0714,0441546,Adenocarcinoma low grade,0.24375762045383453,0.24375762045383453,44,0.9936304598284991,44,0,0,0,0,0,0,0,0,0,0,0,0,1.0,0.0,0.0,0.0,0.0,0.0,0.0,0.0,0.0,0.0,0.0,0.0,0.0
0714,0515346,Adenocarcinoma low grade,0.23955242335796356,0.23955242335796356,53,0.9845287003880008,45,0,5,0,0,0,3,0,0,0,0,0,0,0.8490566037735849,0.0,0.09433962264150944,0.0,0.0,0.0,0.05660377358490566,0.0,0.0,0.0,0.0,0.0,0.0
0714,0522541,Adenocarcinoma low grade,0.29985663294792175,0.29985663294792175,22,0.9715134278831278,13,0,8,0,0,0,1,0,0,0,0,0,0,0.5909090909090909,0.0,0.36363636363636365,0.0,0.0,0.0,0.045454545454545456,0.0,0.0,0.0,0.0,0.0,0.0
0714,0550475,Adenocarcinoma low grade,0.2592925727367401,0.2592925727367401,36,0.9809212102010536,35,0,1,0,0,0,0,0,0,0,0,0,0,0.9722222222222222,0.0,0.027777777777777776,0.0,0.0,0.0,0.0,0.0,0.0,0.0,0.0,0.0,0.0
0714,0725191,Adenocarcinoma low grade,0.24026624858379364,0.24026624858379364,44,0.9763886251021826,28,0,15,0,0,0,1,0,0,0,0,0,0,0.6363636363636364,0.0,0.3409090909090909,0.0,0.0,0.0,0.022727272727272728,0.0,0.0,0.0,0.0,0.0,0.0
0714,0800480,Adenocarcinoma low grade,0.250244140625,0.250244140625,39,0.9977009301189619,37,0,0,0,0,0,0,0,0,0,0,2,0,0.9487179487179487,0.0,0.0,0.0,0.0,0.0,0.0,0.0,0.0,0.0,0.0,0.05128205128205128,0.0
0714,0851173,Adenocarcinoma low grade,0.2545410692691803,0.2545410692691803,45,0.9736780250789173,41,0,3,0,0,0,1,0,0,0,0,0,0,0.9111111111111111,0.0,0.06666666666666667,0.0,0.0,0.0,0.022222222222222223,0.0,0.0,0.0,0.0,0.0,0.0
0714,0861295,Adenocarcinoma low grade,0.25377127528190613,0.25377127528190613,45,0.9493094025474151,44,0,1,0,0,0,0,0,0,0,0,0,0,0.9777777777777777,0.0,0.022222222222222223,0.0,0.0,0.0,0.0,0.0,0.0,0.0,0.0,0.0,0.0
0714,0993983,Adenocarcinoma low grade,0.284343421459198,0.284343421459198,40,0.9858775158461599,34,0,5,0,0,0,1,0,0,0,0,0,0,0.85,0.0,0.125,0.0,0.0,0.0,0.025,0.0,0.0,0.0,0.0,0.0,0.0
0720,0106077,Adenocarcinoma low grade,0.24182426929473877,0.24182426929473877,57,0.994474657994939,57,0,0,0,0,0,0,0,0,0,0,0,0,1.0,0.0,0.0,0.0,0.0,0.0,0.0,0.0,0.0,0.0,0.0,0.0,0.0
0725,0007950,Adenocarcinoma low grade,0.07945477962493896,0.07945477962493896,71,0.964320620364557,46,8,14,0,0,0,3,0,0,0,0,0,0,0.647887323943662,0.11267605633802817,0.19718309859154928,0.0,0.0,0.0,0.04225352112676056,0.0,0.0,0.0,0.0,0.0,0.0
0725,0056437,Adenocarcinoma low grade,0.15418483316898346,0.15418483316898346,47,0.9561020004255885,30,3,7,0,0,0,6,0,0,0,0,1,0,0.6382978723404256,0.06382978723404255,0.14893617021276595,0.0,0.0,0.0,0.1276595744680851,0.0,0.0,0.0,0.0,0.02127659574468085,0.0
0725,0090272,Adenocarcinoma low grade,0.1366698443889618,0.1366698443889618,55,0.9793899682520903,48,1,3,0,0,0,3,0,0,0,0,0,0,0.8727272727272727,0.01818181818181818,0.05454545454545454,0.0,0.0,0.0,0.05454545454545454,0.0,0.0,0.0,0.0,0.0,0.0
0725,0149856,Adenocarcinoma low grade,0.15110866725444794,0.15110866725444794,52,0.9727773154856952,42,0,1,0,0,0,7,0,0,0,0,0,2,0.8076923076923077,0.0,0.019230769230769232,0.0,0.0,0.0,0.1346153846153846,0.0,0.0,0.0,0.0,0.0,0.038461538461538464
0725,0166899,Adenocarcinoma low grade,0.1466408371925354,0.1466408371925354,54,0.9848391132896275,53,1,0,0,0,0,0,0,0,0,0,0,0,0.9814814814814815,0.018518518518518517,0.0,0.0,0.0,0.0,0.0,0.0,0.0,0.0,0.0,0.0,0.0
0725,0222384,Adenocarcinoma low grade,0.15082484483718872,0.15082484483718872,53,0.9481405160783158,27,2,11,0,0,0,13,0,0,0,0,0,0,0.5094339622641509,0.03773584905660377,0.20754716981132076,0.0,0.0,0.0,0.24528301886792453,0.0,0.0,0.0,0.0,0.0,0.0
0725,0231891,Adenocarcinoma low grade,0.08157002180814743,0.08157002180814743,44,0.9437778839582361,32,3,5,0,0,0,2,0,1,0,0,0,1,0.7272727272727273,0.06818181818181818,0.11363636363636363,0.0,0.0,0.0,0.045454545454545456,0.0,0.022727272727272728,0.0,0.0,0.0,0.022727272727272728
0725,0290390,Adenocarcinoma low grade,0.15594445168972015,0.15594445168972015,26,0.9863954679392197,26,0,0,0,0,0,0,0,0,0,0,0,0,1.0,0.0,0.0,0.0,0.0,0.0,0.0,0.0,0.0,0.0,0.0,0.0,0.0
0725,0386347,Adenocarcinoma low grade,0.16388364136219025,0.16388364136219025,50,0.9618748610888322,50,0,0,0,0,0,0,0,0,0,0,0,0,1.0,0.0,0.0,0.0,0.0,0.0,0.0,0.0,0.0,0.0,0.0,0.0,0.0
0725,0410590,Adenocarcinoma low grade,0.13560006022453308,0.13560006022453308,59,0.9770830111447726,55,2,0,0,0,0,0,0,0,0,0,0,2,0.9322033898305084,0.03389830508474576,0.0,0.0,0.0,0.0,0.0,0.0,0.0,0.0,0.0,0.0,0.03389830508474576
0725,0431656,Adenocarcinoma low grade,0.13293951749801636,0.13293951749801636,50,0.908550455972838,29,10,3,0,0,0,3,1,2,0,0,2,0,0.58,0.2,0.06,0.0,0.0,0.0,0.06,0.02,0.04,0.0,0.0,0.04,0.0
0725,0515811,Adenocarcinoma low grade,0.1594228744506836,0.1594228744506836,86,0.9554777654565417,86,0,0,0,0,0,0,0,0,0,0,0,0,1.0,0.0,0.0,0.0,0.0,0.0,0.0,0.0,0.0,0.0,0.0,0.0,0.0
0725,0520582,Adenocarcinoma low grade,0.15872670710086823,0.15872670710086823,72,0.9380069597387065,51,8,5,0,0,0,7,0,1,0,0,0,0,0.7083333333333334,0.1111111111111111,0.06944444444444445,0.0,0.0,0.0,0.09722222222222222,0.0,0.013888888888888888,0.0,0.0,0.0,0.0
0725,0530385,Adenocarcinoma low grade,0.14995983242988586,0.14995983242988586,51,0.995686829052264,51,0,0,0,0,0,0,0,0,0,0,0,0,1.0,0.0,0.0,0.0,0.0,0.0,0.0,0.0,0.0,0.0,0.0,0.0,0.0
0725,0623501,Adenocarcinoma low grade,0.14019769430160522,0.14019769430160522,46,0.995536153548474,35,3,6,0,0,0,2,0,0,0,0,0,0,0.7608695652173914,0.06521739130434782,0.13043478260869565,0.0,0.0,0.0,0.043478260869565216,0.0,0.0,0.0,0.0,0.0,0.0
0725,0712592,Adenocarcinoma low grade,0.1444471776485443,0.1444471776485443,47,0.9858218378524838,46,0,1,0,0,0,0,0,0,0,0,0,0,0.9787234042553191,0.0,0.02127659574468085,0.0,0.0,0.0,0.0,0.0,0.0,0.0,0.0,0.0,0.0
0725,0750236,Adenocarcinoma low grade,0.11933299154043198,0.11933299154043198,38,0.9207952863205511,38,0,0,0,0,0,0,0,0,0,0,0,0,1.0,0.0,0.0,0.0,0.0,0.0,0.0,0.0,0.0,0.0,0.0,0.0,0.0
0725,0961808,Adenocarcinoma low grade,0.15588699281215668,0.15588699281215668,58,0.9835101514929887,31,3,22,1,0,0,0,0,0,0,0,0,1,0.5344827586206896,0.05172413793103448,0.3793103448275862,0.017241379310344827,0.0,0.0,0.0,0.0,0.0,0.0,0.0,0.0,0.017241379310344827
0725,0963239,Adenocarcinoma low grade,0.13696251809597015,0.13696251809597015,39,0.9999999916190566,33,0,6,0,0,0,0,0,0,0,0,0,0,0.8461538461538461,0.0,0.15384615384615385,0.0,0.0,0.0,0.0,0.0,0.0,0.0,0.0,0.0,0.0
0725,1008275,Adenocarcinoma low grade,0.14742286503314972,0.14742286503314972,37,0.9715944054342845,36,0,0,0,0,0,0,0,1,0,0,0,0,0.972972972972973,0.0,0.0,0.0,0.0,0.0,0.0,0.0,0.02702702702702703,0.0,0.0,0.0,0.0
0787,0315925,Adenocarcinoma low grade,0.16162040829658508,0.16162040829658508,48,0.9989784074874931,48,0,0,0,0,0,0,0,0,0,0,0,0,1.0,0.0,0.0,0.0,0.0,0.0,0.0,0.0,0.0,0.0,0.0,0.0,0.0
0787,0604391,Adenocarcinoma low grade,0.1591457575559616,0.1591457575559616,78,0.9992075079385557,78,0,0,0,0,0,0,0,0,0,0,0,0,1.0,0.0,0.0,0.0,0.0,0.0,0.0,0.0,0.0,0.0,0.0,0.0,0.0
0787,0797762,Adenocarcinoma low grade,0.1608230620622635,0.1608230620622635,58,0.9964399728739705,58,0,0,0,0,0,0,0,0,0,0,0,0,1.0,0.0,0.0,0.0,0.0,0.0,0.0,0.0,0.0,0.0,0.0,0.0,0.0
0787,0850167,Adenocarcinoma low grade,0.161676824092865,0.161676824092865,62,0.9997459791830849,62,0,0,0,0,0,0,0,0,0,0,0,0,1.0,0.0,0.0,0.0,0.0,0.0,0.0,0.0,0.0,0.0,0.0,0.0,0.0
0787,0903598,Adenocarcinoma low grade,0.16517527401447296,0.16517527401447296,43,0.9865227218979838,43,0,0,0,0,0,0,0,0,0,0,0,0,1.0,0.0,0.0,0.0,0.0,0.0,0.0,0.0,0.0,0.0,0.0,0.0,0.0
0787,0981098,Adenocarcinoma low grade,0.159422367811203,0.159422367811203,50,0.9936993462153569,50,0,0,0,0,0,0,0,0,0,0,0,0,1.0,0.0,0.0,0.0,0.0,0.0,0.0,0.0,0.0,0.0,0.0,0.0,0.0
0792,0178443,Adenocarcinoma low grade,0.17444443702697754,0.17444443702697754,66,0.9883557090713622,64,1,1,0,0,0,0,0,0,0,0,0,0,0.9696969696969697,0.015151515151515152,0.015151515151515152,0.0,0.0,0.0,0.0,0.0,0.0,0.0,0.0,0.0,0.0
0792,0273929,Adenocarcinoma low grade,0.2515273690223694,0.2515273690223694,51,0.9761744728743479,48,0,1,0,0,0,2,0,0,0,0,0,0,0.9411764705882353,0.0,0.0196078431372549,0.0,0.0,0.0,0.0392156862745098,0.0,0.0,0.0,0.0,0.0,0.0
0792,0440692,Adenocarcinoma low grade,0.19002680480480194,0.19002680480480194,68,0.9942744230452386,66,0,1,0,0,0,1,0,0,0,0,0,0,0.9705882352941176,0.0,0.014705882352941176,0.0,0.0,0.0,0.014705882352941176,0.0,0.0,0.0,0.0,0.0,0.0
0855,0105044,Adenocarcinoma low grade,0.15720827877521515,0.15720827877521515,56,0.9740123294123758,40,1,12,2,0,0,0,0,1,0,0,0,0,0.7142857142857143,0.017857142857142856,0.21428571428571427,0.03571428571428571,0.0,0.0,0.0,0.0,0.017857142857142856,0.0,0.0,0.0,0.0
0855,0119270,Adenocarcinoma low grade,0.1573869287967682,0.1573869287967682,73,0.9980598508771591,59,1,13,0,0,0,0,0,0,0,0,0,0,0.8082191780821918,0.0136986301369863,0.1780821917808219,0.0,0.0,0.0,0.0,0.0,0.0,0.0,0.0,0.0,0.0
0855,0130880,Adenocarcinoma low grade,0.13963347673416138,0.13963347673416138,43,0.9918871916691023,35,1,6,0,0,0,1,0,0,0,0,0,0,0.813953488372093,0.023255813953488372,0.13953488372093023,0.0,0.0,0.0,0.023255813953488372,0.0,0.0,0.0,0.0,0.0,0.0
0855,0134631,Adenocarcinoma low grade,0.1652591973543167,0.1652591973543167,70,0.9937401806655773,63,2,5,0,0,0,0,0,0,0,0,0,0,0.9,0.02857142857142857,0.07142857142857142,0.0,0.0,0.0,0.0,0.0,0.0,0.0,0.0,0.0,0.0
0855,0186736,Adenocarcinoma low grade,0.16507162153720856,0.16507162153720856,52,0.9999999939730467,52,0,0,0,0,0,0,0,0,0,0,0,0,1.0,0.0,0.0,0.0,0.0,0.0,0.0,0.0,0.0,0.0,0.0,0.0,0.0
0855,0421815,Adenocarcinoma low grade,0.1680009961128235,0.1680009961128235,65,0.9835216732546013,64,1,0,0,0,0,0,0,0,0,0,0,0,0.9846153846153847,0.015384615384615385,0.0,0.0,0.0,0.0,0.0,0.0,0.0,0.0,0.0,0.0,0.0
0855,0482536,Adenocarcinoma low grade,0.16514897346496582,0.16514897346496582,83,0.9665578065518873,60,0,18,1,0,0,1,0,2,0,0,0,1,0.7228915662650602,0.0,0.21686746987951808,0.012048192771084338,0.0,0.0,0.012048192771084338,0.0,0.024096385542168676,0.0,0.0,0.0,0.012048192771084338
0855,0633302,Adenocarcinoma low grade,0.16841739416122437,0.16841739416122437,67,0.9362314263326267,33,12,8,0,0,0,1,0,13,0,0,0,0,0.4925373134328358,0.1791044776119403,0.11940298507462686,0.0,0.0,0.0,0.014925373134328358,0.0,0.19402985074626866,0.0,0.0,0.0,0.0
0855,0694993,Adenocarcinoma low grade,0.1617150902748108,0.1617150902748108,47,0.9947494733693317,46,0,1,0,0,0,0,0,0,0,0,0,0,0.9787234042553191,0.0,0.02127659574468085,0.0,0.0,0.0,0.0,0.0,0.0,0.0,0.0,0.0,0.0
0855,0761169,Adenocarcinoma low grade,0.17041456699371338,0.17041456699371338,81,0.9842004507505551,61,1,19,0,0,0,0,0,0,0,0,0,0,0.7530864197530864,0.012345679012345678,0.2345679012345679,0.0,0.0,0.0,0.0,0.0,0.0,0.0,0.0,0.0,0.0
0855,0840251,Adenocarcinoma low grade,0.16374853253364563,0.16374853253364563,75,0.9108523756646482,49,3,2,0,0,2,12,0,4,0,0,0,3,0.6533333333333333,0.04,0.02666666666666667,0.0,0.0,0.02666666666666667,0.16,0.0,0.05333333333333334,0.0,0.0,0.0,0.04
0855,0866854,Adenocarcinoma low grade,0.16366004943847656,0.16366004943847656,88,0.9309425948926808,48,5,11,0,0,1,2,0,19,0,0,0,2,0.5454545454545454,0.056818181818181816,0.125,0.0,0.0,0.011363636363636364,0.022727272727272728,0.0,0.2159090909090909,0.0,0.0,0.0,0.022727272727272728
0855,0868743,Adenocarcinoma low grade,0.14827539026737213,0.14827539026737213,64,0.9727082255016049,51,0,1,0,0,0,8,0,3,0,0,0,1,0.796875,0.0,0.015625,0.0,0.0,0.0,0.125,0.0,0.046875,0.0,0.0,0.0,0.015625
0855,0964041,Adenocarcinoma low grade,0.16662384569644928,0.16662384569644928,71,0.9606880357835319,66,0,0,0,0,0,0,0,5,0,0,0,0,0.9295774647887324,0.0,0.0,0.0,0.0,0.0,0.0,0.0,0.07042253521126761,0.0,0.0,0.0,0.0
0855,1035462,Adenocarcinoma low grade,0.16830500960350037,0.16830500960350037,72,0.9846540231750571,67,2,2,0,0,0,0,0,1,0,0,0,0,0.9305555555555556,0.027777777777777776,0.027777777777777776,0.0,0.0,0.0,0.0,0.0,0.013888888888888888,0.0,0.0,0.0,0.0
0868,0826575,Adenocarcinoma low grade,0.23284439742565155,0.23284439742565155,36,0.9564259923565772,29,0,0,0,0,2,0,0,0,0,0,0,5,0.8055555555555556,0.0,0.0,0.0,0.0,0.05555555555555555,0.0,0.0,0.0,0.0,0.0,0.0,0.1388888888888889
0921,0008596,Adenocarcinoma low grade,0.16032131016254425,0.16032131016254425,39,0.9999999939649166,39,0,0,0,0,0,0,0,0,0,0,0,0,1.0,0.0,0.0,0.0,0.0,0.0,0.0,0.0,0.0,0.0,0.0,0.0,0.0
0921,0125686,Adenocarcinoma low grade,0.17915283143520355,0.17915283143520355,80,0.9655741478788282,60,0,18,1,0,0,0,0,1,0,0,0,0,0.75,0.0,0.225,0.0125,0.0,0.0,0.0,0.0,0.0125,0.0,0.0,0.0,0.0
0921,0145173,Adenocarcinoma low grade,0.14957372844219208,0.14957372844219208,58,0.9580494214452459,47,4,6,0,0,0,0,0,0,0,0,0,1,0.8103448275862069,0.06896551724137931,0.10344827586206896,0.0,0.0,0.0,0.0,0.0,0.0,0.0,0.0,0.0,0.017241379310344827
0921,0295854,Adenocarcinoma low grade,0.17274805903434753,0.17274805903434753,81,0.9763306263522714,37,3,38,0,0,0,2,0,1,0,0,0,0,0.4567901234567901,0.037037037037037035,0.4691358024691358,0.0,0.0,0.0,0.024691358024691357,0.0,0.012345679012345678,0.0,0.0,0.0,0.0
0921,0324527,Adenocarcinoma low grade,0.15788541734218597,0.15788541734218597,53,0.9967438156708275,52,1,0,0,0,0,0,0,0,0,0,0,0,0.9811320754716981,0.018867924528301886,0.0,0.0,0.0,0.0,0.0,0.0,0.0,0.0,0.0,0.0,0.0
0921,0361722,Adenocarcinoma low grade,0.15633581578731537,0.15633581578731537,61,0.9655192598310876,59,1,1,0,0,0,0,0,0,0,0,0,0,0.9672131147540983,0.01639344262295082,0.01639344262295082,0.0,0.0,0.0,0.0,0.0,0.0,0.0,0.0,0.0,0.0
0921,0381925,Adenocarcinoma low grade,0.15992970764636993,0.15992970764636993,56,0.9763363093373041,52,0,3,0,0,0,1,0,0,0,0,0,0,0.9285714285714286,0.0,0.05357142857142857,0.0,0.0,0.0,0.017857142857142856,0.0,0.0,0.0,0.0,0.0,0.0
0921,0403377,Adenocarcinoma low grade,0.1673443466424942,0.1673443466424942,84,0.9607308617761758,76,1,3,1,0,0,0,0,2,0,0,0,1,0.9047619047619048,0.011904761904761904,0.03571428571428571,0.011904761904761904,0.0,0.0,0.0,0.0,0.023809523809523808,0.0,0.0,0.0,0.011904761904761904
0921,0407256,Adenocarcinoma low grade,0.16131946444511414,0.16131946444511414,81,0.988230099607563,55,1,13,0,0,0,4,0,8,0,0,0,0,0.6790123456790124,0.012345679012345678,0.16049382716049382,0.0,0.0,0.0,0.04938271604938271,0.0,0.09876543209876543,0.0,0.0,0.0,0.0
0921,0424817,Adenocarcinoma low grade,0.15337501466274261,0.15337501466274261,69,0.9823110855999498,64,2,1,0,0,1,1,0,0,0,0,0,0,0.927536231884058,0.028985507246376812,0.014492753623188406,0.0,0.0,0.014492753623188406,0.014492753623188406,0.0,0.0,0.0,0.0,0.0,0.0
0921,0455062,Adenocarcinoma low grade,0.15376752614974976,0.15376752614974976,80,0.9961215622978065,79,1,0,0,0,0,0,0,0,0,0,0,0,0.9875,0.0125,0.0,0.0,0.0,0.0,0.0,0.0,0.0,0.0,0.0,0.0,0.0
0921,0472188,Adenocarcinoma low grade,0.15284463763237,0.15284463763237,62,0.9916161397013455,62,0,0,0,0,0,0,0,0,0,0,0,0,1.0,0.0,0.0,0.0,0.0,0.0,0.0,0.0,0.0,0.0,0.0,0.0,0.0
0921,0551548,Adenocarcinoma low grade,0.14822790026664734,0.14822790026664734,44,0.9878704144125443,42,1,0,0,0,0,0,0,0,0,0,0,1,0.9545454545454546,0.022727272727272728,0.0,0.0,0.0,0.0,0.0,0.0,0.0,0.0,0.0,0.0,0.022727272727272728
0921,0551861,Adenocarcinoma low grade,0.17127609252929688,0.17127609252929688,44,0.9988709522363549,44,0,0,0,0,0,0,0,0,0,0,0,0,1.0,0.0,0.0,0.0,0.0,0.0,0.0,0.0,0.0,0.0,0.0,0.0,0.0
0921,0617066,Adenocarcinoma low grade,0.1599632054567337,0.1599632054567337,99,0.9654713378609981,79,2,7,0,0,0,6,0,2,0,0,0,3,0.797979797979798,0.020202020202020204,0.0707070707070707,0.0,0.0,0.0,0.06060606060606061,0.0,0.020202020202020204,0.0,0.0,0.0,0.030303030303030304
0921,0695781,Adenocarcinoma low grade,0.15586361289024353,0.15586361289024353,67,0.9984875024094809,65,0,2,0,0,0,0,0,0,0,0,0,0,0.9701492537313433,0.0,0.029850746268656716,0.0,0.0,0.0,0.0,0.0,0.0,0.0,0.0,0.0,0.0
0921,0789060,Adenocarcinoma low grade,0.17620830237865448,0.17620830237865448,97,0.9771687793621812,82,0,15,0,0,0,0,0,0,0,0,0,0,0.845360824742268,0.0,0.15463917525773196,0.0,0.0,0.0,0.0,0.0,0.0,0.0,0.0,0.0,0.0
0921,0834397,Adenocarcinoma low grade,0.1622539460659027,0.1622539460659027,57,0.9933300843084537,56,0,0,0,0,0,0,0,0,0,0,0,1,0.9824561403508771,0.0,0.0,0.0,0.0,0.0,0.0,0.0,0.0,0.0,0.0,0.0,0.017543859649122806
0921,0924330,Adenocarcinoma low grade,0.1789947748184204,0.1789947748184204,63,0.9755886873958934,60,0,3,0,0,0,0,0,0,0,0,0,0,0.9523809523809523,0.0,0.047619047619047616,0.0,0.0,0.0,0.0,0.0,0.0,0.0,0.0,0.0,0.0
0921,0958749,Adenocarcinoma low grade,0.17495912313461304,0.17495912313461304,58,0.9436770824403447,29,1,24,0,0,0,0,0,4,0,0,0,0,0.5,0.017241379310344827,0.41379310344827586,0.0,0.0,0.0,0.0,0.0,0.06896551724137931,0.0,0.0,0.0,0.0
0921,1017564,Adenocarcinoma low grade,0.15575210750102997,0.15575210750102997,72,0.9728090254072997,70,0,2,0,0,0,0,0,0,0,0,0,0,0.9722222222222222,0.0,0.027777777777777776,0.0,0.0,0.0,0.0,0.0,0.0,0.0,0.0,0.0,0.0
0921,1032091,Adenocarcinoma low grade,0.15596520900726318,0.15596520900726318,62,0.9930579879781126,60,0,2,0,0,0,0,0,0,0,0,0,0,0.967741935483871,0.0,0.03225806451612903,0.0,0.0,0.0,0.0,0.0,0.0,0.0,0.0,0.0,0.0
0936,0012701,Adenocarcinoma low grade,0.15781782567501068,0.15781782567501068,65,0.9956666264292018,59,0,6,0,0,0,0,0,0,0,0,0,0,0.9076923076923077,0.0,0.09230769230769231,0.0,0.0,0.0,0.0,0.0,0.0,0.0,0.0,0.0,0.0
0936,0129318,Adenocarcinoma low grade,0.16085079312324524,0.16085079312324524,65,0.9783510847340058,65,0,0,0,0,0,0,0,0,0,0,0,0,1.0,0.0,0.0,0.0,0.0,0.0,0.0,0.0,0.0,0.0,0.0,0.0,0.0
0936,0240671,Adenocarcinoma low grade,0.15436792373657227,0.15436792373657227,52,0.9999999912360834,51,1,0,0,0,0,0,0,0,0,0,0,0,0.9807692307692307,0.019230769230769232,0.0,0.0,0.0,0.0,0.0,0.0,0.0,0.0,0.0,0.0,0.0
0936,0329517,Adenocarcinoma low grade,0.15921489894390106,0.15921489894390106,61,0.9846243275622817,56,1,3,1,0,0,0,0,0,0,0,0,0,0.9180327868852459,0.01639344262295082,0.04918032786885246,0.01639344262295082,0.0,0.0,0.0,0.0,0.0,0.0,0.0,0.0,0.0
0936,0348919,Adenocarcinoma low grade,0.14929544925689697,0.14929544925689697,64,0.9773931487539104,64,0,0,0,0,0,0,0,0,0,0,0,0,1.0,0.0,0.0,0.0,0.0,0.0,0.0,0.0,0.0,0.0,0.0,0.0,0.0
0936,0367723,Adenocarcinoma low grade,0.15833674371242523,0.15833674371242523,78,0.9698094297586235,78,0,0,0,0,0,0,0,0,0,0,0,0,1.0,0.0,0.0,0.0,0.0,0.0,0.0,0.0,0.0,0.0,0.0,0.0,0.0
0936,0443995,Adenocarcinoma low grade,0.15691769123077393,0.15691769123077393,90,0.9354444967103709,76,1,3,1,0,0,2,0,2,0,0,2,3,0.8444444444444444,0.011111111111111112,0.03333333333333333,0.011111111111111112,0.0,0.0,0.022222222222222223,0.0,0.022222222222222223,0.0,0.0,0.022222222222222223,0.03333333333333333
0936,0486826,Adenocarcinoma low grade,0.14219748973846436,0.14219748973846436,103,0.9935816241866341,90,3,5,0,1,0,3,0,0,0,0,0,1,0.8737864077669902,0.02912621359223301,0.04854368932038835,0.0,0.009708737864077669,0.0,0.02912621359223301,0.0,0.0,0.0,0.0,0.0,0.009708737864077669
0936,0505733,Adenocarcinoma low grade,0.16173456609249115,0.16173456609249115,63,0.939532818178958,44,0,4,0,0,5,4,0,0,0,0,1,5,0.6984126984126984,0.0,0.06349206349206349,0.0,0.0,0.07936507936507936,0.06349206349206349,0.0,0.0,0.0,0.0,0.015873015873015872,0.07936507936507936
0936,0566708,Adenocarcinoma low grade,0.15603327751159668,0.15603327751159668,66,0.999780145931984,66,0,0,0,0,0,0,0,0,0,0,0,0,1.0,0.0,0.0,0.0,0.0,0.0,0.0,0.0,0.0,0.0,0.0,0.0,0.0
0936,0594481,Adenocarcinoma low grade,0.14208456873893738,0.14208456873893738,49,0.9856234326487268,49,0,0,0,0,0,0,0,0,0,0,0,0,1.0,0.0,0.0,0.0,0.0,0.0,0.0,0.0,0.0,0.0,0.0,0.0,0.0
0936,0600067,Adenocarcinoma low grade,0.16068533062934875,0.16068533062934875,67,0.999607620307885,66,0,1,0,0,0,0,0,0,0,0,0,0,0.9850746268656716,0.0,0.014925373134328358,0.0,0.0,0.0,0.0,0.0,0.0,0.0,0.0,0.0,0.0
0936,0622920,Adenocarcinoma low grade,0.1583971381187439,0.1583971381187439,63,0.9997018995937835,63,0,0,0,0,0,0,0,0,0,0,0,0,1.0,0.0,0.0,0.0,0.0,0.0,0.0,0.0,0.0,0.0,0.0,0.0,0.0
0936,0639686,Adenocarcinoma low grade,0.15493115782737732,0.15493115782737732,85,0.9105683762289581,24,20,19,0,0,4,13,0,0,0,0,0,5,0.2823529411764706,0.23529411764705882,0.2235294117647059,0.0,0.0,0.047058823529411764,0.15294117647058825,0.0,0.0,0.0,0.0,0.0,0.058823529411764705
0936,0664639,Adenocarcinoma low grade,0.15978506207466125,0.15978506207466125,82,0.9828308869940248,82,0,0,0,0,0,0,0,0,0,0,0,0,1.0,0.0,0.0,0.0,0.0,0.0,0.0,0.0,0.0,0.0,0.0,0.0,0.0
0936,0709198,Adenocarcinoma low grade,0.1535458266735077,0.1535458266735077,60,0.999888135776677,59,0,0,0,0,0,0,0,0,0,0,0,1,0.9833333333333333,0.0,0.0,0.0,0.0,0.0,0.0,0.0,0.0,0.0,0.0,0.0,0.016666666666666666
0936,0752172,Adenocarcinoma low grade,0.16035528481006622,0.16035528481006622,45,0.9837731205999699,44,0,0,1,0,0,0,0,0,0,0,0,0,0.9777777777777777,0.0,0.0,0.022222222222222223,0.0,0.0,0.0,0.0,0.0,0.0,0.0,0.0,0.0
0936,0764554,Adenocarcinoma low grade,0.15950316190719604,0.15950316190719604,75,0.9795810410635389,75,0,0,0,0,0,0,0,0,0,0,0,0,1.0,0.0,0.0,0.0,0.0,0.0,0.0,0.0,0.0,0.0,0.0,0.0,0.0
0936,0776153,Adenocarcinoma low grade,0.15881448984146118,0.15881448984146118,75,0.9750456995251344,68,1,4,1,0,0,0,0,0,0,0,0,1,0.9066666666666666,0.013333333333333334,0.05333333333333334,0.013333333333333334,0.0,0.0,0.0,0.0,0.0,0.0,0.0,0.0,0.013333333333333334
0936,0776320,Adenocarcinoma low grade,0.1577787548303604,0.1577787548303604,71,0.9877122104269035,71,0,0,0,0,0,0,0,0,0,0,0,0,1.0,0.0,0.0,0.0,0.0,0.0,0.0,0.0,0.0,0.0,0.0,0.0,0.0
0936,0792876,Adenocarcinoma low grade,0.1444370448589325,0.1444370448589325,40,0.9459701634934966,37,0,0,0,0,0,0,0,0,0,2,0,1,0.925,0.0,0.0,0.0,0.0,0.0,0.0,0.0,0.0,0.0,0.05,0.0,0.025
0936,0794498,Adenocarcinoma low grade,0.16040927171707153,0.16040927171707153,80,0.9873526265083303,80,0,0,0,0,0,0,0,0,0,0,0,0,1.0,0.0,0.0,0.0,0.0,0.0,0.0,0.0,0.0,0.0,0.0,0.0,0.0
0936,0841071,Adenocarcinoma low grade,0.15555429458618164,0.15555429458618164,63,0.9706515863696937,46,1,8,0,0,0,3,0,2,0,0,0,3,0.7301587301587301,0.015873015873015872,0.12698412698412698,0.0,0.0,0.0,0.047619047619047616,0.0,0.031746031746031744,0.0,0.0,0.0,0.047619047619047616
0936,0924732,Adenocarcinoma low grade,0.16388846933841705,0.16388846933841705,64,0.9694407742499802,46,5,1,1,1,2,3,0,3,0,0,0,2,0.71875,0.078125,0.015625,0.015625,0.015625,0.03125,0.046875,0.0,0.046875,0.0,0.0,0.0,0.03125
0936,0937668,Adenocarcinoma low grade,0.1570453941822052,0.1570453941822052,59,0.965706363040688,54,1,0,0,0,0,0,0,0,0,0,0,4,0.9152542372881356,0.01694915254237288,0.0,0.0,0.0,0.0,0.0,0.0,0.0,0.0,0.0,0.0,0.06779661016949153
0936,0989376,Adenocarcinoma low grade,0.15877409279346466,0.15877409279346466,71,0.9816053349263041,59,0,6,0,0,0,5,0,0,0,0,0,1,0.8309859154929577,0.0,0.08450704225352113,0.0,0.0,0.0,0.07042253521126761,0.0,0.0,0.0,0.0,0.0,0.014084507042253521
0936,1017352,Adenocarcinoma low grade,0.15127457678318024,0.15127457678318024,49,0.9945421145439871,47,0,0,0,0,0,0,0,0,0,0,0,2,0.9591836734693877,0.0,0.0,0.0,0.0,0.0,0.0,0.0,0.0,0.0,0.0,0.0,0.04081632653061224
0936,1024743,Adenocarcinoma low grade,0.13652488589286804,0.13652488589286804,60,0.9974715655474289,60,0,0,0,0,0,0,0,0,0,0,0,0,1.0,0.0,0.0,0.0,0.0,0.0,0.0,0.0,0.0,0.0,0.0,0.0,0.0
0951,0350601,Adenocarcinoma low grade,0.1975841224193573,0.1975841224193573,58,0.9936732836897818,55,1,2,0,0,0,0,0,0,0,0,0,0,0.9482758620689655,0.017241379310344827,0.034482758620689655,0.0,0.0,0.0,0.0,0.0,0.0,0.0,0.0,0.0,0.0
0951,0849838,Adenocarcinoma low grade,0.22542227804660797,0.22542227804660797,70,0.9994428246222664,66,0,0,0,0,0,0,0,0,0,0,0,4,0.9428571428571428,0.0,0.0,0.0,0.0,0.0,0.0,0.0,0.0,0.0,0.0,0.0,0.05714285714285714
0999,0562579,Adenocarcinoma low grade,0.13501809537410736,0.13501809537410736,62,0.9948527318858306,62,0,0,0,0,0,0,0,0,0,0,0,0,1.0,0.0,0.0,0.0,0.0,0.0,0.0,0.0,0.0,0.0,0.0,0.0,0.0
0999,1036540,Adenocarcinoma low grade,0.13321588933467865,0.13321588933467865,73,0.970911376876648,73,0,0,0,0,0,0,0,0,0,0,0,0,1.0,0.0,0.0,0.0,0.0,0.0,0.0,0.0,0.0,0.0,0.0,0.0,0.0
1015,0063220,Adenocarcinoma low grade,0.14955562353134155,0.14955562353134155,55,0.9938765507348364,48,0,6,0,0,0,0,0,1,0,0,0,0,0.8727272727272727,0.0,0.10909090909090909,0.0,0.0,0.0,0.0,0.0,0.01818181818181818,0.0,0.0,0.0,0.0
1015,0106818,Adenocarcinoma low grade,0.154837504029274,0.154837504029274,66,0.9834685994926258,56,0,1,0,0,0,3,0,4,0,0,0,2,0.8484848484848485,0.0,0.015151515151515152,0.0,0.0,0.0,0.045454545454545456,0.0,0.06060606060606061,0.0,0.0,0.0,0.030303030303030304
1015,0190245,Adenocarcinoma low grade,0.15445318818092346,0.15445318818092346,66,0.9988471748093098,66,0,0,0,0,0,0,0,0,0,0,0,0,1.0,0.0,0.0,0.0,0.0,0.0,0.0,0.0,0.0,0.0,0.0,0.0,0.0
1015,0248323,Adenocarcinoma low grade,0.15379920601844788,0.15379920601844788,38,0.9938457457671767,37,0,1,0,0,0,0,0,0,0,0,0,0,0.9736842105263158,0.0,0.02631578947368421,0.0,0.0,0.0,0.0,0.0,0.0,0.0,0.0,0.0,0.0
1015,0251844,Adenocarcinoma low grade,0.1505579799413681,0.1505579799413681,83,0.9947849180289707,81,0,1,0,0,0,1,0,0,0,0,0,0,0.9759036144578314,0.0,0.012048192771084338,0.0,0.0,0.0,0.012048192771084338,0.0,0.0,0.0,0.0,0.0,0.0
1015,0297904,Adenocarcinoma low grade,0.14266422390937805,0.14266422390937805,65,0.9929504412498079,63,1,0,0,0,0,1,0,0,0,0,0,0,0.9692307692307692,0.015384615384615385,0.0,0.0,0.0,0.0,0.015384615384615385,0.0,0.0,0.0,0.0,0.0,0.0
1015,0510359,Adenocarcinoma low grade,0.13448719680309296,0.13448719680309296,54,0.9862920603273141,50,2,0,0,0,0,1,0,1,0,0,0,0,0.9259259259259259,0.037037037037037035,0.0,0.0,0.0,0.0,0.018518518518518517,0.0,0.018518518518518517,0.0,0.0,0.0,0.0
1015,0573114,Adenocarcinoma low grade,0.1481998711824417,0.1481998711824417,60,0.987441868530493,32,1,23,0,0,0,1,0,3,0,0,0,0,0.5333333333333333,0.016666666666666666,0.38333333333333336,0.0,0.0,0.0,0.016666666666666666,0.0,0.05,0.0,0.0,0.0,0.0
1015,0581166,Adenocarcinoma low grade,0.15336641669273376,0.15336641669273376,57,0.9944818533259773,57,0,0,0,0,0,0,0,0,0,0,0,0,1.0,0.0,0.0,0.0,0.0,0.0,0.0,0.0,0.0,0.0,0.0,0.0,0.0
1015,0583115,Adenocarcinoma low grade,0.14447720348834991,0.14447720348834991,52,0.999999993799087,52,0,0,0,0,0,0,0,0,0,0,0,0,1.0,0.0,0.0,0.0,0.0,0.0,0.0,0.0,0.0,0.0,0.0,0.0,0.0
1015,0586098,Adenocarcinoma low grade,0.14832277595996857,0.14832277595996857,47,0.9837180471991854,35,4,3,0,0,0,4,0,1,0,0,0,0,0.7446808510638298,0.0851063829787234,0.06382978723404255,0.0,0.0,0.0,0.0851063829787234,0.0,0.02127659574468085,0.0,0.0,0.0,0.0
1015,0606733,Adenocarcinoma low grade,0.16247917711734772,0.16247917711734772,51,0.9823807516089512,45,0,1,0,0,0,1,0,3,0,0,0,1,0.8823529411764706,0.0,0.0196078431372549,0.0,0.0,0.0,0.0196078431372549,0.0,0.058823529411764705,0.0,0.0,0.0,0.0196078431372549
1015,0650451,Adenocarcinoma low grade,0.15720149874687195,0.15720149874687195,70,0.978022517720818,60,1,4,1,0,0,2,1,1,0,0,0,0,0.8571428571428571,0.014285714285714285,0.05714285714285714,0.014285714285714285,0.0,0.0,0.02857142857142857,0.014285714285714285,0.014285714285714285,0.0,0.0,0.0,0.0
1015,0707615,Adenocarcinoma low grade,0.14209292829036713,0.14209292829036713,53,0.9755123049500207,50,0,1,0,0,0,0,0,1,0,0,0,1,0.9433962264150944,0.0,0.018867924528301886,0.0,0.0,0.0,0.0,0.0,0.018867924528301886,0.0,0.0,0.0,0.018867924528301886
1015,0797555,Adenocarcinoma low grade,0.1614670753479004,0.1614670753479004,52,0.9998027544584751,52,0,0,0,0,0,0,0,0,0,0,0,0,1.0,0.0,0.0,0.0,0.0,0.0,0.0,0.0,0.0,0.0,0.0,0.0,0.0
1015,0895083,Adenocarcinoma low grade,0.14834192395210266,0.14834192395210266,60,0.9806307317373316,60,0,0,0,0,0,0,0,0,0,0,0,0,1.0,0.0,0.0,0.0,0.0,0.0,0.0,0.0,0.0,0.0,0.0,0.0,0.0
1015,0919325,Adenocarcinoma low grade,0.1418759822845459,0.1418759822845459,63,0.9730034805598834,50,1,1,0,0,0,6,0,5,0,0,0,0,0.7936507936507936,0.015873015873015872,0.015873015873015872,0.0,0.0,0.0,0.09523809523809523,0.0,0.07936507936507936,0.0,0.0,0.0,0.0
1015,1035233,Adenocarcinoma low grade,0.14568211138248444,0.14568211138248444,29,0.9702223502881611,29,0,0,0,0,0,0,0,0,0,0,0,0,1.0,0.0,0.0,0.0,0.0,0.0,0.0,0.0,0.0,0.0,0.0,0.0,0.0
1017,0046477,Adenocarcinoma low grade,0.19846248626708984,0.19846248626708984,61,0.9876244201321186,58,2,0,0,0,0,0,0,0,0,0,0,1,0.9508196721311475,0.03278688524590164,0.0,0.0,0.0,0.0,0.0,0.0,0.0,0.0,0.0,0.0,0.01639344262295082
1017,0171809,Adenocarcinoma low grade,0.22194133698940277,0.22194133698940277,53,0.9858608795786102,52,0,0,1,0,0,0,0,0,0,0,0,0,0.9811320754716981,0.0,0.0,0.018867924528301886,0.0,0.0,0.0,0.0,0.0,0.0,0.0,0.0,0.0
1017,0178833,Adenocarcinoma low grade,0.23317474126815796,0.23317474126815796,48,0.980569040984128,48,0,0,0,0,0,0,0,0,0,0,0,0,1.0,0.0,0.0,0.0,0.0,0.0,0.0,0.0,0.0,0.0,0.0,0.0,0.0
1017,0243532,Adenocarcinoma low grade,0.23329095542430878,0.23329095542430878,66,0.9993051359135835,66,0,0,0,0,0,0,0,0,0,0,0,0,1.0,0.0,0.0,0.0,0.0,0.0,0.0,0.0,0.0,0.0,0.0,0.0,0.0
1017,0277522,Adenocarcinoma low grade,0.22445876896381378,0.22445876896381378,40,0.9967425370301628,39,0,1,0,0,0,0,0,0,0,0,0,0,0.975,0.0,0.025,0.0,0.0,0.0,0.0,0.0,0.0,0.0,0.0,0.0,0.0
1017,0427769,Adenocarcinoma low grade,0.21636900305747986,0.21636900305747986,56,0.9964891025477901,55,0,0,1,0,0,0,0,0,0,0,0,0,0.9821428571428571,0.0,0.0,0.017857142857142856,0.0,0.0,0.0,0.0,0.0,0.0,0.0,0.0,0.0
1017,0449205,Adenocarcinoma low grade,0.2196224331855774,0.2196224331855774,56,0.995157100696597,55,1,0,0,0,0,0,0,0,0,0,0,0,0.9821428571428571,0.017857142857142856,0.0,0.0,0.0,0.0,0.0,0.0,0.0,0.0,0.0,0.0,0.0
1017,0534758,Adenocarcinoma low grade,0.19544707238674164,0.19544707238674164,73,0.9993821604855767,73,0,0,0,0,0,0,0,0,0,0,0,0,1.0,0.0,0.0,0.0,0.0,0.0,0.0,0.0,0.0,0.0,0.0,0.0,0.0
1017,0587561,Adenocarcinoma low grade,0.2128908783197403,0.2128908783197403,65,0.9583540721407612,45,0,1,0,0,0,0,0,19,0,0,0,0,0.6923076923076923,0.0,0.015384615384615385,0.0,0.0,0.0,0.0,0.0,0.2923076923076923,0.0,0.0,0.0,0.0
1017,0721062,Adenocarcinoma low grade,0.2457554042339325,0.2457554042339325,54,0.9961185554553601,54,0,0,0,0,0,0,0,0,0,0,0,0,1.0,0.0,0.0,0.0,0.0,0.0,0.0,0.0,0.0,0.0,0.0,0.0,0.0
1017,0782205,Adenocarcinoma low grade,0.23318515717983246,0.23318515717983246,60,0.9843155759338196,59,0,0,1,0,0,0,0,0,0,0,0,0,0.9833333333333333,0.0,0.0,0.016666666666666666,0.0,0.0,0.0,0.0,0.0,0.0,0.0,0.0,0.0
1017,0838614,Adenocarcinoma low grade,0.22953829169273376,0.22953829169273376,60,0.9913819408309162,58,1,0,0,0,0,0,0,0,0,0,0,1,0.9666666666666667,0.016666666666666666,0.0,0.0,0.0,0.0,0.0,0.0,0.0,0.0,0.0,0.0,0.016666666666666666
1017,0888074,Adenocarcinoma low grade,0.23048031330108643,0.23048031330108643,44,0.9831097712240819,42,0,2,0,0,0,0,0,0,0,0,0,0,0.9545454545454546,0.0,0.045454545454545456,0.0,0.0,0.0,0.0,0.0,0.0,0.0,0.0,0.0,0.0
1243,0102626,Adenocarcinoma low grade,0.16226010024547577,0.16226010024547577,38,0.8921403078053425,20,2,3,3,0,1,5,0,0,0,0,0,4,0.5263157894736842,0.05263157894736842,0.07894736842105263,0.07894736842105263,0.0,0.02631578947368421,0.13157894736842105,0.0,0.0,0.0,0.0,0.0,0.10526315789473684
1243,0309847,Adenocarcinoma low grade,0.15912896394729614,0.15912896394729614,32,0.9397580197722066,23,2,4,0,0,0,3,0,0,0,0,0,0,0.71875,0.0625,0.125,0.0,0.0,0.0,0.09375,0.0,0.0,0.0,0.0,0.0,0.0
1260,0173277,Adenocarcinoma low grade,0.13839685916900635,0.13839685916900635,77,0.948570394029728,54,9,7,1,0,0,3,0,2,0,0,0,1,0.7012987012987013,0.11688311688311688,0.09090909090909091,0.012987012987012988,0.0,0.0,0.03896103896103896,0.0,0.025974025974025976,0.0,0.0,0.0,0.012987012987012988
1260,0380428,Adenocarcinoma low grade,0.15302202105522156,0.15302202105522156,64,0.9747240544840268,52,0,4,0,0,0,2,0,0,0,0,0,6,0.8125,0.0,0.0625,0.0,0.0,0.0,0.03125,0.0,0.0,0.0,0.0,0.0,0.09375
1260,0421179,Adenocarcinoma low grade,0.08266185969114304,0.08266185969114304,64,0.925046202940619,29,18,1,1,1,1,10,1,0,0,0,0,2,0.453125,0.28125,0.015625,0.015625,0.015625,0.015625,0.15625,0.015625,0.0,0.0,0.0,0.0,0.03125
1260,0540592,Adenocarcinoma low grade,0.13511857390403748,0.13511857390403748,70,0.9990929638799068,66,2,0,0,0,0,2,0,0,0,0,0,0,0.9428571428571428,0.02857142857142857,0.0,0.0,0.0,0.0,0.02857142857142857,0.0,0.0,0.0,0.0,0.0,0.0
1260,0629409,Adenocarcinoma low grade,0.15063682198524475,0.15063682198524475,70,0.9970591367234797,69,0,1,0,0,0,0,0,0,0,0,0,0,0.9857142857142858,0.0,0.014285714285714285,0.0,0.0,0.0,0.0,0.0,0.0,0.0,0.0,0.0,0.0
1260,0649539,Adenocarcinoma low grade,0.1434563249349594,0.1434563249349594,69,0.9606277650761704,55,4,2,0,0,1,0,0,0,0,0,0,7,0.7971014492753623,0.057971014492753624,0.028985507246376812,0.0,0.0,0.014492753623188406,0.0,0.0,0.0,0.0,0.0,0.0,0.10144927536231885
1260,0705419,Adenocarcinoma low grade,0.17945215106010437,0.17945215106010437,71,0.9734490343753517,52,6,7,1,0,0,2,1,0,0,0,0,2,0.7323943661971831,0.08450704225352113,0.09859154929577464,0.014084507042253521,0.0,0.0,0.028169014084507043,0.014084507042253521,0.0,0.0,0.0,0.0,0.028169014084507043
1260,0780311,Adenocarcinoma low grade,0.12748363614082336,0.12748363614082336,63,0.9630420131215214,47,4,3,1,0,1,4,0,0,0,0,0,3,0.746031746031746,0.06349206349206349,0.047619047619047616,0.015873015873015872,0.0,0.015873015873015872,0.06349206349206349,0.0,0.0,0.0,0.0,0.0,0.047619047619047616
1260,0820666,Adenocarcinoma low grade,0.15035589039325714,0.15035589039325714,72,0.9922529367917333,46,4,18,0,0,0,2,0,0,0,0,0,2,0.6388888888888888,0.05555555555555555,0.25,0.0,0.0,0.0,0.027777777777777776,0.0,0.0,0.0,0.0,0.0,0.027777777777777776
1260,0894704,Adenocarcinoma low grade,0.14524537324905396,0.14524537324905396,58,0.9956841098456182,52,0,3,0,0,0,2,0,0,0,0,1,0,0.896551724137931,0.0,0.05172413793103448,0.0,0.0,0.0,0.034482758620689655,0.0,0.0,0.0,0.0,0.017241379310344827,0.0
1267,0035812,Adenocarcinoma low grade,0.15152019262313843,0.15152019262313843,63,0.9999999931511722,60,0,3,0,0,0,0,0,0,0,0,0,0,0.9523809523809523,0.0,0.047619047619047616,0.0,0.0,0.0,0.0,0.0,0.0,0.0,0.0,0.0,0.0
1267,0073937,Adenocarcinoma low grade,0.1569463163614273,0.1569463163614273,65,0.9620683300279238,49,3,7,0,0,0,4,0,0,0,0,0,2,0.7538461538461538,0.046153846153846156,0.1076923076923077,0.0,0.0,0.0,0.06153846153846154,0.0,0.0,0.0,0.0,0.0,0.03076923076923077
1267,0091613,Adenocarcinoma low grade,0.15477405488491058,0.15477405488491058,63,0.9879810436408032,54,0,7,0,0,0,2,0,0,0,0,0,0,0.8571428571428571,0.0,0.1111111111111111,0.0,0.0,0.0,0.031746031746031744,0.0,0.0,0.0,0.0,0.0,0.0
1267,0156648,Adenocarcinoma low grade,0.15616267919540405,0.15616267919540405,56,0.9881053523074573,54,0,2,0,0,0,0,0,0,0,0,0,0,0.9642857142857143,0.0,0.03571428571428571,0.0,0.0,0.0,0.0,0.0,0.0,0.0,0.0,0.0,0.0
1267,0183252,Adenocarcinoma low grade,0.1248537003993988,0.1248537003993988,35,0.9908861787787887,33,0,2,0,0,0,0,0,0,0,0,0,0,0.9428571428571428,0.0,0.05714285714285714,0.0,0.0,0.0,0.0,0.0,0.0,0.0,0.0,0.0,0.0
1267,0202041,Adenocarcinoma low grade,0.16011092066764832,0.16011092066764832,55,0.9788601079963093,54,0,0,0,0,0,1,0,0,0,0,0,0,0.9818181818181818,0.0,0.0,0.0,0.0,0.0,0.01818181818181818,0.0,0.0,0.0,0.0,0.0,0.0
1267,0213523,Adenocarcinoma low grade,0.16188116371631622,0.16188116371631622,58,0.9490014463164038,56,0,1,1,0,0,0,0,0,0,0,0,0,0.9655172413793104,0.0,0.017241379310344827,0.017241379310344827,0.0,0.0,0.0,0.0,0.0,0.0,0.0,0.0,0.0
1267,0215201,Adenocarcinoma low grade,0.1470642238855362,0.1470642238855362,64,0.9841223046099397,64,0,0,0,0,0,0,0,0,0,0,0,0,1.0,0.0,0.0,0.0,0.0,0.0,0.0,0.0,0.0,0.0,0.0,0.0,0.0
1267,0221766,Adenocarcinoma low grade,0.15637287497520447,0.15637287497520447,53,0.9911131941325403,51,0,2,0,0,0,0,0,0,0,0,0,0,0.9622641509433962,0.0,0.03773584905660377,0.0,0.0,0.0,0.0,0.0,0.0,0.0,0.0,0.0,0.0
1267,0228042,Adenocarcinoma low grade,0.15445645153522491,0.15445645153522491,44,0.9961052823621181,29,0,6,0,0,0,2,0,7,0,0,0,0,0.6590909090909091,0.0,0.13636363636363635,0.0,0.0,0.0,0.045454545454545456,0.0,0.1590909090909091,0.0,0.0,0.0,0.0
1267,0231981,Adenocarcinoma low grade,0.1477111428976059,0.1477111428976059,52,0.9844609200239337,44,2,4,0,0,0,2,0,0,0,0,0,0,0.8461538461538461,0.038461538461538464,0.07692307692307693,0.0,0.0,0.0,0.038461538461538464,0.0,0.0,0.0,0.0,0.0,0.0
1267,0243139,Adenocarcinoma low grade,0.1470082402229309,0.1470082402229309,62,0.9857326290353179,62,0,0,0,0,0,0,0,0,0,0,0,0,1.0,0.0,0.0,0.0,0.0,0.0,0.0,0.0,0.0,0.0,0.0,0.0,0.0
1267,0373826,Adenocarcinoma low grade,0.15047220885753632,0.15047220885753632,48,0.99999999414573,44,0,3,0,0,0,0,0,1,0,0,0,0,0.9166666666666666,0.0,0.0625,0.0,0.0,0.0,0.0,0.0,0.020833333333333332,0.0,0.0,0.0,0.0
1267,0377838,Adenocarcinoma low grade,0.1438283622264862,0.1438283622264862,41,0.941959277352614,38,0,1,1,0,0,0,0,0,0,0,0,1,0.926829268292683,0.0,0.024390243902439025,0.024390243902439025,0.0,0.0,0.0,0.0,0.0,0.0,0.0,0.0,0.024390243902439025
1267,0384030,Adenocarcinoma low grade,0.150094136595726,0.150094136595726,59,0.9808718525017676,38,1,18,0,0,0,1,0,1,0,0,0,0,0.6440677966101694,0.01694915254237288,0.3050847457627119,0.0,0.0,0.0,0.01694915254237288,0.0,0.01694915254237288,0.0,0.0,0.0,0.0
1267,0396182,Adenocarcinoma low grade,0.15871451795101166,0.15871451795101166,74,0.9798736491098354,59,1,13,0,0,0,1,0,0,0,0,0,0,0.7972972972972973,0.013513513513513514,0.17567567567567569,0.0,0.0,0.0,0.013513513513513514,0.0,0.0,0.0,0.0,0.0,0.0
1267,0401822,Adenocarcinoma low grade,0.1568620502948761,0.1568620502948761,18,0.9572198304292867,17,0,1,0,0,0,0,0,0,0,0,0,0,0.9444444444444444,0.0,0.05555555555555555,0.0,0.0,0.0,0.0,0.0,0.0,0.0,0.0,0.0,0.0
1267,0406362,Adenocarcinoma low grade,0.1543048471212387,0.1543048471212387,27,0.9466669352922937,12,2,8,0,0,0,4,0,0,0,0,0,1,0.4444444444444444,0.07407407407407407,0.2962962962962963,0.0,0.0,0.0,0.14814814814814814,0.0,0.0,0.0,0.0,0.0,0.037037037037037035
1267,0448911,Adenocarcinoma low grade,0.15912804007530212,0.15912804007530212,49,0.9862088255326626,46,0,3,0,0,0,0,0,0,0,0,0,0,0.9387755102040817,0.0,0.061224489795918366,0.0,0.0,0.0,0.0,0.0,0.0,0.0,0.0,0.0,0.0
1267,0473807,Adenocarcinoma low grade,0.1609213501214981,0.1609213501214981,57,0.9828687197518593,55,0,1,0,0,0,1,0,0,0,0,0,0,0.9649122807017544,0.0,0.017543859649122806,0.0,0.0,0.0,0.017543859649122806,0.0,0.0,0.0,0.0,0.0,0.0
1267,0511244,Adenocarcinoma low grade,0.15137775242328644,0.15137775242328644,39,0.9254731189407718,36,0,3,0,0,0,0,0,0,0,0,0,0,0.9230769230769231,0.0,0.07692307692307693,0.0,0.0,0.0,0.0,0.0,0.0,0.0,0.0,0.0,0.0
1267,0591977,Adenocarcinoma low grade,0.14330817759037018,0.14330817759037018,47,0.96307703894088,35,1,3,0,0,0,5,0,3,0,0,0,0,0.7446808510638298,0.02127659574468085,0.06382978723404255,0.0,0.0,0.0,0.10638297872340426,0.0,0.06382978723404255,0.0,0.0,0.0,0.0
1267,0612070,Adenocarcinoma low grade,0.16070188581943512,0.16070188581943512,25,0.9349672991036677,18,0,6,1,0,0,0,0,0,0,0,0,0,0.72,0.0,0.24,0.04,0.0,0.0,0.0,0.0,0.0,0.0,0.0,0.0,0.0
1267,0637382,Adenocarcinoma low grade,0.15848535299301147,0.15848535299301147,71,0.9709603652146152,68,0,1,0,0,0,1,0,0,0,0,0,1,0.9577464788732394,0.0,0.014084507042253521,0.0,0.0,0.0,0.014084507042253521,0.0,0.0,0.0,0.0,0.0,0.014084507042253521
1267,0717733,Adenocarcinoma low grade,0.14964690804481506,0.14964690804481506,13,0.9563255671082691,12,0,1,0,0,0,0,0,0,0,0,0,0,0.9230769230769231,0.0,0.07692307692307693,0.0,0.0,0.0,0.0,0.0,0.0,0.0,0.0,0.0,0.0
1267,0721687,Adenocarcinoma low grade,0.1596573144197464,0.1596573144197464,51,0.9653001919929091,46,0,5,0,0,0,0,0,0,0,0,0,0,0.9019607843137255,0.0,0.09803921568627451,0.0,0.0,0.0,0.0,0.0,0.0,0.0,0.0,0.0,0.0
1267,0721761,Adenocarcinoma low grade,0.1638244241476059,0.1638244241476059,78,0.921715930320693,26,6,24,0,0,0,0,0,21,0,0,0,1,0.3333333333333333,0.07692307692307693,0.3076923076923077,0.0,0.0,0.0,0.0,0.0,0.2692307692307692,0.0,0.0,0.0,0.01282051282051282
1267,0729397,Adenocarcinoma low grade,0.16077926754951477,0.16077926754951477,70,0.9637705416925649,66,0,0,0,0,0,4,0,0,0,0,0,0,0.9428571428571428,0.0,0.0,0.0,0.0,0.0,0.05714285714285714,0.0,0.0,0.0,0.0,0.0,0.0
1267,0739931,Adenocarcinoma low grade,0.16411884129047394,0.16411884129047394,51,0.9971181040332016,30,0,20,0,0,0,1,0,0,0,0,0,0,0.5882352941176471,0.0,0.39215686274509803,0.0,0.0,0.0,0.0196078431372549,0.0,0.0,0.0,0.0,0.0,0.0
1267,0747330,Adenocarcinoma low grade,0.14934225380420685,0.14934225380420685,52,0.9803352120662355,47,1,1,0,0,0,3,0,0,0,0,0,0,0.9038461538461539,0.019230769230769232,0.019230769230769232,0.0,0.0,0.0,0.057692307692307696,0.0,0.0,0.0,0.0,0.0,0.0
1267,0778088,Adenocarcinoma low grade,0.15907880663871765,0.15907880663871765,81,0.9488545471866958,63,5,5,1,0,0,6,0,0,0,0,0,1,0.7777777777777778,0.06172839506172839,0.06172839506172839,0.012345679012345678,0.0,0.0,0.07407407407407407,0.0,0.0,0.0,0.0,0.0,0.012345679012345678
1267,0792732,Adenocarcinoma low grade,0.16296954452991486,0.16296954452991486,44,0.9478413026447668,38,0,5,0,0,0,0,0,0,0,0,0,1,0.8636363636363636,0.0,0.11363636363636363,0.0,0.0,0.0,0.0,0.0,0.0,0.0,0.0,0.0,0.022727272727272728
1267,0819567,Adenocarcinoma low grade,0.15945017337799072,0.15945017337799072,60,0.9650762462806021,39,0,9,0,0,0,6,0,6,0,0,0,0,0.65,0.0,0.15,0.0,0.0,0.0,0.1,0.0,0.1,0.0,0.0,0.0,0.0
1267,0826107,Adenocarcinoma low grade,0.16134369373321533,0.16134369373321533,51,0.9801586235489321,49,0,2,0,0,0,0,0,0,0,0,0,0,0.9607843137254902,0.0,0.0392156862745098,0.0,0.0,0.0,0.0,0.0,0.0,0.0,0.0,0.0,0.0
1267,0833520,Adenocarcinoma low grade,0.15324732661247253,0.15324732661247253,38,0.9757005098233723,37,0,0,0,0,0,1,0,0,0,0,0,0,0.9736842105263158,0.0,0.0,0.0,0.0,0.0,0.02631578947368421,0.0,0.0,0.0,0.0,0.0,0.0
1267,0890463,Adenocarcinoma low grade,0.16282564401626587,0.16282564401626587,71,0.9839047296713775,60,1,9,0,0,0,0,0,1,0,0,0,0,0.8450704225352113,0.014084507042253521,0.1267605633802817,0.0,0.0,0.0,0.0,0.0,0.014084507042253521,0.0,0.0,0.0,0.0
1267,0894225,Adenocarcinoma low grade,0.13864775002002716,0.13864775002002716,60,0.9929495237498218,59,1,0,0,0,0,0,0,0,0,0,0,0,0.9833333333333333,0.016666666666666666,0.0,0.0,0.0,0.0,0.0,0.0,0.0,0.0,0.0,0.0,0.0
1267,0897229,Adenocarcinoma low grade,0.16335336863994598,0.16335336863994598,58,0.9720052289012923,44,3,8,1,0,0,0,0,0,0,0,0,2,0.7586206896551724,0.05172413793103448,0.13793103448275862,0.017241379310344827,0.0,0.0,0.0,0.0,0.0,0.0,0.0,0.0,0.034482758620689655
1267,0901596,Adenocarcinoma low grade,0.1556980013847351,0.1556980013847351,66,0.9777850243016246,62,0,4,0,0,0,0,0,0,0,0,0,0,0.9393939393939394,0.0,0.06060606060606061,0.0,0.0,0.0,0.0,0.0,0.0,0.0,0.0,0.0,0.0
1267,0917897,Adenocarcinoma low grade,0.16075335443019867,0.16075335443019867,37,0.9825197956493364,35,0,2,0,0,0,0,0,0,0,0,0,0,0.9459459459459459,0.0,0.05405405405405406,0.0,0.0,0.0,0.0,0.0,0.0,0.0,0.0,0.0,0.0
1267,0931278,Adenocarcinoma low grade,0.15400582551956177,0.15400582551956177,38,0.990461701326635,28,0,8,0,0,0,2,0,0,0,0,0,0,0.7368421052631579,0.0,0.21052631578947367,0.0,0.0,0.0,0.05263157894736842,0.0,0.0,0.0,0.0,0.0,0.0
1267,0942040,Adenocarcinoma low grade,0.15630348026752472,0.15630348026752472,51,0.9958707899017395,44,0,6,0,0,0,0,0,0,0,0,1,0,0.8627450980392157,0.0,0.11764705882352941,0.0,0.0,0.0,0.0,0.0,0.0,0.0,0.0,0.0196078431372549,0.0
1267,0964726,Adenocarcinoma low grade,0.15333473682403564,0.15333473682403564,33,0.9792499490169164,28,0,5,0,0,0,0,0,0,0,0,0,0,0.8484848484848485,0.0,0.15151515151515152,0.0,0.0,0.0,0.0,0.0,0.0,0.0,0.0,0.0,0.0
1267,0969380,Adenocarcinoma low grade,0.13156704604625702,0.13156704604625702,38,0.9946294893717588,38,0,0,0,0,0,0,0,0,0,0,0,0,1.0,0.0,0.0,0.0,0.0,0.0,0.0,0.0,0.0,0.0,0.0,0.0,0.0
1267,0985819,Adenocarcinoma low grade,0.15483379364013672,0.15483379364013672,70,0.996777496414808,61,0,9,0,0,0,0,0,0,0,0,0,0,0.8714285714285714,0.0,0.12857142857142856,0.0,0.0,0.0,0.0,0.0,0.0,0.0,0.0,0.0,0.0
1267,0992718,Adenocarcinoma low grade,0.13926181197166443,0.13926181197166443,32,0.9609730404272495,32,0,0,0,0,0,0,0,0,0,0,0,0,1.0,0.0,0.0,0.0,0.0,0.0,0.0,0.0,0.0,0.0,0.0,0.0,0.0
1267,0994780,Adenocarcinoma low grade,0.1620558649301529,0.1620558649301529,40,0.9832431836246267,37,0,3,0,0,0,0,0,0,0,0,0,0,0.925,0.0,0.075,0.0,0.0,0.0,0.0,0.0,0.0,0.0,0.0,0.0,0.0
1267,1006592,Adenocarcinoma low grade,0.1529082953929901,0.1529082953929901,69,0.9969292326074436,63,0,6,0,0,0,0,0,0,0,0,0,0,0.9130434782608695,0.0,0.08695652173913043,0.0,0.0,0.0,0.0,0.0,0.0,0.0,0.0,0.0,0.0
1267,1020473,Adenocarcinoma low grade,0.15070988237857819,0.15070988237857819,26,0.9907965774717733,16,0,6,1,0,0,3,0,0,0,0,0,0,0.6153846153846154,0.0,0.23076923076923078,0.038461538461538464,0.0,0.0,0.11538461538461539,0.0,0.0,0.0,0.0,0.0,0.0
1267,1034773,Adenocarcinoma low grade,0.16054584085941315,0.16054584085941315,61,0.930763107832785,26,1,11,1,0,0,16,0,5,0,0,0,1,0.4262295081967213,0.01639344262295082,0.18032786885245902,0.01639344262295082,0.0,0.0,0.26229508196721313,0.0,0.08196721311475409,0.0,0.0,0.0,0.01639344262295082
1335,0143196,Adenocarcinoma low grade,0.22199749946594238,0.22199749946594238,64,0.9996853955495097,64,0,0,0,0,0,0,0,0,0,0,0,0,1.0,0.0,0.0,0.0,0.0,0.0,0.0,0.0,0.0,0.0,0.0,0.0,0.0
1335,0267778,Adenocarcinoma low grade,0.23124627768993378,0.23124627768993378,54,0.9869101559578765,47,0,4,0,0,0,0,0,3,0,0,0,0,0.8703703703703703,0.0,0.07407407407407407,0.0,0.0,0.0,0.0,0.0,0.05555555555555555,0.0,0.0,0.0,0.0
1335,0602514,Adenocarcinoma low grade,0.25698602199554443,0.25698602199554443,40,0.9885068840145028,38,0,1,0,0,0,0,0,1,0,0,0,0,0.95,0.0,0.025,0.0,0.0,0.0,0.0,0.0,0.025,0.0,0.0,0.0,0.0
1335,0992971,Adenocarcinoma low grade,0.25819462537765503,0.25819462537765503,66,0.9846455508041454,63,0,1,0,0,0,0,0,0,0,0,0,2,0.9545454545454546,0.0,0.015151515151515152,0.0,0.0,0.0,0.0,0.0,0.0,0.0,0.0,0.0,0.030303030303030304
1345,0076629,Adenocarcinoma low grade,0.15582893788814545,0.15582893788814545,103,0.9557080448655351,91,3,0,0,0,2,7,0,0,0,0,0,0,0.883495145631068,0.02912621359223301,0.0,0.0,0.0,0.019417475728155338,0.06796116504854369,0.0,0.0,0.0,0.0,0.0,0.0
1345,0092443,Adenocarcinoma low grade,0.14906218647956848,0.14906218647956848,46,0.9999999930256531,46,0,0,0,0,0,0,0,0,0,0,0,0,1.0,0.0,0.0,0.0,0.0,0.0,0.0,0.0,0.0,0.0,0.0,0.0,0.0
1345,0160322,Adenocarcinoma low grade,0.16586138308048248,0.16586138308048248,84,0.9979671598177494,83,0,1,0,0,0,0,0,0,0,0,0,0,0.9880952380952381,0.0,0.011904761904761904,0.0,0.0,0.0,0.0,0.0,0.0,0.0,0.0,0.0,0.0
1345,0169875,Adenocarcinoma low grade,0.15816755592823029,0.15816755592823029,43,0.9989053969525328,43,0,0,0,0,0,0,0,0,0,0,0,0,1.0,0.0,0.0,0.0,0.0,0.0,0.0,0.0,0.0,0.0,0.0,0.0,0.0
1345,0311199,Adenocarcinoma low grade,0.1559727042913437,0.1559727042913437,66,0.9801964257499113,62,0,1,0,0,0,2,0,0,0,0,0,1,0.9393939393939394,0.0,0.015151515151515152,0.0,0.0,0.0,0.030303030303030304,0.0,0.0,0.0,0.0,0.0,0.015151515151515152
1345,0338890,Adenocarcinoma low grade,0.13407739996910095,0.13407739996910095,71,0.9909402582487085,67,0,1,0,0,1,2,0,0,0,0,0,0,0.9436619718309859,0.0,0.014084507042253521,0.0,0.0,0.014084507042253521,0.028169014084507043,0.0,0.0,0.0,0.0,0.0,0.0
1345,0428004,Adenocarcinoma low grade,0.1532057672739029,0.1532057672739029,33,0.9988879260090262,33,0,0,0,0,0,0,0,0,0,0,0,0,1.0,0.0,0.0,0.0,0.0,0.0,0.0,0.0,0.0,0.0,0.0,0.0,0.0
1345,0439819,Adenocarcinoma low grade,0.1361287236213684,0.1361287236213684,80,0.9833096600405904,69,3,7,0,0,0,1,0,0,0,0,0,0,0.8625,0.0375,0.0875,0.0,0.0,0.0,0.0125,0.0,0.0,0.0,0.0,0.0,0.0
1345,0440704,Adenocarcinoma low grade,0.16629323363304138,0.16629323363304138,77,0.9712804947783391,67,0,2,1,0,0,4,0,2,0,0,0,1,0.8701298701298701,0.0,0.025974025974025976,0.012987012987012988,0.0,0.0,0.05194805194805195,0.0,0.025974025974025976,0.0,0.0,0.0,0.012987012987012988
1345,0440832,Adenocarcinoma low grade,0.12496646493673325,0.12496646493673325,73,0.995235250868888,72,0,0,0,0,0,0,0,0,0,0,0,1,0.9863013698630136,0.0,0.0,0.0,0.0,0.0,0.0,0.0,0.0,0.0,0.0,0.0,0.0136986301369863
1345,0500230,Adenocarcinoma low grade,0.1375453919172287,0.1375453919172287,59,0.9766968065100107,58,0,0,0,0,0,1,0,0,0,0,0,0,0.9830508474576272,0.0,0.0,0.0,0.0,0.0,0.01694915254237288,0.0,0.0,0.0,0.0,0.0,0.0
1345,0511672,Adenocarcinoma low grade,0.16180872917175293,0.16180872917175293,77,0.9838306437161012,71,0,2,0,0,0,0,0,4,0,0,0,0,0.922077922077922,0.0,0.025974025974025976,0.0,0.0,0.0,0.0,0.0,0.05194805194805195,0.0,0.0,0.0,0.0
1345,0600112,Adenocarcinoma low grade,0.1565939337015152,0.1565939337015152,73,0.9821046138786388,62,1,7,0,0,1,2,0,0,0,0,0,0,0.8493150684931506,0.0136986301369863,0.0958904109589041,0.0,0.0,0.0136986301369863,0.0273972602739726,0.0,0.0,0.0,0.0,0.0,0.0
1345,0603482,Adenocarcinoma low grade,0.13730688393115997,0.13730688393115997,68,0.9931305915941915,63,1,3,0,0,0,0,0,1,0,0,0,0,0.9264705882352942,0.014705882352941176,0.04411764705882353,0.0,0.0,0.0,0.0,0.0,0.014705882352941176,0.0,0.0,0.0,0.0
1345,0623724,Adenocarcinoma low grade,0.13904394209384918,0.13904394209384918,54,0.9691007066382668,40,5,4,0,0,0,3,1,0,0,0,1,0,0.7407407407407407,0.09259259259259259,0.07407407407407407,0.0,0.0,0.0,0.05555555555555555,0.018518518518518517,0.0,0.0,0.0,0.018518518518518517,0.0
1345,0678612,Adenocarcinoma low grade,0.13051487505435944,0.13051487505435944,70,0.9627350641407135,49,2,13,0,0,0,2,0,4,0,0,0,0,0.7,0.02857142857142857,0.18571428571428572,0.0,0.0,0.0,0.02857142857142857,0.0,0.05714285714285714,0.0,0.0,0.0,0.0
1345,0686637,Adenocarcinoma low grade,0.14896216988563538,0.14896216988563538,69,0.9929626453269262,64,0,4,1,0,0,0,0,0,0,0,0,0,0.927536231884058,0.0,0.057971014492753624,0.014492753623188406,0.0,0.0,0.0,0.0,0.0,0.0,0.0,0.0,0.0
1345,0689620,Adenocarcinoma low grade,0.1711491346359253,0.1711491346359253,61,0.9381080576135614,36,3,18,0,0,0,2,0,0,0,0,0,2,0.5901639344262295,0.04918032786885246,0.29508196721311475,0.0,0.0,0.0,0.03278688524590164,0.0,0.0,0.0,0.0,0.0,0.03278688524590164
1345,0753233,Adenocarcinoma low grade,0.13506080210208893,0.13506080210208893,103,0.957081129432284,68,6,3,0,0,8,12,0,1,0,0,0,5,0.6601941747572816,0.05825242718446602,0.02912621359223301,0.0,0.0,0.07766990291262135,0.11650485436893204,0.0,0.009708737864077669,0.0,0.0,0.0,0.04854368932038835
1345,0764419,Adenocarcinoma low grade,0.1502504050731659,0.1502504050731659,56,0.9965682349156262,56,0,0,0,0,0,0,0,0,0,0,0,0,1.0,0.0,0.0,0.0,0.0,0.0,0.0,0.0,0.0,0.0,0.0,0.0,0.0
1345,0853518,Adenocarcinoma low grade,0.14791707694530487,0.14791707694530487,84,0.9976491021068923,83,0,0,0,0,0,0,0,0,0,0,1,0,0.9880952380952381,0.0,0.0,0.0,0.0,0.0,0.0,0.0,0.0,0.0,0.0,0.011904761904761904,0.0
1345,0865427,Adenocarcinoma low grade,0.15624359250068665,0.15624359250068665,82,0.9971751336411608,79,0,3,0,0,0,0,0,0,0,0,0,0,0.9634146341463414,0.0,0.036585365853658534,0.0,0.0,0.0,0.0,0.0,0.0,0.0,0.0,0.0,0.0
1345,0921694,Adenocarcinoma low grade,0.1507490873336792,0.1507490873336792,52,0.993644557399019,49,1,0,0,0,0,1,0,0,0,0,0,1,0.9423076923076923,0.019230769230769232,0.0,0.0,0.0,0.0,0.019230769230769232,0.0,0.0,0.0,0.0,0.0,0.019230769230769232
1345,0957467,Adenocarcinoma low grade,0.11749496310949326,0.11749496310949326,74,0.9691155842567103,45,7,6,1,0,3,10,0,1,0,0,0,1,0.6081081081081081,0.0945945945945946,0.08108108108108109,0.013513513513513514,0.0,0.04054054054054054,0.13513513513513514,0.0,0.013513513513513514,0.0,0.0,0.0,0.013513513513513514
1345,0957692,Adenocarcinoma low grade,0.1468362808227539,0.1468362808227539,52,0.9778476316237916,50,0,1,0,0,0,1,0,0,0,0,0,0,0.9615384615384616,0.0,0.019230769230769232,0.0,0.0,0.0,0.019230769230769232,0.0,0.0,0.0,0.0,0.0,0.0
1345,0986111,Adenocarcinoma low grade,0.1242295503616333,0.1242295503616333,64,0.967590579471321,49,5,0,0,0,1,4,1,4,0,0,0,0,0.765625,0.078125,0.0,0.0,0.0,0.015625,0.0625,0.015625,0.0625,0.0,0.0,0.0,0.0
1345,0994863,Adenocarcinoma low grade,0.14209675788879395,0.14209675788879395,133,0.9907654179887617,128,1,2,0,0,0,2,0,0,0,0,0,0,0.9624060150375939,0.007518796992481203,0.015037593984962405,0.0,0.0,0.0,0.015037593984962405,0.0,0.0,0.0,0.0,0.0,0.0
1345,0997169,Adenocarcinoma low grade,0.10972635447978973,0.10972635447978973,97,0.9820807021658183,73,3,9,0,0,0,11,0,1,0,0,0,0,0.7525773195876289,0.030927835051546393,0.09278350515463918,0.0,0.0,0.0,0.1134020618556701,0.0,0.010309278350515464,0.0,0.0,0.0,0.0
1354,0541674,Adenocarcinoma low grade,0.1587308645248413,0.1587308645248413,55,0.9840925360286412,55,0,0,0,0,0,0,0,0,0,0,0,0,1.0,0.0,0.0,0.0,0.0,0.0,0.0,0.0,0.0,0.0,0.0,0.0,0.0
1354,0946026,Adenocarcinoma low grade,0.15993008017539978,0.15993008017539978,69,0.9045093294901086,32,5,15,0,0,5,6,0,0,0,0,0,6,0.463768115942029,0.07246376811594203,0.21739130434782608,0.0,0.0,0.07246376811594203,0.08695652173913043,0.0,0.0,0.0,0.0,0.0,0.08695652173913043
1449,0839667,Adenocarcinoma low grade,0.23430126905441284,0.23430126905441284,46,0.9642167771142967,40,4,2,0,0,0,0,0,0,0,0,0,0,0.8695652173913043,0.08695652173913043,0.043478260869565216,0.0,0.0,0.0,0.0,0.0,0.0,0.0,0.0,0.0,0.0
1570,0232301,Adenocarcinoma low grade,0.15656524896621704,0.15656524896621704,35,0.9970149758581546,35,0,0,0,0,0,0,0,0,0,0,0,0,1.0,0.0,0.0,0.0,0.0,0.0,0.0,0.0,0.0,0.0,0.0,0.0,0.0
1570,0371163,Adenocarcinoma low grade,0.1592993289232254,0.1592993289232254,41,0.9934343909102532,41,0,0,0,0,0,0,0,0,0,0,0,0,1.0,0.0,0.0,0.0,0.0,0.0,0.0,0.0,0.0,0.0,0.0,0.0,0.0
1570,0647601,Adenocarcinoma low grade,0.15516886115074158,0.15516886115074158,66,0.9659921354377922,27,10,18,0,0,0,11,0,0,0,0,0,0,0.4090909090909091,0.15151515151515152,0.2727272727272727,0.0,0.0,0.0,0.16666666666666666,0.0,0.0,0.0,0.0,0.0,0.0
1570,0723131,Adenocarcinoma low grade,0.16194406151771545,0.16194406151771545,47,0.9998729022301661,47,0,0,0,0,0,0,0,0,0,0,0,0,1.0,0.0,0.0,0.0,0.0,0.0,0.0,0.0,0.0,0.0,0.0,0.0,0.0
1570,0846127,Adenocarcinoma low grade,0.15823940932750702,0.15823940932750702,38,0.9881997839710982,38,0,0,0,0,0,0,0,0,0,0,0,0,1.0,0.0,0.0,0.0,0.0,0.0,0.0,0.0,0.0,0.0,0.0,0.0,0.0
1570,0922488,Adenocarcinoma low grade,0.15515941381454468,0.15515941381454468,57,0.9981901339637972,57,0,0,0,0,0,0,0,0,0,0,0,0,1.0,0.0,0.0,0.0,0.0,0.0,0.0,0.0,0.0,0.0,0.0,0.0,0.0
1570,0965283,Adenocarcinoma low grade,0.1466992199420929,0.1466992199420929,41,0.9899145610442672,39,0,0,0,0,0,2,0,0,0,0,0,0,0.9512195121951219,0.0,0.0,0.0,0.0,0.0,0.04878048780487805,0.0,0.0,0.0,0.0,0.0,0.0
1663,0188209,Adenocarcinoma low grade,0.16007386147975922,0.16007386147975922,66,0.9962239198404093,65,0,0,0,0,0,0,0,0,0,0,0,1,0.9848484848484849,0.0,0.0,0.0,0.0,0.0,0.0,0.0,0.0,0.0,0.0,0.0,0.015151515151515152
1663,0349756,Adenocarcinoma low grade,0.16052104532718658,0.16052104532718658,72,0.9938008254477874,72,0,0,0,0,0,0,0,0,0,0,0,0,1.0,0.0,0.0,0.0,0.0,0.0,0.0,0.0,0.0,0.0,0.0,0.0,0.0
1663,0637359,Adenocarcinoma low grade,0.1613072007894516,0.1613072007894516,42,0.997769058909777,41,1,0,0,0,0,0,0,0,0,0,0,0,0.9761904761904762,0.023809523809523808,0.0,0.0,0.0,0.0,0.0,0.0,0.0,0.0,0.0,0.0,0.0
1663,0770832,Adenocarcinoma low grade,0.15747937560081482,0.15747937560081482,48,0.98458049720026,42,0,2,0,0,0,1,0,3,0,0,0,0,0.875,0.0,0.041666666666666664,0.0,0.0,0.0,0.020833333333333332,0.0,0.0625,0.0,0.0,0.0,0.0
1663,0794889,Adenocarcinoma low grade,0.1615007519721985,0.1615007519721985,67,0.9819532099983002,63,0,4,0,0,0,0,0,0,0,0,0,0,0.9402985074626866,0.0,0.05970149253731343,0.0,0.0,0.0,0.0,0.0,0.0,0.0,0.0,0.0,0.0
1663,0797416,Adenocarcinoma low grade,0.15839101374149323,0.15839101374149323,69,0.9677135272361674,67,0,1,1,0,0,0,0,0,0,0,0,0,0.9710144927536232,0.0,0.014492753623188406,0.014492753623188406,0.0,0.0,0.0,0.0,0.0,0.0,0.0,0.0,0.0
1663,0995150,Adenocarcinoma low grade,0.15494316816329956,0.15494316816329956,101,0.9719260282527002,101,0,0,0,0,0,0,0,0,0,0,0,0,1.0,0.0,0.0,0.0,0.0,0.0,0.0,0.0,0.0,0.0,0.0,0.0,0.0
0007,0000921,Adenocarcinoma high grade,0.456513911485672,0.456513911485672,59,0.9803391550327553,45,1,11,0,0,0,0,0,0,0,0,0,2,0.7627118644067796,0.01694915254237288,0.1864406779661017,0.0,0.0,0.0,0.0,0.0,0.0,0.0,0.0,0.0,0.03389830508474576
0007,0086608,Adenocarcinoma high grade,0.4489853084087372,0.4489853084087372,50,0.9890920318940115,45,0,3,0,0,0,1,0,0,0,0,1,0,0.9,0.0,0.06,0.0,0.0,0.0,0.02,0.0,0.0,0.0,0.0,0.02,0.0
0007,0087975,Adenocarcinoma high grade,0.3794780969619751,0.3794780969619751,68,0.9919083991974181,66,1,1,0,0,0,0,0,0,0,0,0,0,0.9705882352941176,0.014705882352941176,0.014705882352941176,0.0,0.0,0.0,0.0,0.0,0.0,0.0,0.0,0.0,0.0
0007,0142141,Adenocarcinoma high grade,0.463774174451828,0.463774174451828,58,0.9659725742464487,55,1,0,0,0,0,0,0,0,0,0,1,1,0.9482758620689655,0.017241379310344827,0.0,0.0,0.0,0.0,0.0,0.0,0.0,0.0,0.0,0.017241379310344827,0.017241379310344827
0007,0295194,Adenocarcinoma high grade,0.46810460090637207,0.46810460090637207,50,0.9755810463135556,45,4,0,0,0,0,1,0,0,0,0,0,0,0.9,0.08,0.0,0.0,0.0,0.0,0.02,0.0,0.0,0.0,0.0,0.0,0.0
0007,0734579,Adenocarcinoma high grade,0.45021766424179077,0.45021766424179077,68,0.9965072467257379,67,0,0,0,0,0,0,0,0,0,0,0,1,0.9852941176470589,0.0,0.0,0.0,0.0,0.0,0.0,0.0,0.0,0.0,0.0,0.0,0.014705882352941176
0007,0910990,Adenocarcinoma high grade,0.3727596700191498,0.3727596700191498,59,0.9722245509937499,57,0,1,0,0,0,1,0,0,0,0,0,0,0.9661016949152542,0.0,0.01694915254237288,0.0,0.0,0.0,0.01694915254237288,0.0,0.0,0.0,0.0,0.0,0.0
0007,0973150,Adenocarcinoma high grade,0.44861167669296265,0.44861167669296265,54,0.9775513018627048,50,0,1,0,0,0,1,0,0,0,0,0,2,0.9259259259259259,0.0,0.018518518518518517,0.0,0.0,0.0,0.018518518518518517,0.0,0.0,0.0,0.0,0.0,0.037037037037037035
0017,0000658,Adenocarcinoma high grade,0.4110386073589325,0.4110386073589325,46,0.9731495892807879,44,0,0,0,0,0,1,0,0,0,0,0,1,0.9565217391304348,0.0,0.0,0.0,0.0,0.0,0.021739130434782608,0.0,0.0,0.0,0.0,0.0,0.021739130434782608
0017,0003460,Adenocarcinoma high grade,0.4134179353713989,0.4134179353713989,35,0.9415043456951766,30,0,1,0,0,0,2,0,0,0,0,0,2,0.8571428571428571,0.0,0.02857142857142857,0.0,0.0,0.0,0.05714285714285714,0.0,0.0,0.0,0.0,0.0,0.05714285714285714
0017,0009227,Adenocarcinoma high grade,0.4165422022342682,0.4165422022342682,58,0.9931154151338654,53,2,0,0,0,0,0,0,0,0,0,0,3,0.9137931034482759,0.034482758620689655,0.0,0.0,0.0,0.0,0.0,0.0,0.0,0.0,0.0,0.0,0.05172413793103448
0017,0027848,Adenocarcinoma high grade,0.40591809153556824,0.40591809153556824,48,0.9773357713925388,48,0,0,0,0,0,0,0,0,0,0,0,0,1.0,0.0,0.0,0.0,0.0,0.0,0.0,0.0,0.0,0.0,0.0,0.0,0.0
0017,0032422,Adenocarcinoma high grade,0.4059178829193115,0.4059178829193115,44,0.9595821568907518,42,0,0,0,0,0,1,0,0,0,0,0,1,0.9545454545454546,0.0,0.0,0.0,0.0,0.0,0.022727272727272728,0.0,0.0,0.0,0.0,0.0,0.022727272727272728
0017,0045507,Adenocarcinoma high grade,0.40089714527130127,0.40089714527130127,38,0.9685864257440808,37,0,1,0,0,0,0,0,0,0,0,0,0,0.9736842105263158,0.0,0.02631578947368421,0.0,0.0,0.0,0.0,0.0,0.0,0.0,0.0,0.0,0.0
0017,0056218,Adenocarcinoma high grade,0.41065657138824463,0.41065657138824463,48,0.9947793881574108,47,0,0,0,0,0,0,0,0,0,0,0,1,0.9791666666666666,0.0,0.0,0.0,0.0,0.0,0.0,0.0,0.0,0.0,0.0,0.0,0.020833333333333332
0017,0086494,Adenocarcinoma high grade,0.41847988963127136,0.41847988963127136,40,0.9682582782058521,37,0,0,0,0,0,1,0,0,0,0,0,2,0.925,0.0,0.0,0.0,0.0,0.0,0.025,0.0,0.0,0.0,0.0,0.0,0.05
0017,0121287,Adenocarcinoma high grade,0.41022515296936035,0.41022515296936035,51,0.9619216413458749,45,1,0,0,0,0,3,0,0,0,0,0,2,0.8823529411764706,0.0196078431372549,0.0,0.0,0.0,0.0,0.058823529411764705,0.0,0.0,0.0,0.0,0.0,0.0392156862745098
0017,0186565,Adenocarcinoma high grade,0.4120367467403412,0.4120367467403412,45,0.9791526206379506,39,2,0,0,0,0,3,0,0,0,0,0,1,0.8666666666666667,0.044444444444444446,0.0,0.0,0.0,0.0,0.06666666666666667,0.0,0.0,0.0,0.0,0.0,0.022222222222222223
0017,0190273,Adenocarcinoma high grade,0.40321364998817444,0.40321364998817444,43,0.9791924717839262,42,0,0,0,0,0,1,0,0,0,0,0,0,0.9767441860465116,0.0,0.0,0.0,0.0,0.0,0.023255813953488372,0.0,0.0,0.0,0.0,0.0,0.0
0017,0194100,Adenocarcinoma high grade,0.41126933693885803,0.41126933693885803,54,0.9750955661715603,51,0,0,0,0,0,0,0,0,0,0,1,2,0.9444444444444444,0.0,0.0,0.0,0.0,0.0,0.0,0.0,0.0,0.0,0.0,0.018518518518518517,0.037037037037037035
0017,0203711,Adenocarcinoma high grade,0.4178282618522644,0.4178282618522644,66,0.9808865350430067,58,2,0,0,0,1,2,0,0,0,0,0,3,0.8787878787878788,0.030303030303030304,0.0,0.0,0.0,0.015151515151515152,0.030303030303030304,0.0,0.0,0.0,0.0,0.0,0.045454545454545456
0017,0226794,Adenocarcinoma high grade,0.41113001108169556,0.41113001108169556,49,0.9838429629092569,38,1,6,0,0,0,0,0,0,0,0,0,4,0.7755102040816326,0.02040816326530612,0.12244897959183673,0.0,0.0,0.0,0.0,0.0,0.0,0.0,0.0,0.0,0.08163265306122448
0017,0268884,Adenocarcinoma high grade,0.41794586181640625,0.41794586181640625,61,0.9738089480572795,56,2,0,0,0,2,1,0,0,0,0,0,0,0.9180327868852459,0.03278688524590164,0.0,0.0,0.0,0.03278688524590164,0.01639344262295082,0.0,0.0,0.0,0.0,0.0,0.0
0017,0273547,Adenocarcinoma high grade,0.41103821992874146,0.41103821992874146,42,0.9810058074810154,38,2,0,0,0,0,2,0,0,0,0,0,0,0.9047619047619048,0.047619047619047616,0.0,0.0,0.0,0.0,0.047619047619047616,0.0,0.0,0.0,0.0,0.0,0.0
0017,0276152,Adenocarcinoma high grade,0.4119843542575836,0.4119843542575836,49,0.9598439404673058,46,0,2,0,0,0,1,0,0,0,0,0,0,0.9387755102040817,0.0,0.04081632653061224,0.0,0.0,0.0,0.02040816326530612,0.0,0.0,0.0,0.0,0.0,0.0
0017,0276343,Adenocarcinoma high grade,0.3988335132598877,0.3988335132598877,47,0.9846288592891563,43,0,1,0,0,0,0,0,0,0,0,0,3,0.9148936170212766,0.0,0.02127659574468085,0.0,0.0,0.0,0.0,0.0,0.0,0.0,0.0,0.0,0.06382978723404255
0017,0277551,Adenocarcinoma high grade,0.42170724272727966,0.42170724272727966,57,0.9749549409922463,47,0,2,0,0,0,5,0,0,0,0,0,3,0.8245614035087719,0.0,0.03508771929824561,0.0,0.0,0.0,0.08771929824561403,0.0,0.0,0.0,0.0,0.0,0.05263157894736842
0017,0282507,Adenocarcinoma high grade,0.4203009307384491,0.4203009307384491,49,0.9684246368759878,43,0,1,0,0,2,1,0,0,0,0,0,2,0.8775510204081632,0.0,0.02040816326530612,0.0,0.0,0.04081632653061224,0.02040816326530612,0.0,0.0,0.0,0.0,0.0,0.04081632653061224
0017,0306975,Adenocarcinoma high grade,0.4296121895313263,0.4296121895313263,51,0.9705428085330976,47,0,0,0,0,1,3,0,0,0,0,0,0,0.9215686274509803,0.0,0.0,0.0,0.0,0.0196078431372549,0.058823529411764705,0.0,0.0,0.0,0.0,0.0,0.0
0017,0308439,Adenocarcinoma high grade,0.4090084731578827,0.4090084731578827,50,0.9819692221930956,49,0,0,0,0,0,0,0,0,0,0,0,1,0.98,0.0,0.0,0.0,0.0,0.0,0.0,0.0,0.0,0.0,0.0,0.0,0.02
0017,0323327,Adenocarcinoma high grade,0.4024188816547394,0.4024188816547394,58,0.9915597971904904,55,0,0,0,0,0,0,0,0,0,0,1,2,0.9482758620689655,0.0,0.0,0.0,0.0,0.0,0.0,0.0,0.0,0.0,0.0,0.017241379310344827,0.034482758620689655
0017,0328781,Adenocarcinoma high grade,0.41060593724250793,0.41060593724250793,45,0.9382628186814519,43,0,0,0,0,0,1,0,0,0,0,1,0,0.9555555555555556,0.0,0.0,0.0,0.0,0.0,0.022222222222222223,0.0,0.0,0.0,0.0,0.022222222222222223,0.0
0017,0404515,Adenocarcinoma high grade,0.4073098599910736,0.4073098599910736,33,0.9919982062784369,32,0,0,0,0,0,0,0,0,0,0,0,1,0.9696969696969697,0.0,0.0,0.0,0.0,0.0,0.0,0.0,0.0,0.0,0.0,0.0,0.030303030303030304
0017,0430496,Adenocarcinoma high grade,0.4128592610359192,0.4128592610359192,54,0.9898129279781066,53,1,0,0,0,0,0,0,0,0,0,0,0,0.9814814814814815,0.018518518518518517,0.0,0.0,0.0,0.0,0.0,0.0,0.0,0.0,0.0,0.0,0.0
0017,0494429,Adenocarcinoma high grade,0.40364229679107666,0.40364229679107666,56,0.9819236930620853,49,1,0,0,0,1,0,0,0,0,0,0,5,0.875,0.017857142857142856,0.0,0.0,0.0,0.017857142857142856,0.0,0.0,0.0,0.0,0.0,0.0,0.08928571428571429
0017,0546452,Adenocarcinoma high grade,0.4133168160915375,0.4133168160915375,49,0.9764125157119541,49,0,0,0,0,0,0,0,0,0,0,0,0,1.0,0.0,0.0,0.0,0.0,0.0,0.0,0.0,0.0,0.0,0.0,0.0,0.0
0017,0553288,Adenocarcinoma high grade,0.4004659354686737,0.4004659354686737,51,0.976889574357635,42,0,0,0,0,0,6,0,0,0,0,0,3,0.8235294117647058,0.0,0.0,0.0,0.0,0.0,0.11764705882352941,0.0,0.0,0.0,0.0,0.0,0.058823529411764705
0017,0567850,Adenocarcinoma high grade,0.42938706278800964,0.42938706278800964,38,0.9793753834572071,36,0,2,0,0,0,0,0,0,0,0,0,0,0.9473684210526315,0.0,0.05263157894736842,0.0,0.0,0.0,0.0,0.0,0.0,0.0,0.0,0.0,0.0
0017,0577011,Adenocarcinoma high grade,0.4123774766921997,0.4123774766921997,48,0.9716068468767997,43,0,0,0,0,3,1,0,0,0,0,0,1,0.8958333333333334,0.0,0.0,0.0,0.0,0.0625,0.020833333333333332,0.0,0.0,0.0,0.0,0.0,0.020833333333333332
0017,0623899,Adenocarcinoma high grade,0.4223569929599762,0.4223569929599762,45,0.9761091806842027,44,0,0,0,0,0,0,0,0,0,0,0,1,0.9777777777777777,0.0,0.0,0.0,0.0,0.0,0.0,0.0,0.0,0.0,0.0,0.0,0.022222222222222223
0017,0639317,Adenocarcinoma high grade,0.4153365194797516,0.4153365194797516,56,0.9747568250563453,49,0,2,0,0,0,3,0,0,0,0,0,2,0.875,0.0,0.03571428571428571,0.0,0.0,0.0,0.05357142857142857,0.0,0.0,0.0,0.0,0.0,0.03571428571428571
0017,0643553,Adenocarcinoma high grade,0.4001155197620392,0.4001155197620392,40,0.9674725019245862,37,0,1,0,0,0,1,0,0,0,0,0,1,0.925,0.0,0.025,0.0,0.0,0.0,0.025,0.0,0.0,0.0,0.0,0.0,0.025
0017,0696925,Adenocarcinoma high grade,0.415208637714386,0.415208637714386,54,0.9997106427576633,50,0,4,0,0,0,0,0,0,0,0,0,0,0.9259259259259259,0.0,0.07407407407407407,0.0,0.0,0.0,0.0,0.0,0.0,0.0,0.0,0.0,0.0
0017,0757209,Adenocarcinoma high grade,0.4076727628707886,0.4076727628707886,42,0.9416294714586163,39,0,1,0,0,0,2,0,0,0,0,0,0,0.9285714285714286,0.0,0.023809523809523808,0.0,0.0,0.0,0.047619047619047616,0.0,0.0,0.0,0.0,0.0,0.0
0017,0766983,Adenocarcinoma high grade,0.42512309551239014,0.42512309551239014,67,0.9584278762684529,54,5,0,0,0,4,1,0,0,0,0,1,2,0.8059701492537313,0.07462686567164178,0.0,0.0,0.0,0.05970149253731343,0.014925373134328358,0.0,0.0,0.0,0.0,0.014925373134328358,0.029850746268656716
0017,0786289,Adenocarcinoma high grade,0.4036983847618103,0.4036983847618103,59,0.992069431684804,57,0,1,0,0,0,0,0,0,0,0,1,0,0.9661016949152542,0.0,0.01694915254237288,0.0,0.0,0.0,0.0,0.0,0.0,0.0,0.0,0.01694915254237288,0.0
0017,0800706,Adenocarcinoma high grade,0.4063822627067566,0.4063822627067566,51,0.9896156172214582,51,0,0,0,0,0,0,0,0,0,0,0,0,1.0,0.0,0.0,0.0,0.0,0.0,0.0,0.0,0.0,0.0,0.0,0.0,0.0
0017,0803853,Adenocarcinoma high grade,0.41199633479118347,0.41199633479118347,50,0.985957924653847,46,2,0,0,0,0,0,0,0,0,0,0,2,0.92,0.04,0.0,0.0,0.0,0.0,0.0,0.0,0.0,0.0,0.0,0.0,0.04
0017,0804418,Adenocarcinoma high grade,0.41028618812561035,0.41028618812561035,52,0.8847344479584373,37,0,5,1,0,7,1,0,0,0,0,1,0,0.7115384615384616,0.0,0.09615384615384616,0.019230769230769232,0.0,0.1346153846153846,0.019230769230769232,0.0,0.0,0.0,0.0,0.019230769230769232,0.0
0017,0826245,Adenocarcinoma high grade,0.39899444580078125,0.39899444580078125,46,0.9796191731245709,43,0,0,0,0,0,2,0,0,0,0,0,1,0.9347826086956522,0.0,0.0,0.0,0.0,0.0,0.043478260869565216,0.0,0.0,0.0,0.0,0.0,0.021739130434782608
0017,0869718,Adenocarcinoma high grade,0.4061547517776489,0.4061547517776489,36,0.9870255187058292,34,0,0,0,0,0,0,1,0,0,0,1,0,0.9444444444444444,0.0,0.0,0.0,0.0,0.0,0.0,0.027777777777777776,0.0,0.0,0.0,0.027777777777777776,0.0
0017,0901405,Adenocarcinoma high grade,0.35174188017845154,0.35174188017845154,53,0.9953953209158715,50,0,1,0,0,0,1,0,0,0,0,0,1,0.9433962264150944,0.0,0.018867924528301886,0.0,0.0,0.0,0.018867924528301886,0.0,0.0,0.0,0.0,0.0,0.018867924528301886
0017,0903011,Adenocarcinoma high grade,0.415391743183136,0.415391743183136,38,0.9871738192199866,36,0,1,0,0,0,1,0,0,0,0,0,0,0.9473684210526315,0.0,0.02631578947368421,0.0,0.0,0.0,0.02631578947368421,0.0,0.0,0.0,0.0,0.0,0.0
0017,0916380,Adenocarcinoma high grade,0.44020476937294006,0.44020476937294006,39,0.9861300797812687,36,0,0,0,0,1,0,0,0,0,0,0,2,0.9230769230769231,0.0,0.0,0.0,0.0,0.02564102564102564,0.0,0.0,0.0,0.0,0.0,0.0,0.05128205128205128
0017,0935448,Adenocarcinoma high grade,0.4112926423549652,0.4112926423549652,58,0.9706466464551348,47,0,4,0,0,0,5,0,0,0,0,0,2,0.8103448275862069,0.0,0.06896551724137931,0.0,0.0,0.0,0.08620689655172414,0.0,0.0,0.0,0.0,0.0,0.034482758620689655
0017,0966536,Adenocarcinoma high grade,0.4080806076526642,0.4080806076526642,46,0.9401519369059612,46,0,0,0,0,0,0,0,0,0,0,0,0,1.0,0.0,0.0,0.0,0.0,0.0,0.0,0.0,0.0,0.0,0.0,0.0,0.0
0017,0998162,Adenocarcinoma high grade,0.4157523810863495,0.4157523810863495,53,0.985034757864687,48,2,0,1,0,0,2,0,0,0,0,0,0,0.9056603773584906,0.03773584905660377,0.0,0.018867924528301886,0.0,0.0,0.03773584905660377,0.0,0.0,0.0,0.0,0.0,0.0
0017,1004863,Adenocarcinoma high grade,0.41284918785095215,0.41284918785095215,52,0.9841928363083073,49,0,0,0,0,0,0,0,0,0,0,0,3,0.9423076923076923,0.0,0.0,0.0,0.0,0.0,0.0,0.0,0.0,0.0,0.0,0.0,0.057692307692307696
0032,0158166,Adenocarcinoma high grade,0.32318004965782166,0.32318004965782166,53,0.9876329288821685,52,0,1,0,0,0,0,0,0,0,0,0,0,0.9811320754716981,0.0,0.018867924528301886,0.0,0.0,0.0,0.0,0.0,0.0,0.0,0.0,0.0,0.0
0032,0245777,Adenocarcinoma high grade,0.3552761971950531,0.3552761971950531,79,0.9497418685025693,79,0,0,0,0,0,0,0,0,0,0,0,0,1.0,0.0,0.0,0.0,0.0,0.0,0.0,0.0,0.0,0.0,0.0,0.0,0.0
0032,0541462,Adenocarcinoma high grade,0.3222872018814087,0.3222872018814087,75,0.9092000772852291,20,43,7,1,0,0,3,0,1,0,0,0,0,0.26666666666666666,0.5733333333333334,0.09333333333333334,0.013333333333333334,0.0,0.0,0.04,0.0,0.013333333333333334,0.0,0.0,0.0,0.0
0032,0558321,Adenocarcinoma high grade,0.20509131252765656,0.20509131252765656,59,0.9611717244692041,51,0,6,0,0,0,0,0,0,0,0,0,2,0.864406779661017,0.0,0.1016949152542373,0.0,0.0,0.0,0.0,0.0,0.0,0.0,0.0,0.0,0.03389830508474576
0032,0792858,Adenocarcinoma high grade,0.3642372488975525,0.3642372488975525,48,0.9999999950245141,48,0,0,0,0,0,0,0,0,0,0,0,0,1.0,0.0,0.0,0.0,0.0,0.0,0.0,0.0,0.0,0.0,0.0,0.0,0.0
0032,0981561,Adenocarcinoma high grade,0.3712387979030609,0.3712387979030609,65,0.973651458254416,63,1,1,0,0,0,0,0,0,0,0,0,0,0.9692307692307692,0.015384615384615385,0.015384615384615385,0.0,0.0,0.0,0.0,0.0,0.0,0.0,0.0,0.0,0.0
0035,0003978,Adenocarcinoma high grade,0.9465234875679016,0.9465234875679016,70,0.9891700764775515,69,0,0,0,0,0,0,0,0,0,0,0,1,0.9857142857142858,0.0,0.0,0.0,0.0,0.0,0.0,0.0,0.0,0.0,0.0,0.0,0.014285714285714285
0035,0048033,Adenocarcinoma high grade,0.9865143299102783,0.9865143299102783,103,0.9853398724594604,94,2,4,0,0,0,1,0,0,0,0,0,2,0.912621359223301,0.019417475728155338,0.038834951456310676,0.0,0.0,0.0,0.009708737864077669,0.0,0.0,0.0,0.0,0.0,0.019417475728155338
0035,0058815,Adenocarcinoma high grade,0.9799792766571045,0.9799792766571045,83,0.9941899589297293,80,0,3,0,0,0,0,0,0,0,0,0,0,0.963855421686747,0.0,0.03614457831325301,0.0,0.0,0.0,0.0,0.0,0.0,0.0,0.0,0.0,0.0
0035,0069511,Adenocarcinoma high grade,0.9827171564102173,0.9827171564102173,96,0.9974468872480949,95,1,0,0,0,0,0,0,0,0,0,0,0,0.9895833333333334,0.010416666666666666,0.0,0.0,0.0,0.0,0.0,0.0,0.0,0.0,0.0,0.0,0.0
0035,0088248,Adenocarcinoma high grade,0.9916403293609619,0.9916403293609619,113,0.9808871064248421,103,9,0,0,0,0,0,0,0,0,1,0,0,0.911504424778761,0.07964601769911504,0.0,0.0,0.0,0.0,0.0,0.0,0.0,0.0,0.008849557522123894,0.0,0.0
0035,0130887,Adenocarcinoma high grade,0.9276031255722046,0.9276031255722046,92,0.9900291952935195,81,2,0,0,0,0,1,0,0,0,0,0,8,0.8804347826086957,0.021739130434782608,0.0,0.0,0.0,0.0,0.010869565217391304,0.0,0.0,0.0,0.0,0.0,0.08695652173913043
0035,0135210,Adenocarcinoma high grade,0.9930343627929688,0.9930343627929688,113,0.9945268205538494,109,2,1,0,0,0,1,0,0,0,0,0,0,0.9646017699115044,0.017699115044247787,0.008849557522123894,0.0,0.0,0.0,0.008849557522123894,0.0,0.0,0.0,0.0,0.0,0.0
0035,0191610,Adenocarcinoma high grade,0.9870709776878357,0.9870709776878357,95,0.9837301977470917,90,1,1,0,0,0,0,0,2,0,0,0,1,0.9473684210526315,0.010526315789473684,0.010526315789473684,0.0,0.0,0.0,0.0,0.0,0.021052631578947368,0.0,0.0,0.0,0.010526315789473684
0035,0200903,Adenocarcinoma high grade,0.8745402693748474,0.8745402693748474,74,0.9945967742635454,71,1,0,0,0,0,0,0,0,0,0,0,2,0.9594594594594594,0.013513513513513514,0.0,0.0,0.0,0.0,0.0,0.0,0.0,0.0,0.0,0.0,0.02702702702702703
0035,0201554,Adenocarcinoma high grade,0.9882442951202393,0.9882442951202393,99,0.9792436406896389,98,1,0,0,0,0,0,0,0,0,0,0,0,0.98989898989899,0.010101010101010102,0.0,0.0,0.0,0.0,0.0,0.0,0.0,0.0,0.0,0.0,0.0
0035,0229902,Adenocarcinoma high grade,0.9775952100753784,0.9775952100753784,93,0.9911337370990305,90,2,0,0,0,0,1,0,0,0,0,0,0,0.967741935483871,0.021505376344086023,0.0,0.0,0.0,0.0,0.010752688172043012,0.0,0.0,0.0,0.0,0.0,0.0
0035,0233027,Adenocarcinoma high grade,0.9975777864456177,0.9975777864456177,83,0.9934872041741468,78,2,0,0,0,0,0,0,3,0,0,0,0,0.9397590361445783,0.024096385542168676,0.0,0.0,0.0,0.0,0.0,0.0,0.03614457831325301,0.0,0.0,0.0,0.0
0035,0235714,Adenocarcinoma high grade,0.9916470646858215,0.9916470646858215,78,0.9954205244000668,70,5,1,0,0,0,0,0,1,0,0,0,1,0.8974358974358975,0.0641025641025641,0.01282051282051282,0.0,0.0,0.0,0.0,0.0,0.01282051282051282,0.0,0.0,0.0,0.01282051282051282
0035,0269916,Adenocarcinoma high grade,0.9927989840507507,0.9927989840507507,85,0.988556963707731,81,3,0,0,0,0,0,0,0,0,0,0,1,0.9529411764705882,0.03529411764705882,0.0,0.0,0.0,0.0,0.0,0.0,0.0,0.0,0.0,0.0,0.011764705882352941
0035,0279967,Adenocarcinoma high grade,0.9499042630195618,0.9499042630195618,87,0.9981272184623734,87,0,0,0,0,0,0,0,0,0,0,0,0,1.0,0.0,0.0,0.0,0.0,0.0,0.0,0.0,0.0,0.0,0.0,0.0,0.0
0035,0280815,Adenocarcinoma high grade,0.9862472414970398,0.9862472414970398,91,0.9791163361076556,88,0,1,0,0,0,0,0,0,0,0,1,1,0.967032967032967,0.0,0.01098901098901099,0.0,0.0,0.0,0.0,0.0,0.0,0.0,0.0,0.01098901098901099,0.01098901098901099
0035,0300041,Adenocarcinoma high grade,0.9851951599121094,0.9851951599121094,79,0.9970417612821723,76,0,2,0,0,0,0,0,0,0,0,0,1,0.9620253164556962,0.0,0.02531645569620253,0.0,0.0,0.0,0.0,0.0,0.0,0.0,0.0,0.0,0.012658227848101266
0035,0335132,Adenocarcinoma high grade,0.9729650020599365,0.9729650020599365,87,0.9899072079811305,87,0,0,0,0,0,0,0,0,0,0,0,0,1.0,0.0,0.0,0.0,0.0,0.0,0.0,0.0,0.0,0.0,0.0,0.0,0.0
0035,0338923,Adenocarcinoma high grade,0.9185052514076233,0.9185052514076233,102,0.9918161945795343,99,0,2,0,0,0,0,0,0,0,0,0,1,0.9705882352941176,0.0,0.0196078431372549,0.0,0.0,0.0,0.0,0.0,0.0,0.0,0.0,0.0,0.00980392156862745
0035,0371320,Adenocarcinoma high grade,0.9351658225059509,0.9351658225059509,96,0.9933682928235514,94,0,1,0,0,0,0,0,1,0,0,0,0,0.9791666666666666,0.0,0.010416666666666666,0.0,0.0,0.0,0.0,0.0,0.010416666666666666,0.0,0.0,0.0,0.0
0035,0377781,Adenocarcinoma high grade,0.8779014945030212,0.8779014945030212,70,0.9668409022780232,63,3,0,1,0,0,0,0,0,0,0,0,3,0.9,0.04285714285714286,0.0,0.014285714285714285,0.0,0.0,0.0,0.0,0.0,0.0,0.0,0.0,0.04285714285714286
0035,0382379,Adenocarcinoma high grade,0.9883407950401306,0.9883407950401306,101,0.9927982823997991,97,3,1,0,0,0,0,0,0,0,0,0,0,0.9603960396039604,0.0297029702970297,0.009900990099009901,0.0,0.0,0.0,0.0,0.0,0.0,0.0,0.0,0.0,0.0
0035,0383705,Adenocarcinoma high grade,0.9887033104896545,0.9887033104896545,88,0.9954950124210075,76,10,2,0,0,0,0,0,0,0,0,0,0,0.8636363636363636,0.11363636363636363,0.022727272727272728,0.0,0.0,0.0,0.0,0.0,0.0,0.0,0.0,0.0,0.0
0035,0408385,Adenocarcinoma high grade,0.9833850860595703,0.9833850860595703,123,0.9959429042722425,121,2,0,0,0,0,0,0,0,0,0,0,0,0.983739837398374,0.016260162601626018,0.0,0.0,0.0,0.0,0.0,0.0,0.0,0.0,0.0,0.0,0.0
0035,0429788,Adenocarcinoma high grade,0.9429646134376526,0.9429646134376526,119,0.9786048638169093,117,0,0,0,0,0,0,0,0,0,0,1,1,0.9831932773109243,0.0,0.0,0.0,0.0,0.0,0.0,0.0,0.0,0.0,0.0,0.008403361344537815,0.008403361344537815
0035,0488930,Adenocarcinoma high grade,0.9561654329299927,0.9561654329299927,66,0.9967251312713892,62,0,0,0,0,0,0,0,4,0,0,0,0,0.9393939393939394,0.0,0.0,0.0,0.0,0.0,0.0,0.0,0.06060606060606061,0.0,0.0,0.0,0.0
0035,0518715,Adenocarcinoma high grade,0.9814220070838928,0.9814220070838928,81,0.9759883932732328,80,1,0,0,0,0,0,0,0,0,0,0,0,0.9876543209876543,0.012345679012345678,0.0,0.0,0.0,0.0,0.0,0.0,0.0,0.0,0.0,0.0,0.0
0035,0553713,Adenocarcinoma high grade,0.9526090025901794,0.9526090025901794,76,0.988326379420432,71,2,3,0,0,0,0,0,0,0,0,0,0,0.9342105263157895,0.02631578947368421,0.039473684210526314,0.0,0.0,0.0,0.0,0.0,0.0,0.0,0.0,0.0,0.0
0035,0562700,Adenocarcinoma high grade,0.9862498044967651,0.9862498044967651,85,0.9999513789897617,81,0,2,0,0,0,0,0,2,0,0,0,0,0.9529411764705882,0.0,0.023529411764705882,0.0,0.0,0.0,0.0,0.0,0.023529411764705882,0.0,0.0,0.0,0.0
0035,0562811,Adenocarcinoma high grade,0.9944896101951599,0.9944896101951599,117,0.9958718068015469,113,4,0,0,0,0,0,0,0,0,0,0,0,0.9658119658119658,0.03418803418803419,0.0,0.0,0.0,0.0,0.0,0.0,0.0,0.0,0.0,0.0,0.0
0035,0576411,Adenocarcinoma high grade,0.8854109048843384,0.8854109048843384,131,0.9934797134782807,131,0,0,0,0,0,0,0,0,0,0,0,0,1.0,0.0,0.0,0.0,0.0,0.0,0.0,0.0,0.0,0.0,0.0,0.0,0.0
0035,0580195,Adenocarcinoma high grade,0.9917330145835876,0.9917330145835876,104,0.9988600101382765,99,1,4,0,0,0,0,0,0,0,0,0,0,0.9519230769230769,0.009615384615384616,0.038461538461538464,0.0,0.0,0.0,0.0,0.0,0.0,0.0,0.0,0.0,0.0
0035,0587152,Adenocarcinoma high grade,0.9868346452713013,0.9868346452713013,91,0.9977323317490434,91,0,0,0,0,0,0,0,0,0,0,0,0,1.0,0.0,0.0,0.0,0.0,0.0,0.0,0.0,0.0,0.0,0.0,0.0,0.0
0035,0596710,Adenocarcinoma high grade,0.9963092803955078,0.9963092803955078,82,0.9959021080354079,81,0,0,0,0,0,0,0,1,0,0,0,0,0.9878048780487805,0.0,0.0,0.0,0.0,0.0,0.0,0.0,0.012195121951219513,0.0,0.0,0.0,0.0
0035,0651357,Adenocarcinoma high grade,0.9840232133865356,0.9840232133865356,104,0.9845137513205616,101,2,0,0,0,0,0,0,0,0,0,1,0,0.9711538461538461,0.019230769230769232,0.0,0.0,0.0,0.0,0.0,0.0,0.0,0.0,0.0,0.009615384615384616,0.0
0035,0668101,Adenocarcinoma high grade,0.9663828015327454,0.9663828015327454,58,0.9854825595143317,47,0,8,0,0,0,0,0,3,0,0,0,0,0.8103448275862069,0.0,0.13793103448275862,0.0,0.0,0.0,0.0,0.0,0.05172413793103448,0.0,0.0,0.0,0.0
0035,0682783,Adenocarcinoma high grade,0.9585556983947754,0.9585556983947754,118,0.9896381114858543,113,5,0,0,0,0,0,0,0,0,0,0,0,0.9576271186440678,0.0423728813559322,0.0,0.0,0.0,0.0,0.0,0.0,0.0,0.0,0.0,0.0,0.0
0035,0702458,Adenocarcinoma high grade,0.9976345300674438,0.9976345300674438,94,0.9976573783850439,88,3,1,0,0,0,0,0,1,0,0,0,1,0.9361702127659575,0.031914893617021274,0.010638297872340425,0.0,0.0,0.0,0.0,0.0,0.010638297872340425,0.0,0.0,0.0,0.010638297872340425
0035,0720475,Adenocarcinoma high grade,0.9821281433105469,0.9821281433105469,81,0.9953009249886022,79,1,0,0,0,0,0,0,1,0,0,0,0,0.9753086419753086,0.012345679012345678,0.0,0.0,0.0,0.0,0.0,0.0,0.012345679012345678,0.0,0.0,0.0,0.0
0035,0728710,Adenocarcinoma high grade,0.8941918611526489,0.8941918611526489,78,0.9999999916836918,77,0,1,0,0,0,0,0,0,0,0,0,0,0.9871794871794872,0.0,0.01282051282051282,0.0,0.0,0.0,0.0,0.0,0.0,0.0,0.0,0.0,0.0
0035,0729181,Adenocarcinoma high grade,0.9842729568481445,0.9842729568481445,103,0.9979200313812555,96,3,4,0,0,0,0,0,0,0,0,0,0,0.9320388349514563,0.02912621359223301,0.038834951456310676,0.0,0.0,0.0,0.0,0.0,0.0,0.0,0.0,0.0,0.0
0035,0760494,Adenocarcinoma high grade,0.9559022784233093,0.9559022784233093,70,0.9881872356935637,67,0,2,0,0,0,1,0,0,0,0,0,0,0.9571428571428572,0.0,0.02857142857142857,0.0,0.0,0.0,0.014285714285714285,0.0,0.0,0.0,0.0,0.0,0.0
0035,0795366,Adenocarcinoma high grade,0.9684385061264038,0.9684385061264038,102,0.9946377270957443,102,0,0,0,0,0,0,0,0,0,0,0,0,1.0,0.0,0.0,0.0,0.0,0.0,0.0,0.0,0.0,0.0,0.0,0.0,0.0
0035,0823632,Adenocarcinoma high grade,0.9933363795280457,0.9933363795280457,111,0.9975137275482304,110,1,0,0,0,0,0,0,0,0,0,0,0,0.990990990990991,0.009009009009009009,0.0,0.0,0.0,0.0,0.0,0.0,0.0,0.0,0.0,0.0,0.0
0035,0834970,Adenocarcinoma high grade,0.9805610775947571,0.9805610775947571,88,0.9868141026133675,79,6,1,1,0,0,0,0,1,0,0,0,0,0.8977272727272727,0.06818181818181818,0.011363636363636364,0.011363636363636364,0.0,0.0,0.0,0.0,0.011363636363636364,0.0,0.0,0.0,0.0
0035,0872740,Adenocarcinoma high grade,0.9289510846138,0.9289510846138,79,0.9926682726471727,78,1,0,0,0,0,0,0,0,0,0,0,0,0.9873417721518988,0.012658227848101266,0.0,0.0,0.0,0.0,0.0,0.0,0.0,0.0,0.0,0.0,0.0
0035,0874542,Adenocarcinoma high grade,0.9871796369552612,0.9871796369552612,99,0.9879131738885594,97,1,0,0,0,0,0,0,0,0,0,0,1,0.9797979797979798,0.010101010101010102,0.0,0.0,0.0,0.0,0.0,0.0,0.0,0.0,0.0,0.0,0.010101010101010102
0035,0928422,Adenocarcinoma high grade,0.9397116899490356,0.9397116899490356,96,0.9847977822239226,91,0,4,0,0,0,0,0,0,0,0,0,1,0.9479166666666666,0.0,0.041666666666666664,0.0,0.0,0.0,0.0,0.0,0.0,0.0,0.0,0.0,0.010416666666666666
0035,0934091,Adenocarcinoma high grade,0.8244767785072327,0.8244767785072327,89,0.9868916192907021,89,0,0,0,0,0,0,0,0,0,0,0,0,1.0,0.0,0.0,0.0,0.0,0.0,0.0,0.0,0.0,0.0,0.0,0.0,0.0
0035,0963180,Adenocarcinoma high grade,0.9164730310440063,0.9164730310440063,117,0.988145651016475,114,1,0,0,0,0,1,0,0,0,0,1,0,0.9743589743589743,0.008547008547008548,0.0,0.0,0.0,0.0,0.008547008547008548,0.0,0.0,0.0,0.0,0.008547008547008548,0.0
0047,0181285,Adenocarcinoma high grade,0.17473620176315308,0.17473620176315308,59,0.9534771208599236,42,3,9,1,0,0,0,0,4,0,0,0,0,0.711864406779661,0.05084745762711865,0.15254237288135594,0.01694915254237288,0.0,0.0,0.0,0.0,0.06779661016949153,0.0,0.0,0.0,0.0
0047,0268172,Adenocarcinoma high grade,0.16992895305156708,0.16992895305156708,62,0.9623198444120921,52,5,3,0,0,0,2,0,0,0,0,0,0,0.8387096774193549,0.08064516129032258,0.04838709677419355,0.0,0.0,0.0,0.03225806451612903,0.0,0.0,0.0,0.0,0.0,0.0
0055,0008581,Adenocarcinoma high grade,0.4764173626899719,0.4764173626899719,38,0.9410068708152194,38,0,0,0,0,0,0,0,0,0,0,0,0,1.0,0.0,0.0,0.0,0.0,0.0,0.0,0.0,0.0,0.0,0.0,0.0,0.0
0055,0040058,Adenocarcinoma high grade,0.47801533341407776,0.47801533341407776,56,0.9901715876991234,53,1,1,0,0,0,0,0,0,0,0,0,1,0.9464285714285714,0.017857142857142856,0.017857142857142856,0.0,0.0,0.0,0.0,0.0,0.0,0.0,0.0,0.0,0.017857142857142856
0055,0053790,Adenocarcinoma high grade,0.46402350068092346,0.46402350068092346,31,0.9296845426389129,22,1,0,1,0,0,0,0,0,0,1,0,6,0.7096774193548387,0.03225806451612903,0.0,0.03225806451612903,0.0,0.0,0.0,0.0,0.0,0.0,0.03225806451612903,0.0,0.1935483870967742
0055,0063870,Adenocarcinoma high grade,0.4982587397098541,0.4982587397098541,31,0.9415546380650792,25,1,0,0,0,1,0,0,0,0,0,0,4,0.8064516129032258,0.03225806451612903,0.0,0.0,0.0,0.03225806451612903,0.0,0.0,0.0,0.0,0.0,0.0,0.12903225806451613
0055,0065571,Adenocarcinoma high grade,0.4669933021068573,0.4669933021068573,50,0.9921711628869493,37,2,10,0,0,0,1,0,0,0,0,0,0,0.74,0.04,0.2,0.0,0.0,0.0,0.02,0.0,0.0,0.0,0.0,0.0,0.0
0055,0085096,Adenocarcinoma high grade,0.46018117666244507,0.46018117666244507,59,0.9734752659974589,53,0,1,0,0,0,4,0,0,0,0,0,1,0.8983050847457628,0.0,0.01694915254237288,0.0,0.0,0.0,0.06779661016949153,0.0,0.0,0.0,0.0,0.0,0.01694915254237288
0055,0089128,Adenocarcinoma high grade,0.4775106906890869,0.4775106906890869,28,0.9262439500854589,28,0,0,0,0,0,0,0,0,0,0,0,0,1.0,0.0,0.0,0.0,0.0,0.0,0.0,0.0,0.0,0.0,0.0,0.0,0.0
0055,0102591,Adenocarcinoma high grade,0.4626409411430359,0.4626409411430359,67,0.9938580528655182,66,0,1,0,0,0,0,0,0,0,0,0,0,0.9850746268656716,0.0,0.014925373134328358,0.0,0.0,0.0,0.0,0.0,0.0,0.0,0.0,0.0,0.0
0055,0154289,Adenocarcinoma high grade,0.4450797736644745,0.4450797736644745,55,0.9752953546917144,52,0,3,0,0,0,0,0,0,0,0,0,0,0.9454545454545454,0.0,0.05454545454545454,0.0,0.0,0.0,0.0,0.0,0.0,0.0,0.0,0.0,0.0
0055,0199039,Adenocarcinoma high grade,0.47009792923927307,0.47009792923927307,82,0.997828689027302,81,0,0,0,0,0,0,0,0,0,0,0,1,0.9878048780487805,0.0,0.0,0.0,0.0,0.0,0.0,0.0,0.0,0.0,0.0,0.0,0.012195121951219513
0055,0235672,Adenocarcinoma high grade,0.46877521276474,0.46877521276474,50,0.9823560528970171,48,1,0,0,0,0,0,0,0,0,0,0,1,0.96,0.02,0.0,0.0,0.0,0.0,0.0,0.0,0.0,0.0,0.0,0.0,0.02
0055,0239727,Adenocarcinoma high grade,0.46682658791542053,0.46682658791542053,56,0.9799369250742275,52,0,0,0,0,2,0,0,0,0,0,1,1,0.9285714285714286,0.0,0.0,0.0,0.0,0.03571428571428571,0.0,0.0,0.0,0.0,0.0,0.017857142857142856,0.017857142857142856
0055,0244392,Adenocarcinoma high grade,0.4582800567150116,0.4582800567150116,43,0.9276345390250706,39,0,0,1,0,0,2,0,0,0,0,0,1,0.9069767441860465,0.0,0.0,0.023255813953488372,0.0,0.0,0.046511627906976744,0.0,0.0,0.0,0.0,0.0,0.023255813953488372
0055,0288818,Adenocarcinoma high grade,0.4679759740829468,0.4679759740829468,65,0.9923865222394513,63,2,0,0,0,0,0,0,0,0,0,0,0,0.9692307692307692,0.03076923076923077,0.0,0.0,0.0,0.0,0.0,0.0,0.0,0.0,0.0,0.0,0.0
0055,0332522,Adenocarcinoma high grade,0.4741254448890686,0.4741254448890686,49,0.9878592789535754,49,0,0,0,0,0,0,0,0,0,0,0,0,1.0,0.0,0.0,0.0,0.0,0.0,0.0,0.0,0.0,0.0,0.0,0.0,0.0
0055,0342226,Adenocarcinoma high grade,0.47208699584007263,0.47208699584007263,66,0.9990936368233048,65,0,0,0,0,0,0,0,0,0,0,0,1,0.9848484848484849,0.0,0.0,0.0,0.0,0.0,0.0,0.0,0.0,0.0,0.0,0.0,0.015151515151515152
0055,0423102,Adenocarcinoma high grade,0.4736369252204895,0.4736369252204895,52,0.9899297446832702,48,2,0,0,0,1,0,0,0,0,0,0,1,0.9230769230769231,0.038461538461538464,0.0,0.0,0.0,0.019230769230769232,0.0,0.0,0.0,0.0,0.0,0.0,0.019230769230769232
0055,0448269,Adenocarcinoma high grade,0.4751336872577667,0.4751336872577667,22,0.9964846940537346,21,0,0,0,0,0,0,0,0,0,0,0,1,0.9545454545454546,0.0,0.0,0.0,0.0,0.0,0.0,0.0,0.0,0.0,0.0,0.0,0.045454545454545456
0055,0466329,Adenocarcinoma high grade,0.4602295160293579,0.4602295160293579,45,0.9648874661727977,45,0,0,0,0,0,0,0,0,0,0,0,0,1.0,0.0,0.0,0.0,0.0,0.0,0.0,0.0,0.0,0.0,0.0,0.0,0.0
0055,0496627,Adenocarcinoma high grade,0.4535520672798157,0.4535520672798157,53,0.9559017957988671,51,0,0,1,0,0,0,0,0,0,0,0,1,0.9622641509433962,0.0,0.0,0.018867924528301886,0.0,0.0,0.0,0.0,0.0,0.0,0.0,0.0,0.018867924528301886
0055,0540283,Adenocarcinoma high grade,0.46041256189346313,0.46041256189346313,73,0.9912320169906502,70,3,0,0,0,0,0,0,0,0,0,0,0,0.958904109589041,0.0410958904109589,0.0,0.0,0.0,0.0,0.0,0.0,0.0,0.0,0.0,0.0,0.0
0055,0568950,Adenocarcinoma high grade,0.4843902885913849,0.4843902885913849,45,0.9902403321712466,41,2,1,0,0,0,1,0,0,0,0,0,0,0.9111111111111111,0.044444444444444446,0.022222222222222223,0.0,0.0,0.0,0.022222222222222223,0.0,0.0,0.0,0.0,0.0,0.0
0055,0578149,Adenocarcinoma high grade,0.466171532869339,0.466171532869339,63,0.9921219599987127,61,0,0,0,0,0,1,0,0,0,0,0,1,0.9682539682539683,0.0,0.0,0.0,0.0,0.0,0.015873015873015872,0.0,0.0,0.0,0.0,0.0,0.015873015873015872
0055,0580288,Adenocarcinoma high grade,0.4683016240596771,0.4683016240596771,53,0.9976591995043462,52,0,0,0,0,0,1,0,0,0,0,0,0,0.9811320754716981,0.0,0.0,0.0,0.0,0.0,0.018867924528301886,0.0,0.0,0.0,0.0,0.0,0.0
0055,0581989,Adenocarcinoma high grade,0.47340381145477295,0.47340381145477295,82,0.9908792531469295,73,7,1,0,0,0,0,0,0,0,0,0,1,0.8902439024390244,0.08536585365853659,0.012195121951219513,0.0,0.0,0.0,0.0,0.0,0.0,0.0,0.0,0.0,0.012195121951219513
0055,0584709,Adenocarcinoma high grade,0.4676174521446228,0.4676174521446228,56,0.9246695174098606,37,0,7,1,0,4,4,0,0,0,0,0,3,0.6607142857142857,0.0,0.125,0.017857142857142856,0.0,0.07142857142857142,0.07142857142857142,0.0,0.0,0.0,0.0,0.0,0.05357142857142857
0055,0592817,Adenocarcinoma high grade,0.4672796428203583,0.4672796428203583,63,0.9972559005073509,61,0,0,0,0,0,0,0,0,0,0,1,1,0.9682539682539683,0.0,0.0,0.0,0.0,0.0,0.0,0.0,0.0,0.0,0.0,0.015873015873015872,0.015873015873015872
0055,0617756,Adenocarcinoma high grade,0.44289055466651917,0.44289055466651917,63,0.9879369284940077,60,1,0,0,0,0,1,0,0,0,0,0,1,0.9523809523809523,0.015873015873015872,0.0,0.0,0.0,0.0,0.015873015873015872,0.0,0.0,0.0,0.0,0.0,0.015873015873015872
0055,0710688,Adenocarcinoma high grade,0.4503139853477478,0.4503139853477478,48,0.9856447396671838,45,0,1,0,0,0,1,0,0,0,0,0,1,0.9375,0.0,0.020833333333333332,0.0,0.0,0.0,0.020833333333333332,0.0,0.0,0.0,0.0,0.0,0.020833333333333332
0055,0725162,Adenocarcinoma high grade,0.46941980719566345,0.46941980719566345,57,0.9846317262058962,55,0,0,0,0,0,1,0,0,0,0,0,1,0.9649122807017544,0.0,0.0,0.0,0.0,0.0,0.017543859649122806,0.0,0.0,0.0,0.0,0.0,0.017543859649122806
0055,0726862,Adenocarcinoma high grade,0.46685776114463806,0.46685776114463806,37,0.9400799566772418,29,0,0,0,0,3,2,0,0,0,0,0,3,0.7837837837837838,0.0,0.0,0.0,0.0,0.08108108108108109,0.05405405405405406,0.0,0.0,0.0,0.0,0.0,0.08108108108108109
0055,0736276,Adenocarcinoma high grade,0.4599447250366211,0.4599447250366211,53,0.9439636510555622,52,0,0,1,0,0,0,0,0,0,0,0,0,0.9811320754716981,0.0,0.0,0.018867924528301886,0.0,0.0,0.0,0.0,0.0,0.0,0.0,0.0,0.0
0055,0760144,Adenocarcinoma high grade,0.46116214990615845,0.46116214990615845,72,0.9552580951845913,53,0,1,0,0,4,3,0,2,0,0,0,9,0.7361111111111112,0.0,0.013888888888888888,0.0,0.0,0.05555555555555555,0.041666666666666664,0.0,0.027777777777777776,0.0,0.0,0.0,0.125
0055,0781266,Adenocarcinoma high grade,0.44504880905151367,0.44504880905151367,70,0.9604494965178284,65,1,2,0,0,0,0,0,0,0,0,0,2,0.9285714285714286,0.014285714285714285,0.02857142857142857,0.0,0.0,0.0,0.0,0.0,0.0,0.0,0.0,0.0,0.02857142857142857
0055,0788467,Adenocarcinoma high grade,0.4799501597881317,0.4799501597881317,35,0.9632659787841212,34,1,0,0,0,0,0,0,0,0,0,0,0,0.9714285714285714,0.02857142857142857,0.0,0.0,0.0,0.0,0.0,0.0,0.0,0.0,0.0,0.0,0.0
0055,0818985,Adenocarcinoma high grade,0.4724390506744385,0.4724390506744385,57,0.9834117251830662,55,0,1,0,0,0,0,0,0,0,0,0,1,0.9649122807017544,0.0,0.017543859649122806,0.0,0.0,0.0,0.0,0.0,0.0,0.0,0.0,0.0,0.017543859649122806
0055,0834530,Adenocarcinoma high grade,0.4826633632183075,0.4826633632183075,50,0.917963580161969,45,0,1,1,0,0,2,0,0,0,0,0,1,0.9,0.0,0.02,0.02,0.0,0.0,0.04,0.0,0.0,0.0,0.0,0.0,0.02
0055,0844446,Adenocarcinoma high grade,0.4640573263168335,0.4640573263168335,54,0.9483450183894017,43,1,1,0,0,1,0,0,1,0,1,0,6,0.7962962962962963,0.018518518518518517,0.018518518518518517,0.0,0.0,0.018518518518518517,0.0,0.0,0.018518518518518517,0.0,0.018518518518518517,0.0,0.1111111111111111
0055,0861535,Adenocarcinoma high grade,0.47518619894981384,0.47518619894981384,63,0.9942464098065628,62,0,0,0,0,0,0,0,0,0,0,0,1,0.9841269841269841,0.0,0.0,0.0,0.0,0.0,0.0,0.0,0.0,0.0,0.0,0.0,0.015873015873015872
0055,0882103,Adenocarcinoma high grade,0.47297534346580505,0.47297534346580505,49,0.9967083881060026,47,1,0,0,0,1,0,0,0,0,0,0,0,0.9591836734693877,0.02040816326530612,0.0,0.0,0.0,0.02040816326530612,0.0,0.0,0.0,0.0,0.0,0.0,0.0
0055,0884377,Adenocarcinoma high grade,0.4639894664287567,0.4639894664287567,62,0.9467690249821837,59,0,3,0,0,0,0,0,0,0,0,0,0,0.9516129032258065,0.0,0.04838709677419355,0.0,0.0,0.0,0.0,0.0,0.0,0.0,0.0,0.0,0.0
0055,0890275,Adenocarcinoma high grade,0.435316801071167,0.435316801071167,65,0.9486288285428187,49,0,2,3,0,1,6,0,0,0,0,0,4,0.7538461538461538,0.0,0.03076923076923077,0.046153846153846156,0.0,0.015384615384615385,0.09230769230769231,0.0,0.0,0.0,0.0,0.0,0.06153846153846154
0055,0907610,Adenocarcinoma high grade,0.46606868505477905,0.46606868505477905,59,0.9790635282641845,56,1,0,0,0,0,0,0,0,0,0,0,2,0.9491525423728814,0.01694915254237288,0.0,0.0,0.0,0.0,0.0,0.0,0.0,0.0,0.0,0.0,0.03389830508474576
0055,0919283,Adenocarcinoma high grade,0.47149068117141724,0.47149068117141724,61,0.9958459045259084,59,0,0,0,0,0,0,0,0,0,0,0,2,0.9672131147540983,0.0,0.0,0.0,0.0,0.0,0.0,0.0,0.0,0.0,0.0,0.0,0.03278688524590164
0055,0921770,Adenocarcinoma high grade,0.46317681670188904,0.46317681670188904,56,0.9757021145946364,49,1,3,1,0,1,0,0,0,0,0,0,1,0.875,0.017857142857142856,0.05357142857142857,0.017857142857142856,0.0,0.017857142857142856,0.0,0.0,0.0,0.0,0.0,0.0,0.017857142857142856
0055,0923601,Adenocarcinoma high grade,0.4665928781032562,0.4665928781032562,52,0.9980710702760465,51,0,0,0,0,0,0,0,0,0,0,0,1,0.9807692307692307,0.0,0.0,0.0,0.0,0.0,0.0,0.0,0.0,0.0,0.0,0.0,0.019230769230769232
0055,0938703,Adenocarcinoma high grade,0.4453893303871155,0.4453893303871155,58,0.939419341787583,55,0,0,2,0,0,0,0,0,0,0,0,1,0.9482758620689655,0.0,0.0,0.034482758620689655,0.0,0.0,0.0,0.0,0.0,0.0,0.0,0.0,0.017241379310344827
0055,0975946,Adenocarcinoma high grade,0.45276549458503723,0.45276549458503723,49,0.9795856665589792,45,0,2,0,0,0,1,0,0,0,0,1,0,0.9183673469387755,0.0,0.04081632653061224,0.0,0.0,0.0,0.02040816326530612,0.0,0.0,0.0,0.0,0.02040816326530612,0.0
0055,1001361,Adenocarcinoma high grade,0.4426209032535553,0.4426209032535553,40,0.9238852161685065,27,0,5,0,0,2,4,0,0,0,1,0,1,0.675,0.0,0.125,0.0,0.0,0.05,0.1,0.0,0.0,0.0,0.025,0.0,0.025
0055,1036151,Adenocarcinoma high grade,0.46635788679122925,0.46635788679122925,50,0.9262355384881928,41,0,3,0,0,1,4,0,0,0,0,0,1,0.82,0.0,0.06,0.0,0.0,0.02,0.08,0.0,0.0,0.0,0.0,0.0,0.02
0069,0101840,Adenocarcinoma high grade,0.398538202047348,0.398538202047348,35,0.9543712531924419,18,7,3,0,0,1,3,0,2,0,0,0,1,0.5142857142857142,0.2,0.08571428571428572,0.0,0.0,0.02857142857142857,0.08571428571428572,0.0,0.05714285714285714,0.0,0.0,0.0,0.02857142857142857
0069,0212142,Adenocarcinoma high grade,0.38322558999061584,0.38322558999061584,50,0.9730516184828991,45,0,5,0,0,0,0,0,0,0,0,0,0,0.9,0.0,0.1,0.0,0.0,0.0,0.0,0.0,0.0,0.0,0.0,0.0,0.0
0069,0339718,Adenocarcinoma high grade,0.4100722372531891,0.4100722372531891,60,0.9891801855990049,59,0,1,0,0,0,0,0,0,0,0,0,0,0.9833333333333333,0.0,0.016666666666666666,0.0,0.0,0.0,0.0,0.0,0.0,0.0,0.0,0.0,0.0
0069,0572743,Adenocarcinoma high grade,0.42412784695625305,0.42412784695625305,57,0.9650458927448134,57,0,0,0,0,0,0,0,0,0,0,0,0,1.0,0.0,0.0,0.0,0.0,0.0,0.0,0.0,0.0,0.0,0.0,0.0,0.0
0069,0594187,Adenocarcinoma high grade,0.4204425811767578,0.4204425811767578,56,0.9764911243428388,54,0,2,0,0,0,0,0,0,0,0,0,0,0.9642857142857143,0.0,0.03571428571428571,0.0,0.0,0.0,0.0,0.0,0.0,0.0,0.0,0.0,0.0
0069,0671221,Adenocarcinoma high grade,0.4131629765033722,0.4131629765033722,73,0.9997021980971195,73,0,0,0,0,0,0,0,0,0,0,0,0,1.0,0.0,0.0,0.0,0.0,0.0,0.0,0.0,0.0,0.0,0.0,0.0,0.0
0069,0827992,Adenocarcinoma high grade,0.40233635902404785,0.40233635902404785,65,0.9838804989001088,64,1,0,0,0,0,0,0,0,0,0,0,0,0.9846153846153847,0.015384615384615385,0.0,0.0,0.0,0.0,0.0,0.0,0.0,0.0,0.0,0.0,0.0
0080,0273807,Adenocarcinoma high grade,0.18620219826698303,0.18620219826698303,55,0.88754654080465,39,2,1,1,0,0,2,0,1,0,0,0,9,0.7090909090909091,0.03636363636363636,0.01818181818181818,0.01818181818181818,0.0,0.0,0.03636363636363636,0.0,0.01818181818181818,0.0,0.0,0.0,0.16363636363636364
0080,0336788,Adenocarcinoma high grade,0.09853233397006989,0.09853233397006989,69,0.9999999909801434,66,0,3,0,0,0,0,0,0,0,0,0,0,0.9565217391304348,0.0,0.043478260869565216,0.0,0.0,0.0,0.0,0.0,0.0,0.0,0.0,0.0,0.0
0080,0525932,Adenocarcinoma high grade,0.16798490285873413,0.16798490285873413,62,0.9821008592787203,60,1,1,0,0,0,0,0,0,0,0,0,0,0.967741935483871,0.016129032258064516,0.016129032258064516,0.0,0.0,0.0,0.0,0.0,0.0,0.0,0.0,0.0,0.0
0084,0183799,Adenocarcinoma high grade,0.16930267214775085,0.16930267214775085,48,0.9452307273174373,24,1,20,0,0,0,1,0,0,0,1,0,1,0.5,0.020833333333333332,0.4166666666666667,0.0,0.0,0.0,0.020833333333333332,0.0,0.0,0.0,0.020833333333333332,0.0,0.020833333333333332
0091,0064803,Adenocarcinoma high grade,0.1575297713279724,0.1575297713279724,48,0.9910022895186165,44,1,0,0,0,0,3,0,0,0,0,0,0,0.9166666666666666,0.020833333333333332,0.0,0.0,0.0,0.0,0.0625,0.0,0.0,0.0,0.0,0.0,0.0
0091,0263474,Adenocarcinoma high grade,0.1588274985551834,0.1588274985551834,94,0.99292751778167,94,0,0,0,0,0,0,0,0,0,0,0,0,1.0,0.0,0.0,0.0,0.0,0.0,0.0,0.0,0.0,0.0,0.0,0.0,0.0
0091,0538031,Adenocarcinoma high grade,0.12655627727508545,0.12655627727508545,81,0.9635304886884887,79,0,0,0,0,0,1,0,0,0,0,0,1,0.9753086419753086,0.0,0.0,0.0,0.0,0.0,0.012345679012345678,0.0,0.0,0.0,0.0,0.0,0.012345679012345678
0106,0040918,Adenocarcinoma high grade,0.1997443288564682,0.1997443288564682,57,0.9223313371873544,45,0,2,0,0,0,4,0,0,0,0,0,6,0.7894736842105263,0.0,0.03508771929824561,0.0,0.0,0.0,0.07017543859649122,0.0,0.0,0.0,0.0,0.0,0.10526315789473684
0106,0071075,Adenocarcinoma high grade,0.18149137496948242,0.18149137496948242,53,0.9632246583110442,44,0,1,0,0,1,0,0,2,2,0,0,3,0.8301886792452831,0.0,0.018867924528301886,0.0,0.0,0.018867924528301886,0.0,0.0,0.03773584905660377,0.03773584905660377,0.0,0.0,0.05660377358490566
0106,0156107,Adenocarcinoma high grade,0.18944671750068665,0.18944671750068665,61,0.9967851631303202,54,1,0,0,0,0,1,0,4,0,0,0,1,0.8852459016393442,0.01639344262295082,0.0,0.0,0.0,0.0,0.01639344262295082,0.0,0.06557377049180328,0.0,0.0,0.0,0.01639344262295082
0106,0160071,Adenocarcinoma high grade,0.19050927460193634,0.19050927460193634,38,0.9990881411983954,38,0,0,0,0,0,0,0,0,0,0,0,0,1.0,0.0,0.0,0.0,0.0,0.0,0.0,0.0,0.0,0.0,0.0,0.0,0.0
0106,0226136,Adenocarcinoma high grade,0.18881653249263763,0.18881653249263763,58,0.9517433060548861,38,8,0,0,0,0,2,0,10,0,0,0,0,0.6551724137931034,0.13793103448275862,0.0,0.0,0.0,0.0,0.034482758620689655,0.0,0.1724137931034483,0.0,0.0,0.0,0.0
0106,0232999,Adenocarcinoma high grade,0.18135079741477966,0.18135079741477966,30,0.9285389150057678,18,1,4,0,0,3,2,0,1,0,0,0,1,0.6,0.03333333333333333,0.13333333333333333,0.0,0.0,0.1,0.06666666666666667,0.0,0.03333333333333333,0.0,0.0,0.0,0.03333333333333333
0106,0235850,Adenocarcinoma high grade,0.19267584383487701,0.19267584383487701,45,0.9722349182891481,41,0,1,0,0,0,0,0,0,0,1,0,2,0.9111111111111111,0.0,0.022222222222222223,0.0,0.0,0.0,0.0,0.0,0.0,0.0,0.022222222222222223,0.0,0.044444444444444446
0106,0237113,Adenocarcinoma high grade,0.21004948019981384,0.21004948019981384,53,0.9999999921571167,52,0,1,0,0,0,0,0,0,0,0,0,0,0.9811320754716981,0.0,0.018867924528301886,0.0,0.0,0.0,0.0,0.0,0.0,0.0,0.0,0.0,0.0
0106,0239869,Adenocarcinoma high grade,0.19096674025058746,0.19096674025058746,36,0.9751328912430309,32,0,1,0,0,2,0,0,1,0,0,0,0,0.8888888888888888,0.0,0.027777777777777776,0.0,0.0,0.05555555555555555,0.0,0.0,0.027777777777777776,0.0,0.0,0.0,0.0
0106,0244061,Adenocarcinoma high grade,0.20154762268066406,0.20154762268066406,53,0.9628649078785414,51,0,0,0,0,0,0,0,0,0,0,0,2,0.9622641509433962,0.0,0.0,0.0,0.0,0.0,0.0,0.0,0.0,0.0,0.0,0.0,0.03773584905660377
0106,0278126,Adenocarcinoma high grade,0.18221831321716309,0.18221831321716309,61,0.9394502081112204,53,0,5,0,0,0,0,0,0,0,0,0,3,0.8688524590163934,0.0,0.08196721311475409,0.0,0.0,0.0,0.0,0.0,0.0,0.0,0.0,0.0,0.04918032786885246
0106,0307687,Adenocarcinoma high grade,0.20534572005271912,0.20534572005271912,46,0.9856175087890103,45,0,0,0,0,0,0,0,0,0,0,0,1,0.9782608695652174,0.0,0.0,0.0,0.0,0.0,0.0,0.0,0.0,0.0,0.0,0.0,0.021739130434782608
0106,0311146,Adenocarcinoma high grade,0.18563655018806458,0.18563655018806458,57,0.8664431161552261,23,1,11,2,0,0,7,0,8,0,1,0,4,0.40350877192982454,0.017543859649122806,0.19298245614035087,0.03508771929824561,0.0,0.0,0.12280701754385964,0.0,0.14035087719298245,0.0,0.017543859649122806,0.0,0.07017543859649122
0106,0321688,Adenocarcinoma high grade,0.1852913498878479,0.1852913498878479,47,0.9172758487507096,29,0,7,1,0,1,6,0,2,0,0,0,1,0.6170212765957447,0.0,0.14893617021276595,0.02127659574468085,0.0,0.02127659574468085,0.1276595744680851,0.0,0.0425531914893617,0.0,0.0,0.0,0.02127659574468085
0106,0370580,Adenocarcinoma high grade,0.17921410501003265,0.17921410501003265,79,0.9849934220534313,69,1,4,0,0,0,2,0,0,0,0,0,3,0.8734177215189873,0.012658227848101266,0.05063291139240506,0.0,0.0,0.0,0.02531645569620253,0.0,0.0,0.0,0.0,0.0,0.0379746835443038
0106,0381981,Adenocarcinoma high grade,0.19813767075538635,0.19813767075538635,44,0.8822083547967053,26,3,0,0,0,2,10,0,0,0,1,0,2,0.5909090909090909,0.06818181818181818,0.0,0.0,0.0,0.045454545454545456,0.22727272727272727,0.0,0.0,0.0,0.022727272727272728,0.0,0.045454545454545456
0106,0419434,Adenocarcinoma high grade,0.21257856488227844,0.21257856488227844,56,0.9958232801806588,55,0,1,0,0,0,0,0,0,0,0,0,0,0.9821428571428571,0.0,0.017857142857142856,0.0,0.0,0.0,0.0,0.0,0.0,0.0,0.0,0.0,0.0
0106,0550991,Adenocarcinoma high grade,0.21459491550922394,0.21459491550922394,35,0.9958573253593337,34,0,0,0,0,0,0,0,0,0,0,0,1,0.9714285714285714,0.0,0.0,0.0,0.0,0.0,0.0,0.0,0.0,0.0,0.0,0.0,0.02857142857142857
0106,0560167,Adenocarcinoma high grade,0.1944778561592102,0.1944778561592102,70,0.96370077863104,64,0,2,0,0,0,1,0,1,0,0,0,2,0.9142857142857143,0.0,0.02857142857142857,0.0,0.0,0.0,0.014285714285714285,0.0,0.014285714285714285,0.0,0.0,0.0,0.02857142857142857
0106,0594198,Adenocarcinoma high grade,0.19077126681804657,0.19077126681804657,58,0.8503209289504523,21,6,7,1,0,9,6,0,2,0,0,0,6,0.3620689655172414,0.10344827586206896,0.1206896551724138,0.017241379310344827,0.0,0.15517241379310345,0.10344827586206896,0.0,0.034482758620689655,0.0,0.0,0.0,0.10344827586206896
0106,0639817,Adenocarcinoma high grade,0.18523482978343964,0.18523482978343964,57,0.9060064911533795,31,1,2,2,0,12,1,0,5,0,0,0,3,0.543859649122807,0.017543859649122806,0.03508771929824561,0.03508771929824561,0.0,0.21052631578947367,0.017543859649122806,0.0,0.08771929824561403,0.0,0.0,0.0,0.05263157894736842
0106,0662535,Adenocarcinoma high grade,0.2055373638868332,0.2055373638868332,49,0.9730663388703851,46,0,2,0,0,0,0,0,0,0,0,0,1,0.9387755102040817,0.0,0.04081632653061224,0.0,0.0,0.0,0.0,0.0,0.0,0.0,0.0,0.0,0.02040816326530612
0106,0678219,Adenocarcinoma high grade,0.1931406557559967,0.1931406557559967,63,0.9024775558217729,19,3,6,0,0,7,17,0,0,0,0,0,11,0.30158730158730157,0.047619047619047616,0.09523809523809523,0.0,0.0,0.1111111111111111,0.2698412698412698,0.0,0.0,0.0,0.0,0.0,0.1746031746031746
0106,0728363,Adenocarcinoma high grade,0.19924552738666534,0.19924552738666534,54,0.9138742682028979,22,1,4,0,0,10,5,0,0,0,0,0,12,0.4074074074074074,0.018518518518518517,0.07407407407407407,0.0,0.0,0.18518518518518517,0.09259259259259259,0.0,0.0,0.0,0.0,0.0,0.2222222222222222
0106,0774878,Adenocarcinoma high grade,0.19738757610321045,0.19738757610321045,52,0.8962654419640627,29,3,0,1,0,2,9,0,0,0,0,0,8,0.5576923076923077,0.057692307692307696,0.0,0.019230769230769232,0.0,0.038461538461538464,0.17307692307692307,0.0,0.0,0.0,0.0,0.0,0.15384615384615385
0106,0779009,Adenocarcinoma high grade,0.1829078048467636,0.1829078048467636,62,0.841843956479971,20,8,5,1,0,11,4,0,1,0,0,0,12,0.3225806451612903,0.12903225806451613,0.08064516129032258,0.016129032258064516,0.0,0.1774193548387097,0.06451612903225806,0.0,0.016129032258064516,0.0,0.0,0.0,0.1935483870967742
0106,0825387,Adenocarcinoma high grade,0.19106754660606384,0.19106754660606384,45,0.9770679737228909,42,1,0,0,0,0,1,0,0,0,0,0,1,0.9333333333333333,0.022222222222222223,0.0,0.0,0.0,0.0,0.022222222222222223,0.0,0.0,0.0,0.0,0.0,0.022222222222222223
0106,0859821,Adenocarcinoma high grade,0.1913398653268814,0.1913398653268814,57,0.9555066971346587,42,0,0,0,0,1,5,0,0,0,0,0,9,0.7368421052631579,0.0,0.0,0.0,0.0,0.017543859649122806,0.08771929824561403,0.0,0.0,0.0,0.0,0.0,0.15789473684210525
0106,0900013,Adenocarcinoma high grade,0.20421481132507324,0.20421481132507324,56,0.9852819156460043,56,0,0,0,0,0,0,0,0,0,0,0,0,1.0,0.0,0.0,0.0,0.0,0.0,0.0,0.0,0.0,0.0,0.0,0.0,0.0
0106,0902869,Adenocarcinoma high grade,0.1856895238161087,0.1856895238161087,42,0.9827688962285398,39,0,0,0,0,0,0,0,0,0,0,0,3,0.9285714285714286,0.0,0.0,0.0,0.0,0.0,0.0,0.0,0.0,0.0,0.0,0.0,0.07142857142857142
0106,0999489,Adenocarcinoma high grade,0.18735189735889435,0.18735189735889435,58,0.9917733859357557,55,0,2,0,0,0,0,0,0,0,0,0,1,0.9482758620689655,0.0,0.034482758620689655,0.0,0.0,0.0,0.0,0.0,0.0,0.0,0.0,0.0,0.017241379310344827
0106,1007172,Adenocarcinoma high grade,0.19541753828525543,0.19541753828525543,50,0.9998982116842063,49,1,0,0,0,0,0,0,0,0,0,0,0,0.98,0.02,0.0,0.0,0.0,0.0,0.0,0.0,0.0,0.0,0.0,0.0,0.0
0106,1038541,Adenocarcinoma high grade,0.19159221649169922,0.19159221649169922,37,0.9915017050269118,30,0,0,0,0,0,0,0,0,0,0,0,7,0.8108108108108109,0.0,0.0,0.0,0.0,0.0,0.0,0.0,0.0,0.0,0.0,0.0,0.1891891891891892
0106,1039086,Adenocarcinoma high grade,0.19266241788864136,0.19266241788864136,36,0.9403885663761573,24,3,0,0,0,3,4,0,0,0,0,1,1,0.6666666666666666,0.08333333333333333,0.0,0.0,0.0,0.08333333333333333,0.1111111111111111,0.0,0.0,0.0,0.0,0.027777777777777776,0.027777777777777776
0108,0589317,Adenocarcinoma high grade,0.051057424396276474,0.051057424396276474,54,0.931630872422911,23,4,13,1,0,2,6,0,3,0,0,0,2,0.42592592592592593,0.07407407407407407,0.24074074074074073,0.018518518518518517,0.0,0.037037037037037035,0.1111111111111111,0.0,0.05555555555555555,0.0,0.0,0.0,0.037037037037037035
0126,0117787,Adenocarcinoma high grade,0.20231644809246063,0.20231644809246063,60,0.9811079449429148,46,2,0,0,0,0,0,0,0,0,0,0,12,0.7666666666666667,0.03333333333333333,0.0,0.0,0.0,0.0,0.0,0.0,0.0,0.0,0.0,0.0,0.2
0126,0253890,Adenocarcinoma high grade,0.20179739594459534,0.20179739594459534,61,0.9561617369506701,39,2,0,0,0,0,1,0,0,0,0,0,19,0.639344262295082,0.03278688524590164,0.0,0.0,0.0,0.0,0.01639344262295082,0.0,0.0,0.0,0.0,0.0,0.3114754098360656
0126,0316681,Adenocarcinoma high grade,0.18666335940361023,0.18666335940361023,71,0.9696766202294916,66,0,0,1,0,0,1,0,0,0,0,0,3,0.9295774647887324,0.0,0.0,0.014084507042253521,0.0,0.0,0.014084507042253521,0.0,0.0,0.0,0.0,0.0,0.04225352112676056
0126,0545945,Adenocarcinoma high grade,0.199676513671875,0.199676513671875,70,0.9554007271553455,59,1,5,0,0,0,2,0,0,0,0,0,3,0.8428571428571429,0.014285714285714285,0.07142857142857142,0.0,0.0,0.0,0.02857142857142857,0.0,0.0,0.0,0.0,0.0,0.04285714285714286
0132,0090486,Adenocarcinoma high grade,0.16666243970394135,0.16666243970394135,35,0.9922964350470589,35,0,0,0,0,0,0,0,0,0,0,0,0,1.0,0.0,0.0,0.0,0.0,0.0,0.0,0.0,0.0,0.0,0.0,0.0,0.0
0132,0744855,Adenocarcinoma high grade,0.18536506593227386,0.18536506593227386,41,0.9482598408088626,29,1,5,0,0,1,2,0,2,0,0,0,1,0.7073170731707317,0.024390243902439025,0.12195121951219512,0.0,0.0,0.024390243902439025,0.04878048780487805,0.0,0.04878048780487805,0.0,0.0,0.0,0.024390243902439025
0132,0895399,Adenocarcinoma high grade,0.18249791860580444,0.18249791860580444,35,0.9657989134707368,26,0,6,0,0,0,1,0,0,0,0,0,2,0.7428571428571429,0.0,0.17142857142857143,0.0,0.0,0.0,0.02857142857142857,0.0,0.0,0.0,0.0,0.0,0.05714285714285714
0138,0233889,Adenocarcinoma high grade,0.4527709484100342,0.4527709484100342,66,0.9763028506013061,63,0,2,0,0,0,0,0,0,0,0,0,1,0.9545454545454546,0.0,0.030303030303030304,0.0,0.0,0.0,0.0,0.0,0.0,0.0,0.0,0.0,0.015151515151515152
0141,0032664,Adenocarcinoma high grade,0.16996459662914276,0.16996459662914276,98,0.9660268666896912,80,3,1,0,0,0,2,0,11,0,1,0,0,0.8163265306122449,0.030612244897959183,0.01020408163265306,0.0,0.0,0.0,0.02040816326530612,0.0,0.11224489795918367,0.0,0.01020408163265306,0.0,0.0
0142,0000893,Adenocarcinoma high grade,0.46333205699920654,0.46333205699920654,66,0.9910091325577816,66,0,0,0,0,0,0,0,0,0,0,0,0,1.0,0.0,0.0,0.0,0.0,0.0,0.0,0.0,0.0,0.0,0.0,0.0,0.0
0142,0026993,Adenocarcinoma high grade,0.45772770047187805,0.45772770047187805,73,0.9995316640536097,72,0,0,0,0,0,1,0,0,0,0,0,0,0.9863013698630136,0.0,0.0,0.0,0.0,0.0,0.0136986301369863,0.0,0.0,0.0,0.0,0.0,0.0
0142,0046362,Adenocarcinoma high grade,0.44795989990234375,0.44795989990234375,74,0.9698104004904943,73,0,1,0,0,0,0,0,0,0,0,0,0,0.9864864864864865,0.0,0.013513513513513514,0.0,0.0,0.0,0.0,0.0,0.0,0.0,0.0,0.0,0.0
0142,0067418,Adenocarcinoma high grade,0.4567851424217224,0.4567851424217224,61,0.9699768879697065,59,1,1,0,0,0,0,0,0,0,0,0,0,0.9672131147540983,0.01639344262295082,0.01639344262295082,0.0,0.0,0.0,0.0,0.0,0.0,0.0,0.0,0.0,0.0
0142,0076437,Adenocarcinoma high grade,0.4510250687599182,0.4510250687599182,66,0.989203025876557,59,6,0,1,0,0,0,0,0,0,0,0,0,0.8939393939393939,0.09090909090909091,0.0,0.015151515151515152,0.0,0.0,0.0,0.0,0.0,0.0,0.0,0.0,0.0
0142,0078644,Adenocarcinoma high grade,0.43175047636032104,0.43175047636032104,60,0.9738653684368269,60,0,0,0,0,0,0,0,0,0,0,0,0,1.0,0.0,0.0,0.0,0.0,0.0,0.0,0.0,0.0,0.0,0.0,0.0,0.0
0142,0089744,Adenocarcinoma high grade,0.4661840498447418,0.4661840498447418,78,0.9957102414010469,76,0,1,0,0,0,0,0,0,0,0,0,1,0.9743589743589743,0.0,0.01282051282051282,0.0,0.0,0.0,0.0,0.0,0.0,0.0,0.0,0.0,0.01282051282051282
0142,0104864,Adenocarcinoma high grade,0.4535309076309204,0.4535309076309204,61,0.9519370366961989,58,1,0,0,0,1,0,0,0,0,0,0,1,0.9508196721311475,0.01639344262295082,0.0,0.0,0.0,0.01639344262295082,0.0,0.0,0.0,0.0,0.0,0.0,0.01639344262295082
0142,0105693,Adenocarcinoma high grade,0.45026636123657227,0.45026636123657227,71,0.9902686105398276,71,0,0,0,0,0,0,0,0,0,0,0,0,1.0,0.0,0.0,0.0,0.0,0.0,0.0,0.0,0.0,0.0,0.0,0.0,0.0
0142,0106084,Adenocarcinoma high grade,0.42413464188575745,0.42413464188575745,65,0.9999999943185663,64,1,0,0,0,0,0,0,0,0,0,0,0,0.9846153846153847,0.015384615384615385,0.0,0.0,0.0,0.0,0.0,0.0,0.0,0.0,0.0,0.0,0.0
0142,0111345,Adenocarcinoma high grade,0.4592100977897644,0.4592100977897644,67,0.9961820830134904,65,2,0,0,0,0,0,0,0,0,0,0,0,0.9701492537313433,0.029850746268656716,0.0,0.0,0.0,0.0,0.0,0.0,0.0,0.0,0.0,0.0,0.0
0142,0163726,Adenocarcinoma high grade,0.4657973349094391,0.4657973349094391,76,0.9959649065615905,74,0,2,0,0,0,0,0,0,0,0,0,0,0.9736842105263158,0.0,0.02631578947368421,0.0,0.0,0.0,0.0,0.0,0.0,0.0,0.0,0.0,0.0
0142,0186657,Adenocarcinoma high grade,0.4654957950115204,0.4654957950115204,72,0.9937233318998151,71,1,0,0,0,0,0,0,0,0,0,0,0,0.9861111111111112,0.013888888888888888,0.0,0.0,0.0,0.0,0.0,0.0,0.0,0.0,0.0,0.0,0.0
0142,0206542,Adenocarcinoma high grade,0.46177244186401367,0.46177244186401367,64,0.9836357994165484,64,0,0,0,0,0,0,0,0,0,0,0,0,1.0,0.0,0.0,0.0,0.0,0.0,0.0,0.0,0.0,0.0,0.0,0.0,0.0
0142,0256614,Adenocarcinoma high grade,0.4702346622943878,0.4702346622943878,66,0.991647284273422,65,0,0,0,0,1,0,0,0,0,0,0,0,0.9848484848484849,0.0,0.0,0.0,0.0,0.015151515151515152,0.0,0.0,0.0,0.0,0.0,0.0,0.0
0142,0270052,Adenocarcinoma high grade,0.4458620250225067,0.4458620250225067,76,0.9801794449603839,76,0,0,0,0,0,0,0,0,0,0,0,0,1.0,0.0,0.0,0.0,0.0,0.0,0.0,0.0,0.0,0.0,0.0,0.0,0.0
0142,0273579,Adenocarcinoma high grade,0.44963786005973816,0.44963786005973816,76,0.9954871160626824,75,0,1,0,0,0,0,0,0,0,0,0,0,0.9868421052631579,0.0,0.013157894736842105,0.0,0.0,0.0,0.0,0.0,0.0,0.0,0.0,0.0,0.0
0142,0275734,Adenocarcinoma high grade,0.4456493854522705,0.4456493854522705,60,0.98707370398178,60,0,0,0,0,0,0,0,0,0,0,0,0,1.0,0.0,0.0,0.0,0.0,0.0,0.0,0.0,0.0,0.0,0.0,0.0,0.0
0142,0293070,Adenocarcinoma high grade,0.4768359959125519,0.4768359959125519,78,0.9977573760132472,78,0,0,0,0,0,0,0,0,0,0,0,0,1.0,0.0,0.0,0.0,0.0,0.0,0.0,0.0,0.0,0.0,0.0,0.0,0.0
0142,0322782,Adenocarcinoma high grade,0.442950040102005,0.442950040102005,67,0.9802203883833498,67,0,0,0,0,0,0,0,0,0,0,0,0,1.0,0.0,0.0,0.0,0.0,0.0,0.0,0.0,0.0,0.0,0.0,0.0,0.0
0142,0322864,Adenocarcinoma high grade,0.46529799699783325,0.46529799699783325,73,0.986272132613094,73,0,0,0,0,0,0,0,0,0,0,0,0,1.0,0.0,0.0,0.0,0.0,0.0,0.0,0.0,0.0,0.0,0.0,0.0,0.0
0142,0324010,Adenocarcinoma high grade,0.4561268985271454,0.4561268985271454,65,0.9972613617635299,63,2,0,0,0,0,0,0,0,0,0,0,0,0.9692307692307692,0.03076923076923077,0.0,0.0,0.0,0.0,0.0,0.0,0.0,0.0,0.0,0.0,0.0
0142,0344026,Adenocarcinoma high grade,0.45728614926338196,0.45728614926338196,85,0.9953515900171536,84,0,1,0,0,0,0,0,0,0,0,0,0,0.9882352941176471,0.0,0.011764705882352941,0.0,0.0,0.0,0.0,0.0,0.0,0.0,0.0,0.0,0.0
0142,0387739,Adenocarcinoma high grade,0.4696394205093384,0.4696394205093384,76,0.9799739994932258,75,1,0,0,0,0,0,0,0,0,0,0,0,0.9868421052631579,0.013157894736842105,0.0,0.0,0.0,0.0,0.0,0.0,0.0,0.0,0.0,0.0,0.0
0142,0415807,Adenocarcinoma high grade,0.45840364694595337,0.45840364694595337,56,0.9998356649183376,56,0,0,0,0,0,0,0,0,0,0,0,0,1.0,0.0,0.0,0.0,0.0,0.0,0.0,0.0,0.0,0.0,0.0,0.0,0.0
0142,0440336,Adenocarcinoma high grade,0.4566914141178131,0.4566914141178131,76,0.9891873478736364,75,0,0,0,0,0,0,0,1,0,0,0,0,0.9868421052631579,0.0,0.0,0.0,0.0,0.0,0.0,0.0,0.013157894736842105,0.0,0.0,0.0,0.0
0142,0462500,Adenocarcinoma high grade,0.4444665312767029,0.4444665312767029,65,0.9999999938932348,65,0,0,0,0,0,0,0,0,0,0,0,0,1.0,0.0,0.0,0.0,0.0,0.0,0.0,0.0,0.0,0.0,0.0,0.0,0.0
0142,0463578,Adenocarcinoma high grade,0.4816586375236511,0.4816586375236511,61,0.9894181653699746,61,0,0,0,0,0,0,0,0,0,0,0,0,1.0,0.0,0.0,0.0,0.0,0.0,0.0,0.0,0.0,0.0,0.0,0.0,0.0
0142,0482493,Adenocarcinoma high grade,0.4504184126853943,0.4504184126853943,71,0.9999999933902589,70,1,0,0,0,0,0,0,0,0,0,0,0,0.9859154929577465,0.014084507042253521,0.0,0.0,0.0,0.0,0.0,0.0,0.0,0.0,0.0,0.0,0.0
0142,0487974,Adenocarcinoma high grade,0.4603354334831238,0.4603354334831238,47,0.9639358945966321,46,0,0,1,0,0,0,0,0,0,0,0,0,0.9787234042553191,0.0,0.0,0.02127659574468085,0.0,0.0,0.0,0.0,0.0,0.0,0.0,0.0,0.0
0142,0494964,Adenocarcinoma high grade,0.44533735513687134,0.44533735513687134,50,0.9807944731597215,50,0,0,0,0,0,0,0,0,0,0,0,0,1.0,0.0,0.0,0.0,0.0,0.0,0.0,0.0,0.0,0.0,0.0,0.0,0.0
0142,0513894,Adenocarcinoma high grade,0.46113064885139465,0.46113064885139465,41,0.9939771949518962,39,1,0,0,0,0,1,0,0,0,0,0,0,0.9512195121951219,0.024390243902439025,0.0,0.0,0.0,0.0,0.024390243902439025,0.0,0.0,0.0,0.0,0.0,0.0
0142,0554038,Adenocarcinoma high grade,0.4646805226802826,0.4646805226802826,65,0.9930138136127515,62,0,1,0,0,0,1,0,0,0,0,1,0,0.9538461538461539,0.0,0.015384615384615385,0.0,0.0,0.0,0.015384615384615385,0.0,0.0,0.0,0.0,0.015384615384615385,0.0
0142,0580021,Adenocarcinoma high grade,0.45499494671821594,0.45499494671821594,80,0.9993055501748589,80,0,0,0,0,0,0,0,0,0,0,0,0,1.0,0.0,0.0,0.0,0.0,0.0,0.0,0.0,0.0,0.0,0.0,0.0,0.0
0142,0626092,Adenocarcinoma high grade,0.4680369794368744,0.4680369794368744,81,0.9962623449938803,81,0,0,0,0,0,0,0,0,0,0,0,0,1.0,0.0,0.0,0.0,0.0,0.0,0.0,0.0,0.0,0.0,0.0,0.0,0.0
0142,0660098,Adenocarcinoma high grade,0.45799222588539124,0.45799222588539124,77,0.9987839671051243,77,0,0,0,0,0,0,0,0,0,0,0,0,1.0,0.0,0.0,0.0,0.0,0.0,0.0,0.0,0.0,0.0,0.0,0.0,0.0
0142,0775017,Adenocarcinoma high grade,0.46789130568504333,0.46789130568504333,66,0.9935709450705306,65,0,0,0,0,1,0,0,0,0,0,0,0,0.9848484848484849,0.0,0.0,0.0,0.0,0.015151515151515152,0.0,0.0,0.0,0.0,0.0,0.0,0.0
0142,0797725,Adenocarcinoma high grade,0.46016332507133484,0.46016332507133484,58,0.9858118686904489,55,1,0,0,0,0,0,0,1,0,0,1,0,0.9482758620689655,0.017241379310344827,0.0,0.0,0.0,0.0,0.0,0.0,0.017241379310344827,0.0,0.0,0.017241379310344827,0.0
0142,0817632,Adenocarcinoma high grade,0.46337828040122986,0.46337828040122986,72,0.9604839475716663,65,4,1,0,0,0,2,0,0,0,0,0,0,0.9027777777777778,0.05555555555555555,0.013888888888888888,0.0,0.0,0.0,0.027777777777777776,0.0,0.0,0.0,0.0,0.0,0.0
0142,0832604,Adenocarcinoma high grade,0.459943562746048,0.459943562746048,63,0.9823522113549336,61,0,1,0,0,0,0,0,0,0,0,0,1,0.9682539682539683,0.0,0.015873015873015872,0.0,0.0,0.0,0.0,0.0,0.0,0.0,0.0,0.0,0.015873015873015872
0142,0865809,Adenocarcinoma high grade,0.45571476221084595,0.45571476221084595,75,0.9993442563867198,75,0,0,0,0,0,0,0,0,0,0,0,0,1.0,0.0,0.0,0.0,0.0,0.0,0.0,0.0,0.0,0.0,0.0,0.0,0.0
0142,0931600,Adenocarcinoma high grade,0.46088194847106934,0.46088194847106934,71,0.9844297939411127,70,0,1,0,0,0,0,0,0,0,0,0,0,0.9859154929577465,0.0,0.014084507042253521,0.0,0.0,0.0,0.0,0.0,0.0,0.0,0.0,0.0,0.0
0142,0934507,Adenocarcinoma high grade,0.44751405715942383,0.44751405715942383,74,0.9990139301519121,74,0,0,0,0,0,0,0,0,0,0,0,0,1.0,0.0,0.0,0.0,0.0,0.0,0.0,0.0,0.0,0.0,0.0,0.0,0.0
0142,0949772,Adenocarcinoma high grade,0.464395135641098,0.464395135641098,49,0.9953572807456605,48,1,0,0,0,0,0,0,0,0,0,0,0,0.9795918367346939,0.02040816326530612,0.0,0.0,0.0,0.0,0.0,0.0,0.0,0.0,0.0,0.0,0.0
0142,0951653,Adenocarcinoma high grade,0.4742867052555084,0.4742867052555084,64,0.999999995060844,63,0,0,0,0,0,0,0,1,0,0,0,0,0.984375,0.0,0.0,0.0,0.0,0.0,0.0,0.0,0.015625,0.0,0.0,0.0,0.0
0142,0979782,Adenocarcinoma high grade,0.457868367433548,0.457868367433548,73,0.9856916039434416,69,2,2,0,0,0,0,0,0,0,0,0,0,0.9452054794520548,0.0273972602739726,0.0273972602739726,0.0,0.0,0.0,0.0,0.0,0.0,0.0,0.0,0.0,0.0
0142,0982478,Adenocarcinoma high grade,0.47112515568733215,0.47112515568733215,76,0.9859707468241106,74,0,1,0,0,0,0,0,0,0,0,1,0,0.9736842105263158,0.0,0.013157894736842105,0.0,0.0,0.0,0.0,0.0,0.0,0.0,0.0,0.013157894736842105,0.0
0142,1002816,Adenocarcinoma high grade,0.44744962453842163,0.44744962453842163,50,0.9544250260120506,47,0,0,0,0,0,2,0,1,0,0,0,0,0.94,0.0,0.0,0.0,0.0,0.0,0.04,0.0,0.02,0.0,0.0,0.0,0.0
0142,1012313,Adenocarcinoma high grade,0.446985125541687,0.446985125541687,64,0.9916548234261678,64,0,0,0,0,0,0,0,0,0,0,0,0,1.0,0.0,0.0,0.0,0.0,0.0,0.0,0.0,0.0,0.0,0.0,0.0,0.0
0142,1024848,Adenocarcinoma high grade,0.4553426504135132,0.4553426504135132,62,0.9950356296525621,62,0,0,0,0,0,0,0,0,0,0,0,0,1.0,0.0,0.0,0.0,0.0,0.0,0.0,0.0,0.0,0.0,0.0,0.0,0.0
0154,0090629,Adenocarcinoma high grade,0.24426592886447906,0.24426592886447906,41,0.9767806492423194,38,0,3,0,0,0,0,0,0,0,0,0,0,0.926829268292683,0.0,0.07317073170731707,0.0,0.0,0.0,0.0,0.0,0.0,0.0,0.0,0.0,0.0
0154,0139117,Adenocarcinoma high grade,0.18001748621463776,0.18001748621463776,64,0.9128386120894929,28,1,22,0,0,0,0,1,0,0,0,0,12,0.4375,0.015625,0.34375,0.0,0.0,0.0,0.0,0.015625,0.0,0.0,0.0,0.0,0.1875
0154,0144892,Adenocarcinoma high grade,0.18021425604820251,0.18021425604820251,59,0.9713497841856256,28,1,28,1,0,0,1,0,0,0,0,0,0,0.4745762711864407,0.01694915254237288,0.4745762711864407,0.01694915254237288,0.0,0.0,0.01694915254237288,0.0,0.0,0.0,0.0,0.0,0.0
0154,0208912,Adenocarcinoma high grade,0.1724163293838501,0.1724163293838501,52,0.9992715350266056,52,0,0,0,0,0,0,0,0,0,0,0,0,1.0,0.0,0.0,0.0,0.0,0.0,0.0,0.0,0.0,0.0,0.0,0.0,0.0
0154,0231800,Adenocarcinoma high grade,0.19017675518989563,0.19017675518989563,66,0.8753321539381688,27,8,13,12,0,0,6,0,0,0,0,0,0,0.4090909090909091,0.12121212121212122,0.19696969696969696,0.18181818181818182,0.0,0.0,0.09090909090909091,0.0,0.0,0.0,0.0,0.0,0.0
0154,0244452,Adenocarcinoma high grade,0.204926535487175,0.204926535487175,61,0.9709025212210325,52,0,0,0,0,0,0,0,0,0,0,0,9,0.8524590163934426,0.0,0.0,0.0,0.0,0.0,0.0,0.0,0.0,0.0,0.0,0.0,0.14754098360655737
0154,0299825,Adenocarcinoma high grade,0.20929479598999023,0.20929479598999023,29,0.9443283797010655,21,0,8,0,0,0,0,0,0,0,0,0,0,0.7241379310344828,0.0,0.27586206896551724,0.0,0.0,0.0,0.0,0.0,0.0,0.0,0.0,0.0,0.0
0154,0407907,Adenocarcinoma high grade,0.1874167025089264,0.1874167025089264,48,0.9514597453774446,33,0,12,0,0,0,2,0,1,0,0,0,0,0.6875,0.0,0.25,0.0,0.0,0.0,0.041666666666666664,0.0,0.020833333333333332,0.0,0.0,0.0,0.0
0154,0456657,Adenocarcinoma high grade,0.1741904765367508,0.1741904765367508,87,0.9929082954245174,81,1,3,0,0,0,0,0,2,0,0,0,0,0.9310344827586207,0.011494252873563218,0.034482758620689655,0.0,0.0,0.0,0.0,0.0,0.022988505747126436,0.0,0.0,0.0,0.0
0154,0524176,Adenocarcinoma high grade,0.1923600435256958,0.1923600435256958,67,0.9158933584871843,44,8,12,0,0,0,3,0,0,0,0,0,0,0.6567164179104478,0.11940298507462686,0.1791044776119403,0.0,0.0,0.0,0.04477611940298507,0.0,0.0,0.0,0.0,0.0,0.0
0154,0596686,Adenocarcinoma high grade,0.22564688324928284,0.22564688324928284,55,0.8671144893695065,34,1,10,1,0,0,0,0,0,0,0,0,9,0.6181818181818182,0.01818181818181818,0.18181818181818182,0.01818181818181818,0.0,0.0,0.0,0.0,0.0,0.0,0.0,0.0,0.16363636363636364
0154,0610414,Adenocarcinoma high grade,0.19643084704875946,0.19643084704875946,61,0.9268161191510248,36,5,10,0,0,0,3,0,2,0,0,0,5,0.5901639344262295,0.08196721311475409,0.16393442622950818,0.0,0.0,0.0,0.04918032786885246,0.0,0.03278688524590164,0.0,0.0,0.0,0.08196721311475409
0154,0996731,Adenocarcinoma high grade,0.20390763878822327,0.20390763878822327,52,0.940087415765615,33,0,14,0,0,0,1,0,2,0,0,0,2,0.6346153846153846,0.0,0.2692307692307692,0.0,0.0,0.0,0.019230769230769232,0.0,0.038461538461538464,0.0,0.0,0.0,0.038461538461538464
0155,0170981,Adenocarcinoma high grade,0.4490983486175537,0.4490983486175537,57,0.9996848412567173,54,1,1,0,0,0,1,0,0,0,0,0,0,0.9473684210526315,0.017543859649122806,0.017543859649122806,0.0,0.0,0.0,0.017543859649122806,0.0,0.0,0.0,0.0,0.0,0.0
0155,0601265,Adenocarcinoma high grade,0.459187388420105,0.459187388420105,74,0.9530167304092758,55,9,3,2,0,0,1,0,0,0,0,0,4,0.7432432432432432,0.12162162162162163,0.04054054054054054,0.02702702702702703,0.0,0.0,0.013513513513513514,0.0,0.0,0.0,0.0,0.0,0.05405405405405406
0155,0829284,Adenocarcinoma high grade,0.4701668620109558,0.4701668620109558,82,0.9838919307770627,73,4,4,0,0,0,1,0,0,0,0,0,0,0.8902439024390244,0.04878048780487805,0.04878048780487805,0.0,0.0,0.0,0.012195121951219513,0.0,0.0,0.0,0.0,0.0,0.0
0156,0368426,Adenocarcinoma high grade,0.1536749005317688,0.1536749005317688,26,0.9338916683580032,26,0,0,0,0,0,0,0,0,0,0,0,0,1.0,0.0,0.0,0.0,0.0,0.0,0.0,0.0,0.0,0.0,0.0,0.0,0.0
0156,0399072,Adenocarcinoma high grade,0.19976143538951874,0.19976143538951874,69,0.9835366125361242,69,0,0,0,0,0,0,0,0,0,0,0,0,1.0,0.0,0.0,0.0,0.0,0.0,0.0,0.0,0.0,0.0,0.0,0.0,0.0
0156,0860347,Adenocarcinoma high grade,0.14461033046245575,0.14461033046245575,41,0.9793008687166576,39,0,1,0,0,0,1,0,0,0,0,0,0,0.9512195121951219,0.0,0.024390243902439025,0.0,0.0,0.0,0.024390243902439025,0.0,0.0,0.0,0.0,0.0,0.0
0156,1024763,Adenocarcinoma high grade,0.12995463609695435,0.12995463609695435,47,0.9830237151326178,47,0,0,0,0,0,0,0,0,0,0,0,0,1.0,0.0,0.0,0.0,0.0,0.0,0.0,0.0,0.0,0.0,0.0,0.0,0.0
0159,0090164,Adenocarcinoma high grade,0.3974563181400299,0.3974563181400299,56,0.9996804664861924,56,0,0,0,0,0,0,0,0,0,0,0,0,1.0,0.0,0.0,0.0,0.0,0.0,0.0,0.0,0.0,0.0,0.0,0.0,0.0
0159,0274068,Adenocarcinoma high grade,0.4039793312549591,0.4039793312549591,36,0.9964872307675575,28,0,4,0,0,0,4,0,0,0,0,0,0,0.7777777777777778,0.0,0.1111111111111111,0.0,0.0,0.0,0.1111111111111111,0.0,0.0,0.0,0.0,0.0,0.0
0159,0353079,Adenocarcinoma high grade,0.4195292890071869,0.4195292890071869,55,0.9499166038312062,44,0,11,0,0,0,0,0,0,0,0,0,0,0.8,0.0,0.2,0.0,0.0,0.0,0.0,0.0,0.0,0.0,0.0,0.0,0.0
0159,0493323,Adenocarcinoma high grade,0.3980342149734497,0.3980342149734497,45,0.913057017439708,43,0,2,0,0,0,0,0,0,0,0,0,0,0.9555555555555556,0.0,0.044444444444444446,0.0,0.0,0.0,0.0,0.0,0.0,0.0,0.0,0.0,0.0
0159,0603844,Adenocarcinoma high grade,0.372764527797699,0.372764527797699,55,0.9975490573996387,55,0,0,0,0,0,0,0,0,0,0,0,0,1.0,0.0,0.0,0.0,0.0,0.0,0.0,0.0,0.0,0.0,0.0,0.0,0.0
0159,0646587,Adenocarcinoma high grade,0.4031633734703064,0.4031633734703064,55,0.9714699756958127,52,0,1,1,0,0,1,0,0,0,0,0,0,0.9454545454545454,0.0,0.01818181818181818,0.01818181818181818,0.0,0.0,0.01818181818181818,0.0,0.0,0.0,0.0,0.0,0.0
0159,0763856,Adenocarcinoma high grade,0.4220808446407318,0.4220808446407318,48,0.9480309274838667,40,0,6,2,0,0,0,0,0,0,0,0,0,0.8333333333333334,0.0,0.125,0.041666666666666664,0.0,0.0,0.0,0.0,0.0,0.0,0.0,0.0,0.0
0159,0878937,Adenocarcinoma high grade,0.3965325653553009,0.3965325653553009,50,0.9804869549599557,48,0,2,0,0,0,0,0,0,0,0,0,0,0.96,0.0,0.04,0.0,0.0,0.0,0.0,0.0,0.0,0.0,0.0,0.0,0.0
0162,0052735,Adenocarcinoma high grade,0.35314464569091797,0.35314464569091797,28,0.9971827357934349,28,0,0,0,0,0,0,0,0,0,0,0,0,1.0,0.0,0.0,0.0,0.0,0.0,0.0,0.0,0.0,0.0,0.0,0.0,0.0
0162,0133983,Adenocarcinoma high grade,0.38040298223495483,0.38040298223495483,39,0.9918513383464728,32,0,4,0,0,0,3,0,0,0,0,0,0,0.8205128205128205,0.0,0.10256410256410256,0.0,0.0,0.0,0.07692307692307693,0.0,0.0,0.0,0.0,0.0,0.0
0162,0160795,Adenocarcinoma high grade,0.3667726516723633,0.3667726516723633,23,0.9897518349828766,23,0,0,0,0,0,0,0,0,0,0,0,0,1.0,0.0,0.0,0.0,0.0,0.0,0.0,0.0,0.0,0.0,0.0,0.0,0.0
0162,0227930,Adenocarcinoma high grade,0.3788357377052307,0.3788357377052307,32,0.9370742256675053,23,0,8,0,0,0,0,0,0,0,0,0,1,0.71875,0.0,0.25,0.0,0.0,0.0,0.0,0.0,0.0,0.0,0.0,0.0,0.03125
0162,0242725,Adenocarcinoma high grade,0.39591315388679504,0.39591315388679504,44,0.9132999128069366,19,5,9,1,0,0,10,0,0,0,0,0,0,0.4318181818181818,0.11363636363636363,0.20454545454545456,0.022727272727272728,0.0,0.0,0.22727272727272727,0.0,0.0,0.0,0.0,0.0,0.0
0162,0394166,Adenocarcinoma high grade,0.3761540949344635,0.3761540949344635,21,0.9046334205049027,15,0,4,0,0,0,1,0,0,0,0,0,1,0.7142857142857143,0.0,0.19047619047619047,0.0,0.0,0.0,0.047619047619047616,0.0,0.0,0.0,0.0,0.0,0.047619047619047616
0162,0458950,Adenocarcinoma high grade,0.37336260080337524,0.37336260080337524,33,0.9453274962930431,22,0,5,1,0,0,3,0,0,0,0,1,1,0.6666666666666666,0.0,0.15151515151515152,0.030303030303030304,0.0,0.0,0.09090909090909091,0.0,0.0,0.0,0.0,0.030303030303030304,0.030303030303030304
0162,0467102,Adenocarcinoma high grade,0.3851027190685272,0.3851027190685272,38,0.9286482212091071,30,0,2,0,0,0,4,0,0,0,0,0,2,0.7894736842105263,0.0,0.05263157894736842,0.0,0.0,0.0,0.10526315789473684,0.0,0.0,0.0,0.0,0.0,0.05263157894736842
0162,0606970,Adenocarcinoma high grade,0.3796570599079132,0.3796570599079132,31,0.9646541460721109,31,0,0,0,0,0,0,0,0,0,0,0,0,1.0,0.0,0.0,0.0,0.0,0.0,0.0,0.0,0.0,0.0,0.0,0.0,0.0
0186,0016460,Adenocarcinoma high grade,0.9790343046188354,0.9790343046188354,112,0.9917246495642921,112,0,0,0,0,0,0,0,0,0,0,0,0,1.0,0.0,0.0,0.0,0.0,0.0,0.0,0.0,0.0,0.0,0.0,0.0,0.0
0186,0055315,Adenocarcinoma high grade,0.9939641952514648,0.9939641952514648,118,0.99361221410787,117,1,0,0,0,0,0,0,0,0,0,0,0,0.9915254237288136,0.00847457627118644,0.0,0.0,0.0,0.0,0.0,0.0,0.0,0.0,0.0,0.0,0.0
0186,0056366,Adenocarcinoma high grade,0.980967104434967,0.980967104434967,125,0.9995444635858792,124,1,0,0,0,0,0,0,0,0,0,0,0,0.992,0.008,0.0,0.0,0.0,0.0,0.0,0.0,0.0,0.0,0.0,0.0,0.0
0186,0069916,Adenocarcinoma high grade,0.9844279885292053,0.9844279885292053,122,0.9891472022688304,118,4,0,0,0,0,0,0,0,0,0,0,0,0.9672131147540983,0.03278688524590164,0.0,0.0,0.0,0.0,0.0,0.0,0.0,0.0,0.0,0.0,0.0
0186,0073883,Adenocarcinoma high grade,0.9985132813453674,0.9985132813453674,98,0.9952727729216798,97,0,0,0,0,0,1,0,0,0,0,0,0,0.9897959183673469,0.0,0.0,0.0,0.0,0.0,0.01020408163265306,0.0,0.0,0.0,0.0,0.0,0.0
0186,0079216,Adenocarcinoma high grade,0.9834307432174683,0.9834307432174683,111,0.99427926512564,107,2,1,0,0,0,1,0,0,0,0,0,0,0.963963963963964,0.018018018018018018,0.009009009009009009,0.0,0.0,0.0,0.009009009009009009,0.0,0.0,0.0,0.0,0.0,0.0
0186,0099271,Adenocarcinoma high grade,0.9761581420898438,0.9761581420898438,81,0.9921322624896751,79,0,0,0,0,0,0,0,0,0,0,0,2,0.9753086419753086,0.0,0.0,0.0,0.0,0.0,0.0,0.0,0.0,0.0,0.0,0.0,0.024691358024691357
0186,0141749,Adenocarcinoma high grade,0.9756404161453247,0.9756404161453247,105,0.9919830592327744,104,1,0,0,0,0,0,0,0,0,0,0,0,0.9904761904761905,0.009523809523809525,0.0,0.0,0.0,0.0,0.0,0.0,0.0,0.0,0.0,0.0,0.0
0186,0141823,Adenocarcinoma high grade,0.9951755404472351,0.9951755404472351,139,0.9976530939800605,139,0,0,0,0,0,0,0,0,0,0,0,0,1.0,0.0,0.0,0.0,0.0,0.0,0.0,0.0,0.0,0.0,0.0,0.0,0.0
0186,0143272,Adenocarcinoma high grade,0.9885843992233276,0.9885843992233276,132,0.9856660929353449,125,2,2,0,0,0,1,0,0,0,0,1,1,0.946969696969697,0.015151515151515152,0.015151515151515152,0.0,0.0,0.0,0.007575757575757576,0.0,0.0,0.0,0.0,0.007575757575757576,0.007575757575757576
0186,0156285,Adenocarcinoma high grade,0.9856017827987671,0.9856017827987671,124,0.9906473783783075,124,0,0,0,0,0,0,0,0,0,0,0,0,1.0,0.0,0.0,0.0,0.0,0.0,0.0,0.0,0.0,0.0,0.0,0.0,0.0
0186,0163008,Adenocarcinoma high grade,0.9925644993782043,0.9925644993782043,115,0.9968232312516694,114,1,0,0,0,0,0,0,0,0,0,0,0,0.991304347826087,0.008695652173913044,0.0,0.0,0.0,0.0,0.0,0.0,0.0,0.0,0.0,0.0,0.0
0186,0169636,Adenocarcinoma high grade,0.9868514537811279,0.9868514537811279,93,0.9994310154499783,93,0,0,0,0,0,0,0,0,0,0,0,0,1.0,0.0,0.0,0.0,0.0,0.0,0.0,0.0,0.0,0.0,0.0,0.0,0.0
0186,0264891,Adenocarcinoma high grade,0.9945135712623596,0.9945135712623596,99,0.9882128189352688,88,7,3,0,0,0,0,0,0,0,0,0,1,0.8888888888888888,0.0707070707070707,0.030303030303030304,0.0,0.0,0.0,0.0,0.0,0.0,0.0,0.0,0.0,0.010101010101010102
0186,0269786,Adenocarcinoma high grade,0.973443865776062,0.973443865776062,112,0.992505429178703,104,0,7,0,0,0,0,0,0,0,0,0,1,0.9285714285714286,0.0,0.0625,0.0,0.0,0.0,0.0,0.0,0.0,0.0,0.0,0.0,0.008928571428571428
0186,0269931,Adenocarcinoma high grade,0.9011721014976501,0.9011721014976501,121,0.9624390106866032,120,0,0,0,0,0,0,0,0,0,0,0,1,0.9917355371900827,0.0,0.0,0.0,0.0,0.0,0.0,0.0,0.0,0.0,0.0,0.0,0.008264462809917356
0186,0305190,Adenocarcinoma high grade,0.9755731821060181,0.9755731821060181,106,0.9911654532728679,102,2,1,0,0,0,0,0,0,0,0,1,0,0.9622641509433962,0.018867924528301886,0.009433962264150943,0.0,0.0,0.0,0.0,0.0,0.0,0.0,0.0,0.009433962264150943,0.0
0186,0316668,Adenocarcinoma high grade,0.9899066090583801,0.9899066090583801,126,0.9935640782922277,125,1,0,0,0,0,0,0,0,0,0,0,0,0.9920634920634921,0.007936507936507936,0.0,0.0,0.0,0.0,0.0,0.0,0.0,0.0,0.0,0.0,0.0
0186,0324026,Adenocarcinoma high grade,0.9839199781417847,0.9839199781417847,118,0.9946633299697585,116,2,0,0,0,0,0,0,0,0,0,0,0,0.9830508474576272,0.01694915254237288,0.0,0.0,0.0,0.0,0.0,0.0,0.0,0.0,0.0,0.0,0.0
0186,0331069,Adenocarcinoma high grade,0.9816510677337646,0.9816510677337646,102,0.9791044321722885,96,2,0,0,0,0,0,0,0,0,0,0,4,0.9411764705882353,0.0196078431372549,0.0,0.0,0.0,0.0,0.0,0.0,0.0,0.0,0.0,0.0,0.0392156862745098
0186,0360710,Adenocarcinoma high grade,0.9601169228553772,0.9601169228553772,117,0.9866308641541283,116,0,0,0,0,0,1,0,0,0,0,0,0,0.9914529914529915,0.0,0.0,0.0,0.0,0.0,0.008547008547008548,0.0,0.0,0.0,0.0,0.0,0.0
0186,0380915,Adenocarcinoma high grade,0.9891248345375061,0.9891248345375061,119,0.9968494036705554,97,9,13,0,0,0,0,0,0,0,0,0,0,0.8151260504201681,0.07563025210084033,0.1092436974789916,0.0,0.0,0.0,0.0,0.0,0.0,0.0,0.0,0.0,0.0
0186,0380978,Adenocarcinoma high grade,0.9891800880432129,0.9891800880432129,108,0.9999999934805998,104,2,0,0,0,0,2,0,0,0,0,0,0,0.9629629629629629,0.018518518518518517,0.0,0.0,0.0,0.0,0.018518518518518517,0.0,0.0,0.0,0.0,0.0,0.0
0186,0399856,Adenocarcinoma high grade,0.9901784062385559,0.9901784062385559,104,0.9910210887754197,100,4,0,0,0,0,0,0,0,0,0,0,0,0.9615384615384616,0.038461538461538464,0.0,0.0,0.0,0.0,0.0,0.0,0.0,0.0,0.0,0.0,0.0
0186,0486278,Adenocarcinoma high grade,0.9752023816108704,0.9752023816108704,110,0.9959874208444568,110,0,0,0,0,0,0,0,0,0,0,0,0,1.0,0.0,0.0,0.0,0.0,0.0,0.0,0.0,0.0,0.0,0.0,0.0,0.0
0186,0490857,Adenocarcinoma high grade,0.9908668994903564,0.9908668994903564,112,0.9893532369564321,109,0,1,0,0,0,2,0,0,0,0,0,0,0.9732142857142857,0.0,0.008928571428571428,0.0,0.0,0.0,0.017857142857142856,0.0,0.0,0.0,0.0,0.0,0.0
0186,0499693,Adenocarcinoma high grade,0.8042658567428589,0.8042658567428589,103,0.9845297773753797,96,5,1,0,0,0,0,0,0,0,0,0,1,0.9320388349514563,0.04854368932038835,0.009708737864077669,0.0,0.0,0.0,0.0,0.0,0.0,0.0,0.0,0.0,0.009708737864077669
0186,0537305,Adenocarcinoma high grade,0.9906297326087952,0.9906297326087952,115,0.9925707937102547,109,4,1,0,0,0,0,0,0,0,0,0,1,0.9478260869565217,0.034782608695652174,0.008695652173913044,0.0,0.0,0.0,0.0,0.0,0.0,0.0,0.0,0.0,0.008695652173913044
0186,0540066,Adenocarcinoma high grade,0.9807155132293701,0.9807155132293701,113,0.9976429803494239,106,7,0,0,0,0,0,0,0,0,0,0,0,0.9380530973451328,0.061946902654867256,0.0,0.0,0.0,0.0,0.0,0.0,0.0,0.0,0.0,0.0,0.0
0186,0554568,Adenocarcinoma high grade,0.9776955842971802,0.9776955842971802,118,0.9977040942260301,117,1,0,0,0,0,0,0,0,0,0,0,0,0.9915254237288136,0.00847457627118644,0.0,0.0,0.0,0.0,0.0,0.0,0.0,0.0,0.0,0.0,0.0
0186,0556618,Adenocarcinoma high grade,0.9794985055923462,0.9794985055923462,122,0.9982267634623679,117,2,2,0,0,0,0,0,0,0,0,0,1,0.9590163934426229,0.01639344262295082,0.01639344262295082,0.0,0.0,0.0,0.0,0.0,0.0,0.0,0.0,0.0,0.00819672131147541
0186,0674182,Adenocarcinoma high grade,0.9418578743934631,0.9418578743934631,114,0.9948411358567837,111,1,2,0,0,0,0,0,0,0,0,0,0,0.9736842105263158,0.008771929824561403,0.017543859649122806,0.0,0.0,0.0,0.0,0.0,0.0,0.0,0.0,0.0,0.0
0186,0675642,Adenocarcinoma high grade,0.9994332790374756,0.9994332790374756,119,0.9878022428314593,118,1,0,0,0,0,0,0,0,0,0,0,0,0.9915966386554622,0.008403361344537815,0.0,0.0,0.0,0.0,0.0,0.0,0.0,0.0,0.0,0.0,0.0
0186,0709608,Adenocarcinoma high grade,0.980950653553009,0.980950653553009,97,0.9894689974001732,90,3,4,0,0,0,0,0,0,0,0,0,0,0.9278350515463918,0.030927835051546393,0.041237113402061855,0.0,0.0,0.0,0.0,0.0,0.0,0.0,0.0,0.0,0.0
0186,0759365,Adenocarcinoma high grade,0.9552560448646545,0.9552560448646545,105,0.9994750590324011,100,1,3,0,0,0,0,0,0,0,0,0,1,0.9523809523809523,0.009523809523809525,0.02857142857142857,0.0,0.0,0.0,0.0,0.0,0.0,0.0,0.0,0.0,0.009523809523809525
0186,0773131,Adenocarcinoma high grade,1.0,1.0,101,0.9958724851194047,99,2,0,0,0,0,0,0,0,0,0,0,0,0.9801980198019802,0.019801980198019802,0.0,0.0,0.0,0.0,0.0,0.0,0.0,0.0,0.0,0.0,0.0
0186,0808434,Adenocarcinoma high grade,0.9747188687324524,0.9747188687324524,116,0.9888435230548118,116,0,0,0,0,0,0,0,0,0,0,0,0,1.0,0.0,0.0,0.0,0.0,0.0,0.0,0.0,0.0,0.0,0.0,0.0,0.0
0186,0813858,Adenocarcinoma high grade,0.9938242435455322,0.9938242435455322,115,0.9975103854334575,114,0,0,0,0,0,0,0,0,0,0,0,1,0.991304347826087,0.0,0.0,0.0,0.0,0.0,0.0,0.0,0.0,0.0,0.0,0.0,0.008695652173913044
0186,0824964,Adenocarcinoma high grade,0.9853498935699463,0.9853498935699463,121,0.9881433361165031,117,1,3,0,0,0,0,0,0,0,0,0,0,0.9669421487603306,0.008264462809917356,0.024793388429752067,0.0,0.0,0.0,0.0,0.0,0.0,0.0,0.0,0.0,0.0
0186,0835404,Adenocarcinoma high grade,0.8753466606140137,0.8753466606140137,144,0.9896867200386643,141,3,0,0,0,0,0,0,0,0,0,0,0,0.9791666666666666,0.020833333333333332,0.0,0.0,0.0,0.0,0.0,0.0,0.0,0.0,0.0,0.0,0.0
0186,0855075,Adenocarcinoma high grade,0.9887097477912903,0.9887097477912903,125,0.99892310597885,124,1,0,0,0,0,0,0,0,0,0,0,0,0.992,0.008,0.0,0.0,0.0,0.0,0.0,0.0,0.0,0.0,0.0,0.0,0.0
0186,0855211,Adenocarcinoma high grade,0.9692918062210083,0.9692918062210083,123,0.9956042674416729,114,9,0,0,0,0,0,0,0,0,0,0,0,0.926829268292683,0.07317073170731707,0.0,0.0,0.0,0.0,0.0,0.0,0.0,0.0,0.0,0.0,0.0
0186,0872128,Adenocarcinoma high grade,0.9443817734718323,0.9443817734718323,103,0.9941088572396601,100,2,0,0,0,0,0,0,0,0,0,0,1,0.970873786407767,0.019417475728155338,0.0,0.0,0.0,0.0,0.0,0.0,0.0,0.0,0.0,0.0,0.009708737864077669
0186,0968751,Adenocarcinoma high grade,0.9903472065925598,0.9903472065925598,111,0.9897004672571816,110,1,0,0,0,0,0,0,0,0,0,0,0,0.990990990990991,0.009009009009009009,0.0,0.0,0.0,0.0,0.0,0.0,0.0,0.0,0.0,0.0,0.0
0186,0980267,Adenocarcinoma high grade,0.9780049324035645,0.9780049324035645,103,0.9991399131305179,100,2,1,0,0,0,0,0,0,0,0,0,0,0.970873786407767,0.019417475728155338,0.009708737864077669,0.0,0.0,0.0,0.0,0.0,0.0,0.0,0.0,0.0,0.0
0186,1005617,Adenocarcinoma high grade,0.9809950590133667,0.9809950590133667,82,0.989673282503524,76,1,3,0,0,0,0,0,0,0,0,0,2,0.926829268292683,0.012195121951219513,0.036585365853658534,0.0,0.0,0.0,0.0,0.0,0.0,0.0,0.0,0.0,0.024390243902439025
0186,1009391,Adenocarcinoma high grade,0.9892821311950684,0.9892821311950684,119,0.9798325568165057,117,1,1,0,0,0,0,0,0,0,0,0,0,0.9831932773109243,0.008403361344537815,0.008403361344537815,0.0,0.0,0.0,0.0,0.0,0.0,0.0,0.0,0.0,0.0
0186,1009462,Adenocarcinoma high grade,0.9903689622879028,0.9903689622879028,105,0.9917642101424378,102,3,0,0,0,0,0,0,0,0,0,0,0,0.9714285714285714,0.02857142857142857,0.0,0.0,0.0,0.0,0.0,0.0,0.0,0.0,0.0,0.0,0.0
0186,1009499,Adenocarcinoma high grade,0.9248760938644409,0.9248760938644409,108,0.9955344912288265,105,3,0,0,0,0,0,0,0,0,0,0,0,0.9722222222222222,0.027777777777777776,0.0,0.0,0.0,0.0,0.0,0.0,0.0,0.0,0.0,0.0,0.0
0186,1019301,Adenocarcinoma high grade,0.9862884283065796,0.9862884283065796,93,0.9980825059151128,93,0,0,0,0,0,0,0,0,0,0,0,0,1.0,0.0,0.0,0.0,0.0,0.0,0.0,0.0,0.0,0.0,0.0,0.0,0.0
0191,0657270,Adenocarcinoma high grade,0.4251992404460907,0.4251992404460907,11,0.9104510454533589,11,0,0,0,0,0,0,0,0,0,0,0,0,1.0,0.0,0.0,0.0,0.0,0.0,0.0,0.0,0.0,0.0,0.0,0.0,0.0
0194,0638062,Adenocarcinoma high grade,0.1604500263929367,0.1604500263929367,58,0.9940936813616422,58,0,0,0,0,0,0,0,0,0,0,0,0,1.0,0.0,0.0,0.0,0.0,0.0,0.0,0.0,0.0,0.0,0.0,0.0,0.0
0215,0061473,Adenocarcinoma high grade,0.4691566526889801,0.4691566526889801,66,0.977660237122705,57,0,2,0,0,0,0,0,6,0,0,0,1,0.8636363636363636,0.0,0.030303030303030304,0.0,0.0,0.0,0.0,0.0,0.09090909090909091,0.0,0.0,0.0,0.015151515151515152
0215,0076556,Adenocarcinoma high grade,0.4697911739349365,0.4697911739349365,64,0.9987085565401976,63,1,0,0,0,0,0,0,0,0,0,0,0,0.984375,0.015625,0.0,0.0,0.0,0.0,0.0,0.0,0.0,0.0,0.0,0.0,0.0
0215,0076822,Adenocarcinoma high grade,0.49789196252822876,0.49789196252822876,71,0.8502646239772171,55,2,4,0,0,4,4,0,0,0,1,1,0,0.7746478873239436,0.028169014084507043,0.056338028169014086,0.0,0.0,0.056338028169014086,0.056338028169014086,0.0,0.0,0.0,0.014084507042253521,0.014084507042253521,0.0
0215,0127122,Adenocarcinoma high grade,0.4934125542640686,0.4934125542640686,68,0.9793060123571675,55,11,1,0,0,0,1,0,0,0,0,0,0,0.8088235294117647,0.16176470588235295,0.014705882352941176,0.0,0.0,0.0,0.014705882352941176,0.0,0.0,0.0,0.0,0.0,0.0
0215,0201753,Adenocarcinoma high grade,0.4739631712436676,0.4739631712436676,61,0.9997187575700333,57,0,3,0,0,0,0,0,0,0,0,1,0,0.9344262295081968,0.0,0.04918032786885246,0.0,0.0,0.0,0.0,0.0,0.0,0.0,0.0,0.01639344262295082,0.0
0215,0217758,Adenocarcinoma high grade,0.44172045588493347,0.44172045588493347,53,0.969097737105429,47,0,0,0,0,0,0,0,6,0,0,0,0,0.8867924528301887,0.0,0.0,0.0,0.0,0.0,0.0,0.0,0.11320754716981132,0.0,0.0,0.0,0.0
0215,0306519,Adenocarcinoma high grade,0.49696800112724304,0.49696800112724304,69,0.9827131357774965,64,2,1,1,0,0,0,0,0,0,0,0,1,0.927536231884058,0.028985507246376812,0.014492753623188406,0.014492753623188406,0.0,0.0,0.0,0.0,0.0,0.0,0.0,0.0,0.014492753623188406
0215,0308930,Adenocarcinoma high grade,0.47156789898872375,0.47156789898872375,39,0.8505317640061218,34,4,0,1,0,0,0,0,0,0,0,0,0,0.8717948717948718,0.10256410256410256,0.0,0.02564102564102564,0.0,0.0,0.0,0.0,0.0,0.0,0.0,0.0,0.0
0215,0385957,Adenocarcinoma high grade,0.46370944380760193,0.46370944380760193,56,0.9855472270373254,48,0,0,0,0,0,0,0,5,1,0,0,2,0.8571428571428571,0.0,0.0,0.0,0.0,0.0,0.0,0.0,0.08928571428571429,0.017857142857142856,0.0,0.0,0.03571428571428571
0215,0388350,Adenocarcinoma high grade,0.4969991147518158,0.4969991147518158,84,0.9765964800620698,65,19,0,0,0,0,0,0,0,0,0,0,0,0.7738095238095238,0.2261904761904762,0.0,0.0,0.0,0.0,0.0,0.0,0.0,0.0,0.0,0.0,0.0
0215,0400595,Adenocarcinoma high grade,0.4969783425331116,0.4969783425331116,98,0.9563326080576849,41,55,0,2,0,0,0,0,0,0,0,0,0,0.41836734693877553,0.5612244897959183,0.0,0.02040816326530612,0.0,0.0,0.0,0.0,0.0,0.0,0.0,0.0,0.0
0215,0409900,Adenocarcinoma high grade,0.4795539379119873,0.4795539379119873,54,0.9805203607323868,52,0,1,0,0,0,0,0,0,0,0,0,1,0.9629629629629629,0.0,0.018518518518518517,0.0,0.0,0.0,0.0,0.0,0.0,0.0,0.0,0.0,0.018518518518518517
0215,0411034,Adenocarcinoma high grade,0.4672620892524719,0.4672620892524719,65,0.9753432331917598,61,1,2,0,0,0,1,0,0,0,0,0,0,0.9384615384615385,0.015384615384615385,0.03076923076923077,0.0,0.0,0.0,0.015384615384615385,0.0,0.0,0.0,0.0,0.0,0.0
0215,0421166,Adenocarcinoma high grade,0.4687444865703583,0.4687444865703583,59,0.9573871773832237,38,10,0,0,0,0,3,0,8,0,0,0,0,0.6440677966101694,0.1694915254237288,0.0,0.0,0.0,0.0,0.05084745762711865,0.0,0.13559322033898305,0.0,0.0,0.0,0.0
0215,0425146,Adenocarcinoma high grade,0.4932059347629547,0.4932059347629547,76,0.9135790067767532,45,20,0,3,0,0,0,0,1,0,0,0,7,0.5921052631578947,0.2631578947368421,0.0,0.039473684210526314,0.0,0.0,0.0,0.0,0.013157894736842105,0.0,0.0,0.0,0.09210526315789473
0215,0433141,Adenocarcinoma high grade,0.46184003353118896,0.46184003353118896,84,0.9747797690452596,52,30,0,0,0,1,0,0,0,0,0,1,0,0.6190476190476191,0.35714285714285715,0.0,0.0,0.0,0.011904761904761904,0.0,0.0,0.0,0.0,0.0,0.011904761904761904,0.0
0215,0453237,Adenocarcinoma high grade,0.4811992645263672,0.4811992645263672,79,0.9635902378994339,75,2,0,0,0,0,1,0,0,0,0,0,1,0.9493670886075949,0.02531645569620253,0.0,0.0,0.0,0.0,0.012658227848101266,0.0,0.0,0.0,0.0,0.0,0.012658227848101266
0215,0497652,Adenocarcinoma high grade,0.4724029004573822,0.4724029004573822,56,0.9464738185186139,54,0,0,0,0,0,0,1,0,0,0,1,0,0.9642857142857143,0.0,0.0,0.0,0.0,0.0,0.0,0.017857142857142856,0.0,0.0,0.0,0.017857142857142856,0.0
0215,0523365,Adenocarcinoma high grade,0.4707662761211395,0.4707662761211395,81,0.9797204351942828,68,11,0,0,0,0,0,0,0,0,0,1,1,0.8395061728395061,0.13580246913580246,0.0,0.0,0.0,0.0,0.0,0.0,0.0,0.0,0.0,0.012345679012345678,0.012345679012345678
0215,0524427,Adenocarcinoma high grade,0.512497067451477,0.512497067451477,75,0.9795786948586308,74,0,0,0,0,0,1,0,0,0,0,0,0,0.9866666666666667,0.0,0.0,0.0,0.0,0.0,0.013333333333333334,0.0,0.0,0.0,0.0,0.0,0.0
0215,0526716,Adenocarcinoma high grade,0.46339207887649536,0.46339207887649536,68,0.9553659345347377,56,3,3,0,0,0,5,0,0,0,0,0,1,0.8235294117647058,0.04411764705882353,0.04411764705882353,0.0,0.0,0.0,0.07352941176470588,0.0,0.0,0.0,0.0,0.0,0.014705882352941176
0215,0540359,Adenocarcinoma high grade,0.48588448762893677,0.48588448762893677,68,0.9551987749170872,68,0,0,0,0,0,0,0,0,0,0,0,0,1.0,0.0,0.0,0.0,0.0,0.0,0.0,0.0,0.0,0.0,0.0,0.0,0.0
0215,0559788,Adenocarcinoma high grade,0.474312424659729,0.474312424659729,96,0.9475480661525318,58,34,0,3,0,0,1,0,0,0,0,0,0,0.6041666666666666,0.3541666666666667,0.0,0.03125,0.0,0.0,0.010416666666666666,0.0,0.0,0.0,0.0,0.0,0.0
0215,0578894,Adenocarcinoma high grade,0.5024597644805908,0.5024597644805908,103,0.9257232172907158,36,53,2,2,0,1,4,0,0,0,0,0,5,0.34951456310679613,0.5145631067961165,0.019417475728155338,0.019417475728155338,0.0,0.009708737864077669,0.038834951456310676,0.0,0.0,0.0,0.0,0.0,0.04854368932038835
0215,0581247,Adenocarcinoma high grade,0.47348496317863464,0.47348496317863464,56,0.9699119726413146,47,1,0,0,0,2,0,0,0,0,0,0,6,0.8392857142857143,0.017857142857142856,0.0,0.0,0.0,0.03571428571428571,0.0,0.0,0.0,0.0,0.0,0.0,0.10714285714285714
0215,0582333,Adenocarcinoma high grade,0.4948626458644867,0.4948626458644867,76,0.9586248038979108,55,13,4,0,0,1,1,0,0,0,1,0,1,0.7236842105263158,0.17105263157894737,0.05263157894736842,0.0,0.0,0.013157894736842105,0.013157894736842105,0.0,0.0,0.0,0.013157894736842105,0.0,0.013157894736842105
0215,0583140,Adenocarcinoma high grade,0.4944629371166229,0.4944629371166229,99,0.9119239859108468,58,30,1,2,0,0,2,0,0,0,1,0,5,0.5858585858585859,0.30303030303030304,0.010101010101010102,0.020202020202020204,0.0,0.0,0.020202020202020204,0.0,0.0,0.0,0.010101010101010102,0.0,0.050505050505050504
0215,0588127,Adenocarcinoma high grade,0.49280786514282227,0.49280786514282227,66,0.9758949439841818,60,5,0,1,0,0,0,0,0,0,0,0,0,0.9090909090909091,0.07575757575757576,0.0,0.015151515151515152,0.0,0.0,0.0,0.0,0.0,0.0,0.0,0.0,0.0
0215,0589373,Adenocarcinoma high grade,0.49461880326271057,0.49461880326271057,60,0.9873618934372055,59,1,0,0,0,0,0,0,0,0,0,0,0,0.9833333333333333,0.016666666666666666,0.0,0.0,0.0,0.0,0.0,0.0,0.0,0.0,0.0,0.0,0.0
0215,0616507,Adenocarcinoma high grade,0.4901890158653259,0.4901890158653259,55,0.924632107890486,30,22,0,2,0,0,1,0,0,0,0,0,0,0.5454545454545454,0.4,0.0,0.03636363636363636,0.0,0.0,0.01818181818181818,0.0,0.0,0.0,0.0,0.0,0.0
0215,0622292,Adenocarcinoma high grade,0.4779966473579407,0.4779966473579407,61,0.9931027754066915,59,1,0,0,0,0,0,0,0,0,0,0,1,0.9672131147540983,0.01639344262295082,0.0,0.0,0.0,0.0,0.0,0.0,0.0,0.0,0.0,0.0,0.01639344262295082
0215,0636827,Adenocarcinoma high grade,0.46870848536491394,0.46870848536491394,67,0.948644985131217,63,3,0,0,0,0,1,0,0,0,0,0,0,0.9402985074626866,0.04477611940298507,0.0,0.0,0.0,0.0,0.014925373134328358,0.0,0.0,0.0,0.0,0.0,0.0
0215,0669372,Adenocarcinoma high grade,0.44524362683296204,0.44524362683296204,79,0.9896001832821515,77,1,1,0,0,0,0,0,0,0,0,0,0,0.9746835443037974,0.012658227848101266,0.012658227848101266,0.0,0.0,0.0,0.0,0.0,0.0,0.0,0.0,0.0,0.0
0215,0693816,Adenocarcinoma high grade,0.5024221539497375,0.5024221539497375,84,0.9831805770513119,56,21,5,0,0,0,1,0,1,0,0,0,0,0.6666666666666666,0.25,0.05952380952380952,0.0,0.0,0.0,0.011904761904761904,0.0,0.011904761904761904,0.0,0.0,0.0,0.0
0215,0722229,Adenocarcinoma high grade,0.49366578459739685,0.49366578459739685,90,0.9431286917685097,64,26,0,0,0,0,0,0,0,0,0,0,0,0.7111111111111111,0.28888888888888886,0.0,0.0,0.0,0.0,0.0,0.0,0.0,0.0,0.0,0.0,0.0
0215,0736942,Adenocarcinoma high grade,0.49869704246520996,0.49869704246520996,69,0.9804842679501431,65,1,1,0,0,0,0,0,0,0,0,0,2,0.9420289855072463,0.014492753623188406,0.014492753623188406,0.0,0.0,0.0,0.0,0.0,0.0,0.0,0.0,0.0,0.028985507246376812
0215,0743659,Adenocarcinoma high grade,0.4725833833217621,0.4725833833217621,55,0.9826758756133573,52,1,2,0,0,0,0,0,0,0,0,0,0,0.9454545454545454,0.01818181818181818,0.03636363636363636,0.0,0.0,0.0,0.0,0.0,0.0,0.0,0.0,0.0,0.0
0215,0788265,Adenocarcinoma high grade,0.46380898356437683,0.46380898356437683,59,0.9570600148095285,55,0,2,0,0,0,1,0,0,0,0,0,1,0.9322033898305084,0.0,0.03389830508474576,0.0,0.0,0.0,0.01694915254237288,0.0,0.0,0.0,0.0,0.0,0.01694915254237288
0215,0813419,Adenocarcinoma high grade,0.5011759400367737,0.5011759400367737,77,0.975958088161958,35,41,0,1,0,0,0,0,0,0,0,0,0,0.45454545454545453,0.5324675324675324,0.0,0.012987012987012988,0.0,0.0,0.0,0.0,0.0,0.0,0.0,0.0,0.0
0215,0831828,Adenocarcinoma high grade,0.48781365156173706,0.48781365156173706,96,0.9360026681072485,50,20,0,2,0,6,1,0,0,0,0,0,17,0.5208333333333334,0.20833333333333334,0.0,0.020833333333333332,0.0,0.0625,0.010416666666666666,0.0,0.0,0.0,0.0,0.0,0.17708333333333334
0215,0861578,Adenocarcinoma high grade,0.46560174226760864,0.46560174226760864,44,0.972849340662923,44,0,0,0,0,0,0,0,0,0,0,0,0,1.0,0.0,0.0,0.0,0.0,0.0,0.0,0.0,0.0,0.0,0.0,0.0,0.0
0215,0861931,Adenocarcinoma high grade,0.4847319424152374,0.4847319424152374,69,0.9691321538134573,54,12,0,3,0,0,0,0,0,0,0,0,0,0.782608695652174,0.17391304347826086,0.0,0.043478260869565216,0.0,0.0,0.0,0.0,0.0,0.0,0.0,0.0,0.0
0215,0879891,Adenocarcinoma high grade,0.45919451117515564,0.45919451117515564,60,0.9644859875104235,46,3,0,8,0,0,0,0,2,0,0,0,1,0.7666666666666667,0.05,0.0,0.13333333333333333,0.0,0.0,0.0,0.0,0.03333333333333333,0.0,0.0,0.0,0.016666666666666666
0215,0936597,Adenocarcinoma high grade,0.45908769965171814,0.45908769965171814,58,0.978196253497856,54,2,0,0,0,0,1,0,0,0,0,0,1,0.9310344827586207,0.034482758620689655,0.0,0.0,0.0,0.0,0.017241379310344827,0.0,0.0,0.0,0.0,0.0,0.017241379310344827
0215,0940916,Adenocarcinoma high grade,0.4868468642234802,0.4868468642234802,46,0.9613009284481463,45,1,0,0,0,0,0,0,0,0,0,0,0,0.9782608695652174,0.021739130434782608,0.0,0.0,0.0,0.0,0.0,0.0,0.0,0.0,0.0,0.0,0.0
0215,0956047,Adenocarcinoma high grade,0.44285473227500916,0.44285473227500916,54,0.969827709978015,36,16,0,2,0,0,0,0,0,0,0,0,0,0.6666666666666666,0.2962962962962963,0.0,0.037037037037037035,0.0,0.0,0.0,0.0,0.0,0.0,0.0,0.0,0.0
0215,0965200,Adenocarcinoma high grade,0.46184802055358887,0.46184802055358887,65,0.9454763401930608,62,0,2,1,0,0,0,0,0,0,0,0,0,0.9538461538461539,0.0,0.03076923076923077,0.015384615384615385,0.0,0.0,0.0,0.0,0.0,0.0,0.0,0.0,0.0
0215,0988117,Adenocarcinoma high grade,0.44998496770858765,0.44998496770858765,65,0.9779247227570502,60,5,0,0,0,0,0,0,0,0,0,0,0,0.9230769230769231,0.07692307692307693,0.0,0.0,0.0,0.0,0.0,0.0,0.0,0.0,0.0,0.0,0.0
0215,1016349,Adenocarcinoma high grade,0.4967002272605896,0.4967002272605896,73,0.9788147955202757,67,6,0,0,0,0,0,0,0,0,0,0,0,0.9178082191780822,0.0821917808219178,0.0,0.0,0.0,0.0,0.0,0.0,0.0,0.0,0.0,0.0,0.0
0215,1021960,Adenocarcinoma high grade,0.45942237973213196,0.45942237973213196,68,0.9568083481871144,65,0,0,0,0,0,2,0,0,0,0,0,1,0.9558823529411765,0.0,0.0,0.0,0.0,0.0,0.029411764705882353,0.0,0.0,0.0,0.0,0.0,0.014705882352941176
0229,0383582,Adenocarcinoma high grade,0.271187424659729,0.271187424659729,40,0.9869718252679155,39,0,0,0,0,0,0,0,0,0,0,0,1,0.975,0.0,0.0,0.0,0.0,0.0,0.0,0.0,0.0,0.0,0.0,0.0,0.025
0229,0708367,Adenocarcinoma high grade,0.22022750973701477,0.22022750973701477,78,0.9433820588809549,76,1,0,0,0,0,0,0,1,0,0,0,0,0.9743589743589743,0.01282051282051282,0.0,0.0,0.0,0.0,0.0,0.0,0.01282051282051282,0.0,0.0,0.0,0.0
0243,0033943,Adenocarcinoma high grade,0.16241799294948578,0.16241799294948578,73,0.9755521243630921,58,2,7,0,0,0,5,0,0,0,0,0,1,0.7945205479452054,0.0273972602739726,0.0958904109589041,0.0,0.0,0.0,0.0684931506849315,0.0,0.0,0.0,0.0,0.0,0.0136986301369863
0243,0340789,Adenocarcinoma high grade,0.1863662451505661,0.1863662451505661,52,0.9897486698967252,49,0,0,0,0,0,2,0,1,0,0,0,0,0.9423076923076923,0.0,0.0,0.0,0.0,0.0,0.038461538461538464,0.0,0.019230769230769232,0.0,0.0,0.0,0.0
0243,0843994,Adenocarcinoma high grade,0.17435242235660553,0.17435242235660553,75,0.9913070057533809,71,0,1,0,0,0,0,0,0,0,0,0,3,0.9466666666666667,0.0,0.013333333333333334,0.0,0.0,0.0,0.0,0.0,0.0,0.0,0.0,0.0,0.04
0243,1008624,Adenocarcinoma high grade,0.18961386382579803,0.18961386382579803,52,0.9159383362460459,34,1,12,0,0,1,1,0,3,0,0,0,0,0.6538461538461539,0.019230769230769232,0.23076923076923078,0.0,0.0,0.019230769230769232,0.019230769230769232,0.0,0.057692307692307696,0.0,0.0,0.0,0.0
0248,0214755,Adenocarcinoma high grade,0.1319655179977417,0.1319655179977417,69,0.9335207858244686,14,48,2,0,0,0,5,0,0,0,0,0,0,0.2028985507246377,0.6956521739130435,0.028985507246376812,0.0,0.0,0.0,0.07246376811594203,0.0,0.0,0.0,0.0,0.0,0.0
0248,0247017,Adenocarcinoma high grade,0.1586165875196457,0.1586165875196457,57,0.9748093182278357,36,12,5,0,0,2,1,0,1,0,0,0,0,0.631578947368421,0.21052631578947367,0.08771929824561403,0.0,0.0,0.03508771929824561,0.017543859649122806,0.0,0.017543859649122806,0.0,0.0,0.0,0.0
0248,0876312,Adenocarcinoma high grade,0.14712758362293243,0.14712758362293243,58,0.9225015075735596,17,16,2,8,1,3,6,0,0,0,0,0,5,0.29310344827586204,0.27586206896551724,0.034482758620689655,0.13793103448275862,0.017241379310344827,0.05172413793103448,0.10344827586206896,0.0,0.0,0.0,0.0,0.0,0.08620689655172414
0248,0901050,Adenocarcinoma high grade,0.2243434488773346,0.2243434488773346,43,0.936919508761977,43,0,0,0,0,0,0,0,0,0,0,0,0,1.0,0.0,0.0,0.0,0.0,0.0,0.0,0.0,0.0,0.0,0.0,0.0,0.0
0256,0031144,Adenocarcinoma high grade,0.16439905762672424,0.16439905762672424,73,0.9959359274353083,73,0,0,0,0,0,0,0,0,0,0,0,0,1.0,0.0,0.0,0.0,0.0,0.0,0.0,0.0,0.0,0.0,0.0,0.0,0.0
0256,0085742,Adenocarcinoma high grade,0.16454827785491943,0.16454827785491943,71,0.9856498425632972,69,2,0,0,0,0,0,0,0,0,0,0,0,0.971830985915493,0.028169014084507043,0.0,0.0,0.0,0.0,0.0,0.0,0.0,0.0,0.0,0.0,0.0
0256,0110501,Adenocarcinoma high grade,0.17523477971553802,0.17523477971553802,32,0.9851316585432229,30,0,0,0,0,0,2,0,0,0,0,0,0,0.9375,0.0,0.0,0.0,0.0,0.0,0.0625,0.0,0.0,0.0,0.0,0.0,0.0
0256,0141457,Adenocarcinoma high grade,0.1775791049003601,0.1775791049003601,56,0.999079410798173,55,0,0,0,0,0,0,0,0,0,0,0,1,0.9821428571428571,0.0,0.0,0.0,0.0,0.0,0.0,0.0,0.0,0.0,0.0,0.0,0.017857142857142856
0256,0259724,Adenocarcinoma high grade,0.16437523066997528,0.16437523066997528,73,0.9829537217486001,64,0,2,0,0,0,1,1,5,0,0,0,0,0.8767123287671232,0.0,0.0273972602739726,0.0,0.0,0.0,0.0136986301369863,0.0136986301369863,0.0684931506849315,0.0,0.0,0.0,0.0
0256,0308041,Adenocarcinoma high grade,0.1723252534866333,0.1723252534866333,49,0.9974489727111358,48,0,0,0,0,0,0,0,0,0,0,0,1,0.9795918367346939,0.0,0.0,0.0,0.0,0.0,0.0,0.0,0.0,0.0,0.0,0.0,0.02040816326530612
0256,0431863,Adenocarcinoma high grade,0.1666860729455948,0.1666860729455948,71,0.9946411846920574,70,0,0,0,0,0,0,0,0,0,0,1,0,0.9859154929577465,0.0,0.0,0.0,0.0,0.0,0.0,0.0,0.0,0.0,0.0,0.014084507042253521,0.0
0256,0479661,Adenocarcinoma high grade,0.1788506954908371,0.1788506954908371,66,0.9537898805997277,57,0,0,0,0,0,1,0,0,1,0,0,7,0.8636363636363636,0.0,0.0,0.0,0.0,0.0,0.015151515151515152,0.0,0.0,0.015151515151515152,0.0,0.0,0.10606060606060606
0256,0481104,Adenocarcinoma high grade,0.17436720430850983,0.17436720430850983,54,0.9130747379222297,43,0,2,0,0,0,2,0,0,0,0,0,7,0.7962962962962963,0.0,0.037037037037037035,0.0,0.0,0.0,0.037037037037037035,0.0,0.0,0.0,0.0,0.0,0.12962962962962962
0256,0503545,Adenocarcinoma high grade,0.19247868657112122,0.19247868657112122,70,0.9642825916932699,63,0,0,0,0,0,1,0,0,0,0,0,6,0.9,0.0,0.0,0.0,0.0,0.0,0.014285714285714285,0.0,0.0,0.0,0.0,0.0,0.08571428571428572
0256,0511580,Adenocarcinoma high grade,0.17133183777332306,0.17133183777332306,73,0.9834810414695201,73,0,0,0,0,0,0,0,0,0,0,0,0,1.0,0.0,0.0,0.0,0.0,0.0,0.0,0.0,0.0,0.0,0.0,0.0,0.0
0256,0647571,Adenocarcinoma high grade,0.16848339140415192,0.16848339140415192,53,0.970060153325827,44,0,0,0,0,0,0,0,0,0,0,0,9,0.8301886792452831,0.0,0.0,0.0,0.0,0.0,0.0,0.0,0.0,0.0,0.0,0.0,0.16981132075471697
0256,0667225,Adenocarcinoma high grade,0.1678393930196762,0.1678393930196762,63,0.9937026990091624,63,0,0,0,0,0,0,0,0,0,0,0,0,1.0,0.0,0.0,0.0,0.0,0.0,0.0,0.0,0.0,0.0,0.0,0.0,0.0
0256,0697551,Adenocarcinoma high grade,0.2872704863548279,0.2872704863548279,84,0.9933813497962822,82,0,0,0,0,0,1,0,0,0,0,1,0,0.9761904761904762,0.0,0.0,0.0,0.0,0.0,0.011904761904761904,0.0,0.0,0.0,0.0,0.011904761904761904,0.0
0256,0729102,Adenocarcinoma high grade,0.18826404213905334,0.18826404213905334,94,0.9898280744805912,93,0,0,0,0,0,0,1,0,0,0,0,0,0.9893617021276596,0.0,0.0,0.0,0.0,0.0,0.0,0.010638297872340425,0.0,0.0,0.0,0.0,0.0
0256,0733912,Adenocarcinoma high grade,0.17570184171199799,0.17570184171199799,78,0.9857735392188536,75,0,1,0,0,0,1,0,0,1,0,0,0,0.9615384615384616,0.0,0.01282051282051282,0.0,0.0,0.0,0.01282051282051282,0.0,0.0,0.01282051282051282,0.0,0.0,0.0
0256,0779184,Adenocarcinoma high grade,0.1861421912908554,0.1861421912908554,56,0.9802250743076908,43,0,6,0,0,0,6,0,0,0,0,0,1,0.7678571428571429,0.0,0.10714285714285714,0.0,0.0,0.0,0.10714285714285714,0.0,0.0,0.0,0.0,0.0,0.017857142857142856
0256,0794085,Adenocarcinoma high grade,0.1715388149023056,0.1715388149023056,79,0.9772145012927693,72,1,2,0,0,0,1,0,1,0,0,0,2,0.9113924050632911,0.012658227848101266,0.02531645569620253,0.0,0.0,0.0,0.012658227848101266,0.0,0.012658227848101266,0.0,0.0,0.0,0.02531645569620253
0260,0019782,Adenocarcinoma high grade,0.5231302976608276,0.5231302976608276,68,0.9337788008291584,54,1,2,0,0,7,2,0,0,0,0,0,2,0.7941176470588235,0.014705882352941176,0.029411764705882353,0.0,0.0,0.10294117647058823,0.029411764705882353,0.0,0.0,0.0,0.0,0.0,0.029411764705882353
0260,0020116,Adenocarcinoma high grade,0.5332959890365601,0.5332959890365601,98,0.882821594859691,59,12,3,7,0,13,0,1,0,0,1,0,2,0.6020408163265306,0.12244897959183673,0.030612244897959183,0.07142857142857142,0.0,0.1326530612244898,0.0,0.01020408163265306,0.0,0.0,0.01020408163265306,0.0,0.02040816326530612
0260,0030163,Adenocarcinoma high grade,0.50008624792099,0.50008624792099,71,0.8940378045590565,42,4,12,0,0,7,3,0,0,0,0,0,3,0.5915492957746479,0.056338028169014086,0.16901408450704225,0.0,0.0,0.09859154929577464,0.04225352112676056,0.0,0.0,0.0,0.0,0.0,0.04225352112676056
0260,0034798,Adenocarcinoma high grade,0.5140790939331055,0.5140790939331055,63,0.9610271295598234,56,2,0,0,0,1,0,0,0,0,0,0,4,0.8888888888888888,0.031746031746031744,0.0,0.0,0.0,0.015873015873015872,0.0,0.0,0.0,0.0,0.0,0.0,0.06349206349206349
0260,0048870,Adenocarcinoma high grade,0.5288636088371277,0.5288636088371277,87,0.9629266911193899,76,2,0,1,0,2,0,0,0,0,2,0,4,0.8735632183908046,0.022988505747126436,0.0,0.011494252873563218,0.0,0.022988505747126436,0.0,0.0,0.0,0.0,0.022988505747126436,0.0,0.04597701149425287
0260,0110203,Adenocarcinoma high grade,0.5204318761825562,0.5204318761825562,85,0.9370438483825149,59,4,2,0,0,18,1,1,0,0,0,0,0,0.6941176470588235,0.047058823529411764,0.023529411764705882,0.0,0.0,0.21176470588235294,0.011764705882352941,0.011764705882352941,0.0,0.0,0.0,0.0,0.0
0260,0181748,Adenocarcinoma high grade,0.5278616547584534,0.5278616547584534,65,0.9486408425252556,50,2,3,1,0,7,0,0,0,0,0,0,2,0.7692307692307693,0.03076923076923077,0.046153846153846156,0.015384615384615385,0.0,0.1076923076923077,0.0,0.0,0.0,0.0,0.0,0.0,0.03076923076923077
0260,0185245,Adenocarcinoma high grade,0.5350384712219238,0.5350384712219238,83,0.9133079064026424,32,3,0,2,0,41,4,0,0,0,0,0,1,0.3855421686746988,0.03614457831325301,0.0,0.024096385542168676,0.0,0.4939759036144578,0.04819277108433735,0.0,0.0,0.0,0.0,0.0,0.012048192771084338
0260,0186702,Adenocarcinoma high grade,0.5388492941856384,0.5388492941856384,73,0.9243223489560698,48,6,4,1,0,12,1,0,0,0,0,0,1,0.6575342465753424,0.0821917808219178,0.0547945205479452,0.0136986301369863,0.0,0.1643835616438356,0.0136986301369863,0.0,0.0,0.0,0.0,0.0,0.0136986301369863
0260,0204030,Adenocarcinoma high grade,0.5236406326293945,0.5236406326293945,67,0.9462225614553834,46,0,4,0,0,13,1,0,0,0,0,0,3,0.6865671641791045,0.0,0.05970149253731343,0.0,0.0,0.19402985074626866,0.014925373134328358,0.0,0.0,0.0,0.0,0.0,0.04477611940298507
0260,0231989,Adenocarcinoma high grade,0.5420235991477966,0.5420235991477966,88,0.8763034471384313,43,6,5,0,0,27,2,0,1,0,3,0,1,0.48863636363636365,0.06818181818181818,0.056818181818181816,0.0,0.0,0.3068181818181818,0.022727272727272728,0.0,0.011363636363636364,0.0,0.03409090909090909,0.0,0.011363636363636364
0260,0233363,Adenocarcinoma high grade,0.5316364765167236,0.5316364765167236,89,0.9319906939070298,80,2,3,0,0,2,0,0,0,0,0,0,2,0.898876404494382,0.02247191011235955,0.033707865168539325,0.0,0.0,0.02247191011235955,0.0,0.0,0.0,0.0,0.0,0.0,0.02247191011235955
0260,0246729,Adenocarcinoma high grade,0.5142319798469543,0.5142319798469543,85,0.9244241662732711,59,4,2,0,0,19,0,0,0,0,0,0,1,0.6941176470588235,0.047058823529411764,0.023529411764705882,0.0,0.0,0.2235294117647059,0.0,0.0,0.0,0.0,0.0,0.0,0.011764705882352941
0260,0258169,Adenocarcinoma high grade,0.5198802351951599,0.5198802351951599,68,0.8964873189224081,31,13,2,5,0,10,0,0,4,0,0,0,3,0.45588235294117646,0.19117647058823528,0.029411764705882353,0.07352941176470588,0.0,0.14705882352941177,0.0,0.0,0.058823529411764705,0.0,0.0,0.0,0.04411764705882353
0260,0280767,Adenocarcinoma high grade,0.5324593186378479,0.5324593186378479,62,0.9478473973322175,46,5,0,0,0,5,0,0,3,0,1,0,2,0.7419354838709677,0.08064516129032258,0.0,0.0,0.0,0.08064516129032258,0.0,0.0,0.04838709677419355,0.0,0.016129032258064516,0.0,0.03225806451612903
0260,0287915,Adenocarcinoma high grade,0.5228661298751831,0.5228661298751831,70,0.9159080607322847,42,18,2,0,0,5,1,0,2,0,0,0,0,0.6,0.2571428571428571,0.02857142857142857,0.0,0.0,0.07142857142857142,0.014285714285714285,0.0,0.02857142857142857,0.0,0.0,0.0,0.0
0260,0311216,Adenocarcinoma high grade,0.4688468873500824,0.4688468873500824,72,0.9985708535787364,68,1,2,0,0,0,1,0,0,0,0,0,0,0.9444444444444444,0.013888888888888888,0.027777777777777776,0.0,0.0,0.0,0.013888888888888888,0.0,0.0,0.0,0.0,0.0,0.0
0260,0324419,Adenocarcinoma high grade,0.5323932766914368,0.5323932766914368,90,0.8976849905826743,65,3,0,0,0,13,2,1,0,0,1,1,4,0.7222222222222222,0.03333333333333333,0.0,0.0,0.0,0.14444444444444443,0.022222222222222223,0.011111111111111112,0.0,0.0,0.011111111111111112,0.011111111111111112,0.044444444444444446
0260,0363437,Adenocarcinoma high grade,0.5251221656799316,0.5251221656799316,71,0.9295316483001771,45,3,3,1,0,17,0,0,0,0,0,0,2,0.6338028169014085,0.04225352112676056,0.04225352112676056,0.014084507042253521,0.0,0.23943661971830985,0.0,0.0,0.0,0.0,0.0,0.0,0.028169014084507043
0260,0384338,Adenocarcinoma high grade,0.5298541784286499,0.5298541784286499,71,0.9135498486682162,41,0,2,7,0,17,0,0,0,0,0,0,4,0.5774647887323944,0.0,0.028169014084507043,0.09859154929577464,0.0,0.23943661971830985,0.0,0.0,0.0,0.0,0.0,0.0,0.056338028169014086
0260,0436105,Adenocarcinoma high grade,0.5244221687316895,0.5244221687316895,78,0.9569216727319955,58,8,0,1,0,5,2,0,0,0,1,0,3,0.7435897435897436,0.10256410256410256,0.0,0.01282051282051282,0.0,0.0641025641025641,0.02564102564102564,0.0,0.0,0.0,0.01282051282051282,0.0,0.038461538461538464
0260,0478559,Adenocarcinoma high grade,0.5161662697792053,0.5161662697792053,72,0.9363707346479746,50,4,1,0,0,13,2,0,0,0,0,0,2,0.6944444444444444,0.05555555555555555,0.013888888888888888,0.0,0.0,0.18055555555555555,0.027777777777777776,0.0,0.0,0.0,0.0,0.0,0.027777777777777776
0260,0485582,Adenocarcinoma high grade,0.5223348736763,0.5223348736763,74,0.9319445862425301,51,1,1,0,0,18,0,0,0,0,0,0,3,0.6891891891891891,0.013513513513513514,0.013513513513513514,0.0,0.0,0.24324324324324326,0.0,0.0,0.0,0.0,0.0,0.0,0.04054054054054054
0260,0511514,Adenocarcinoma high grade,0.5143622159957886,0.5143622159957886,75,0.8837686210230234,45,7,1,2,0,9,5,0,1,0,0,0,5,0.6,0.09333333333333334,0.013333333333333334,0.02666666666666667,0.0,0.12,0.06666666666666667,0.0,0.013333333333333334,0.0,0.0,0.0,0.06666666666666667
0260,0542916,Adenocarcinoma high grade,0.5369353890419006,0.5369353890419006,75,0.9831732363454032,72,1,0,0,0,1,0,0,0,0,0,0,1,0.96,0.013333333333333334,0.0,0.0,0.0,0.013333333333333334,0.0,0.0,0.0,0.0,0.0,0.0,0.013333333333333334
0260,0549411,Adenocarcinoma high grade,0.5334941148757935,0.5334941148757935,63,0.9081151709721403,35,7,10,1,0,6,2,0,0,0,1,0,1,0.5555555555555556,0.1111111111111111,0.15873015873015872,0.015873015873015872,0.0,0.09523809523809523,0.031746031746031744,0.0,0.0,0.0,0.015873015873015872,0.0,0.015873015873015872
0260,0579281,Adenocarcinoma high grade,0.5239912271499634,0.5239912271499634,81,0.9153188897845153,54,7,0,10,0,3,2,2,1,0,0,0,2,0.6666666666666666,0.08641975308641975,0.0,0.12345679012345678,0.0,0.037037037037037035,0.024691358024691357,0.024691358024691357,0.012345679012345678,0.0,0.0,0.0,0.024691358024691357
0260,0585046,Adenocarcinoma high grade,0.5446683168411255,0.5446683168411255,76,0.923446662624492,58,0,4,1,0,6,2,0,0,0,1,0,4,0.7631578947368421,0.0,0.05263157894736842,0.013157894736842105,0.0,0.07894736842105263,0.02631578947368421,0.0,0.0,0.0,0.013157894736842105,0.0,0.05263157894736842
0260,0586512,Adenocarcinoma high grade,0.5166200995445251,0.5166200995445251,101,0.931910242437596,74,1,0,0,0,18,1,0,0,0,1,0,6,0.7326732673267327,0.009900990099009901,0.0,0.0,0.0,0.1782178217821782,0.009900990099009901,0.0,0.0,0.0,0.009900990099009901,0.0,0.0594059405940594
0260,0604075,Adenocarcinoma high grade,0.5264157652854919,0.5264157652854919,69,0.9143737498043255,50,5,3,0,0,4,3,0,0,0,1,1,2,0.7246376811594203,0.07246376811594203,0.043478260869565216,0.0,0.0,0.057971014492753624,0.043478260869565216,0.0,0.0,0.0,0.014492753623188406,0.014492753623188406,0.028985507246376812
0260,0608229,Adenocarcinoma high grade,0.4944026470184326,0.4944026470184326,86,0.9124573003698639,64,7,4,0,0,6,0,0,0,0,1,0,4,0.7441860465116279,0.08139534883720931,0.046511627906976744,0.0,0.0,0.06976744186046512,0.0,0.0,0.0,0.0,0.011627906976744186,0.0,0.046511627906976744
0260,0612994,Adenocarcinoma high grade,0.5386943817138672,0.5386943817138672,80,0.9195464231366334,59,2,2,0,0,9,0,1,0,0,1,1,5,0.7375,0.025,0.025,0.0,0.0,0.1125,0.0,0.0125,0.0,0.0,0.0125,0.0125,0.0625
0260,0669221,Adenocarcinoma high grade,0.5188846588134766,0.5188846588134766,79,0.9655806659762377,72,1,0,0,0,3,0,0,0,0,1,2,0,0.9113924050632911,0.012658227848101266,0.0,0.0,0.0,0.0379746835443038,0.0,0.0,0.0,0.0,0.012658227848101266,0.02531645569620253,0.0
0260,0683205,Adenocarcinoma high grade,0.5078364014625549,0.5078364014625549,72,0.9582746024762694,59,0,2,0,0,11,0,0,0,0,0,0,0,0.8194444444444444,0.0,0.027777777777777776,0.0,0.0,0.1527777777777778,0.0,0.0,0.0,0.0,0.0,0.0,0.0
0260,0684845,Adenocarcinoma high grade,0.5131412148475647,0.5131412148475647,69,0.9732866599915522,62,2,4,0,0,0,0,1,0,0,0,0,0,0.8985507246376812,0.028985507246376812,0.057971014492753624,0.0,0.0,0.0,0.0,0.014492753623188406,0.0,0.0,0.0,0.0,0.0
0260,0687488,Adenocarcinoma high grade,0.5053282380104065,0.5053282380104065,75,0.9523921716087443,62,2,3,0,0,4,2,0,0,0,0,0,2,0.8266666666666667,0.02666666666666667,0.04,0.0,0.0,0.05333333333333334,0.02666666666666667,0.0,0.0,0.0,0.0,0.0,0.02666666666666667
0260,0713264,Adenocarcinoma high grade,0.5320641398429871,0.5320641398429871,77,0.941025316746652,65,1,1,0,0,5,0,0,0,0,1,0,4,0.8441558441558441,0.012987012987012988,0.012987012987012988,0.0,0.0,0.06493506493506493,0.0,0.0,0.0,0.0,0.012987012987012988,0.0,0.05194805194805195
0260,0724040,Adenocarcinoma high grade,0.526393711566925,0.526393711566925,77,0.9506035905564211,71,0,0,0,0,4,0,0,1,0,0,1,0,0.922077922077922,0.0,0.0,0.0,0.0,0.05194805194805195,0.0,0.0,0.012987012987012988,0.0,0.0,0.012987012987012988,0.0
0260,0754054,Adenocarcinoma high grade,0.5282196402549744,0.5282196402549744,71,0.9700326120618952,58,1,0,0,0,8,1,0,1,0,0,1,1,0.8169014084507042,0.014084507042253521,0.0,0.0,0.0,0.11267605633802817,0.014084507042253521,0.0,0.014084507042253521,0.0,0.0,0.014084507042253521,0.014084507042253521
0260,0767642,Adenocarcinoma high grade,0.5099236369132996,0.5099236369132996,81,0.9340080682458622,64,4,5,0,0,2,1,1,1,0,0,0,3,0.7901234567901234,0.04938271604938271,0.06172839506172839,0.0,0.0,0.024691358024691357,0.012345679012345678,0.012345679012345678,0.012345679012345678,0.0,0.0,0.0,0.037037037037037035
0260,0776664,Adenocarcinoma high grade,0.5247918963432312,0.5247918963432312,80,0.9508013574284708,68,3,0,0,0,3,1,0,0,0,1,0,4,0.85,0.0375,0.0,0.0,0.0,0.0375,0.0125,0.0,0.0,0.0,0.0125,0.0,0.05
0260,0836751,Adenocarcinoma high grade,0.5290285348892212,0.5290285348892212,91,0.9510287383612438,58,5,1,2,0,22,0,0,0,0,1,0,2,0.6373626373626373,0.054945054945054944,0.01098901098901099,0.02197802197802198,0.0,0.24175824175824176,0.0,0.0,0.0,0.0,0.01098901098901099,0.0,0.02197802197802198
0260,0932554,Adenocarcinoma high grade,0.500145435333252,0.500145435333252,84,0.8701365923536796,31,4,14,2,0,24,5,0,1,0,0,0,3,0.36904761904761907,0.047619047619047616,0.16666666666666666,0.023809523809523808,0.0,0.2857142857142857,0.05952380952380952,0.0,0.011904761904761904,0.0,0.0,0.0,0.03571428571428571
0260,0954628,Adenocarcinoma high grade,0.5187004208564758,0.5187004208564758,90,0.9551304079212379,74,2,1,0,0,7,0,0,2,0,2,1,1,0.8222222222222222,0.022222222222222223,0.011111111111111112,0.0,0.0,0.07777777777777778,0.0,0.0,0.022222222222222223,0.0,0.022222222222222223,0.011111111111111112,0.011111111111111112
0260,0966315,Adenocarcinoma high grade,0.5138177871704102,0.5138177871704102,81,0.9156314217475383,64,1,1,2,0,9,0,0,0,0,0,1,3,0.7901234567901234,0.012345679012345678,0.012345679012345678,0.024691358024691357,0.0,0.1111111111111111,0.0,0.0,0.0,0.0,0.0,0.012345679012345678,0.037037037037037035
0260,0967121,Adenocarcinoma high grade,0.5319200754165649,0.5319200754165649,94,0.8957955951333681,53,2,3,1,0,17,3,0,0,0,4,1,10,0.5638297872340425,0.02127659574468085,0.031914893617021274,0.010638297872340425,0.0,0.18085106382978725,0.031914893617021274,0.0,0.0,0.0,0.0425531914893617,0.010638297872340425,0.10638297872340426
0260,0983784,Adenocarcinoma high grade,0.5356830358505249,0.5356830358505249,81,0.9254124682448792,44,20,1,0,0,8,0,0,4,1,1,1,1,0.5432098765432098,0.24691358024691357,0.012345679012345678,0.0,0.0,0.09876543209876543,0.0,0.0,0.04938271604938271,0.012345679012345678,0.012345679012345678,0.012345679012345678,0.012345679012345678
0260,1020012,Adenocarcinoma high grade,0.5276930332183838,0.5276930332183838,81,0.9153097829406767,44,0,2,0,0,25,0,0,0,0,0,0,10,0.5432098765432098,0.0,0.024691358024691357,0.0,0.0,0.30864197530864196,0.0,0.0,0.0,0.0,0.0,0.0,0.12345679012345678
0260,1021410,Adenocarcinoma high grade,0.53726726770401,0.53726726770401,75,0.8510807200359879,42,3,1,1,0,20,1,0,0,0,1,0,6,0.56,0.04,0.013333333333333334,0.013333333333333334,0.0,0.26666666666666666,0.013333333333333334,0.0,0.0,0.0,0.013333333333333334,0.0,0.08
0260,1035477,Adenocarcinoma high grade,0.5159599184989929,0.5159599184989929,69,0.9195560775141037,53,3,2,0,0,7,2,0,0,0,0,1,1,0.7681159420289855,0.043478260869565216,0.028985507246376812,0.0,0.0,0.10144927536231885,0.028985507246376812,0.0,0.0,0.0,0.0,0.014492753623188406,0.014492753623188406
0261,0319599,Adenocarcinoma high grade,0.16472838819026947,0.16472838819026947,42,0.9811700311546849,42,0,0,0,0,0,0,0,0,0,0,0,0,1.0,0.0,0.0,0.0,0.0,0.0,0.0,0.0,0.0,0.0,0.0,0.0,0.0
0282,0030968,Adenocarcinoma high grade,0.16194280982017517,0.16194280982017517,50,0.9977469432143381,50,0,0,0,0,0,0,0,0,0,0,0,0,1.0,0.0,0.0,0.0,0.0,0.0,0.0,0.0,0.0,0.0,0.0,0.0,0.0
0282,0508606,Adenocarcinoma high grade,0.14441730082035065,0.14441730082035065,58,0.9795692854282358,52,0,2,0,0,0,4,0,0,0,0,0,0,0.896551724137931,0.0,0.034482758620689655,0.0,0.0,0.0,0.06896551724137931,0.0,0.0,0.0,0.0,0.0,0.0
0282,0670276,Adenocarcinoma high grade,0.16052381694316864,0.16052381694316864,62,0.9848323046089763,62,0,0,0,0,0,0,0,0,0,0,0,0,1.0,0.0,0.0,0.0,0.0,0.0,0.0,0.0,0.0,0.0,0.0,0.0,0.0
0283,0087874,Adenocarcinoma high grade,0.17442773282527924,0.17442773282527924,52,0.9032761921051489,15,5,8,2,0,4,14,0,1,0,1,0,2,0.28846153846153844,0.09615384615384616,0.15384615384615385,0.038461538461538464,0.0,0.07692307692307693,0.2692307692307692,0.0,0.019230769230769232,0.0,0.019230769230769232,0.0,0.038461538461538464
0283,0590996,Adenocarcinoma high grade,0.18246856331825256,0.18246856331825256,48,0.9409201971027695,37,0,5,0,0,0,4,0,2,0,0,0,0,0.7708333333333334,0.0,0.10416666666666667,0.0,0.0,0.0,0.08333333333333333,0.0,0.041666666666666664,0.0,0.0,0.0,0.0
0299,0012502,Adenocarcinoma high grade,0.21167822182178497,0.21167822182178497,74,0.9465545872245661,71,0,2,0,0,0,0,0,0,0,0,0,1,0.9594594594594594,0.0,0.02702702702702703,0.0,0.0,0.0,0.0,0.0,0.0,0.0,0.0,0.0,0.013513513513513514
0299,0026636,Adenocarcinoma high grade,0.21961642801761627,0.21961642801761627,77,0.9574182128285875,68,0,6,1,0,0,1,0,0,0,0,0,1,0.8831168831168831,0.0,0.07792207792207792,0.012987012987012988,0.0,0.0,0.012987012987012988,0.0,0.0,0.0,0.0,0.0,0.012987012987012988
0299,0053912,Adenocarcinoma high grade,0.21977326273918152,0.21977326273918152,46,0.9795638587396427,39,0,6,0,0,0,1,0,0,0,0,0,0,0.8478260869565217,0.0,0.13043478260869565,0.0,0.0,0.0,0.021739130434782608,0.0,0.0,0.0,0.0,0.0,0.0
0299,0065340,Adenocarcinoma high grade,0.2237299233675003,0.2237299233675003,69,0.9813804085922518,65,1,3,0,0,0,0,0,0,0,0,0,0,0.9420289855072463,0.014492753623188406,0.043478260869565216,0.0,0.0,0.0,0.0,0.0,0.0,0.0,0.0,0.0,0.0
0299,0082106,Adenocarcinoma high grade,0.20216089487075806,0.20216089487075806,45,0.9750889552054159,45,0,0,0,0,0,0,0,0,0,0,0,0,1.0,0.0,0.0,0.0,0.0,0.0,0.0,0.0,0.0,0.0,0.0,0.0,0.0
0299,0112189,Adenocarcinoma high grade,0.21115097403526306,0.21115097403526306,49,0.9681400900205898,47,0,0,0,0,0,0,0,0,0,0,0,2,0.9591836734693877,0.0,0.0,0.0,0.0,0.0,0.0,0.0,0.0,0.0,0.0,0.0,0.04081632653061224
0299,0142987,Adenocarcinoma high grade,0.21293742954730988,0.21293742954730988,60,0.981211740548914,58,0,0,0,0,0,1,0,0,0,0,0,1,0.9666666666666667,0.0,0.0,0.0,0.0,0.0,0.016666666666666666,0.0,0.0,0.0,0.0,0.0,0.016666666666666666
0299,0172037,Adenocarcinoma high grade,0.21790368854999542,0.21790368854999542,72,0.9963678434406538,71,0,1,0,0,0,0,0,0,0,0,0,0,0.9861111111111112,0.0,0.013888888888888888,0.0,0.0,0.0,0.0,0.0,0.0,0.0,0.0,0.0,0.0
0299,0261793,Adenocarcinoma high grade,0.2162354290485382,0.2162354290485382,49,0.9543420996551392,46,0,1,0,0,0,0,0,0,0,0,0,2,0.9387755102040817,0.0,0.02040816326530612,0.0,0.0,0.0,0.0,0.0,0.0,0.0,0.0,0.0,0.04081632653061224
0299,0273712,Adenocarcinoma high grade,0.2091214507818222,0.2091214507818222,47,0.9880374091756153,43,1,0,0,0,0,1,0,0,0,0,0,2,0.9148936170212766,0.02127659574468085,0.0,0.0,0.0,0.0,0.02127659574468085,0.0,0.0,0.0,0.0,0.0,0.0425531914893617
0299,0278715,Adenocarcinoma high grade,0.21452389657497406,0.21452389657497406,62,0.9941318380067097,61,0,0,0,0,0,1,0,0,0,0,0,0,0.9838709677419355,0.0,0.0,0.0,0.0,0.0,0.016129032258064516,0.0,0.0,0.0,0.0,0.0,0.0
0299,0311209,Adenocarcinoma high grade,0.22386929392814636,0.22386929392814636,66,0.990346984934677,61,0,1,0,0,0,1,0,0,0,0,0,3,0.9242424242424242,0.0,0.015151515151515152,0.0,0.0,0.0,0.015151515151515152,0.0,0.0,0.0,0.0,0.0,0.045454545454545456
0299,0312501,Adenocarcinoma high grade,0.21508771181106567,0.21508771181106567,61,0.9864398583751613,61,0,0,0,0,0,0,0,0,0,0,0,0,1.0,0.0,0.0,0.0,0.0,0.0,0.0,0.0,0.0,0.0,0.0,0.0,0.0
0299,0381374,Adenocarcinoma high grade,0.11270684748888016,0.11270684748888016,72,0.9413922215506643,34,4,4,0,0,1,21,0,4,0,0,0,4,0.4722222222222222,0.05555555555555555,0.05555555555555555,0.0,0.0,0.013888888888888888,0.2916666666666667,0.0,0.05555555555555555,0.0,0.0,0.0,0.05555555555555555
0299,0383855,Adenocarcinoma high grade,0.20840173959732056,0.20840173959732056,70,0.9731393228310328,65,0,4,0,0,0,1,0,0,0,0,0,0,0.9285714285714286,0.0,0.05714285714285714,0.0,0.0,0.0,0.014285714285714285,0.0,0.0,0.0,0.0,0.0,0.0
0299,0400310,Adenocarcinoma high grade,0.21528548002243042,0.21528548002243042,76,0.9835035876802259,74,0,1,0,0,0,1,0,0,0,0,0,0,0.9736842105263158,0.0,0.013157894736842105,0.0,0.0,0.0,0.013157894736842105,0.0,0.0,0.0,0.0,0.0,0.0
0299,0419007,Adenocarcinoma high grade,0.21359111368656158,0.21359111368656158,66,0.9524083841298449,66,0,0,0,0,0,0,0,0,0,0,0,0,1.0,0.0,0.0,0.0,0.0,0.0,0.0,0.0,0.0,0.0,0.0,0.0,0.0
0299,0473870,Adenocarcinoma high grade,0.2248913049697876,0.2248913049697876,46,0.9711655718404966,44,0,2,0,0,0,0,0,0,0,0,0,0,0.9565217391304348,0.0,0.043478260869565216,0.0,0.0,0.0,0.0,0.0,0.0,0.0,0.0,0.0,0.0
0299,0530548,Adenocarcinoma high grade,0.19340847432613373,0.19340847432613373,67,0.9887514846953819,66,0,0,0,0,0,0,0,0,0,0,0,1,0.9850746268656716,0.0,0.0,0.0,0.0,0.0,0.0,0.0,0.0,0.0,0.0,0.0,0.014925373134328358
0299,0579815,Adenocarcinoma high grade,0.2145313322544098,0.2145313322544098,66,0.9608982363236204,56,0,5,0,0,0,5,0,0,0,0,0,0,0.8484848484848485,0.0,0.07575757575757576,0.0,0.0,0.0,0.07575757575757576,0.0,0.0,0.0,0.0,0.0,0.0
0299,0639555,Adenocarcinoma high grade,0.2079378217458725,0.2079378217458725,55,0.9789869175060487,44,2,7,0,0,0,1,0,0,0,0,0,1,0.8,0.03636363636363636,0.12727272727272726,0.0,0.0,0.0,0.01818181818181818,0.0,0.0,0.0,0.0,0.0,0.01818181818181818
0299,0658742,Adenocarcinoma high grade,0.22815030813217163,0.22815030813217163,59,0.9485794909581015,53,1,1,0,0,0,0,0,0,0,0,0,4,0.8983050847457628,0.01694915254237288,0.01694915254237288,0.0,0.0,0.0,0.0,0.0,0.0,0.0,0.0,0.0,0.06779661016949153
0299,0684679,Adenocarcinoma high grade,0.19805584847927094,0.19805584847927094,58,0.9870854351459077,57,0,0,0,0,0,1,0,0,0,0,0,0,0.9827586206896551,0.0,0.0,0.0,0.0,0.0,0.017241379310344827,0.0,0.0,0.0,0.0,0.0,0.0
0299,0709942,Adenocarcinoma high grade,0.2227134257555008,0.2227134257555008,70,0.9974567180209273,70,0,0,0,0,0,0,0,0,0,0,0,0,1.0,0.0,0.0,0.0,0.0,0.0,0.0,0.0,0.0,0.0,0.0,0.0,0.0
0299,0736310,Adenocarcinoma high grade,0.21298785507678986,0.21298785507678986,84,0.9904938586320418,78,0,1,0,0,0,0,0,0,0,0,0,5,0.9285714285714286,0.0,0.011904761904761904,0.0,0.0,0.0,0.0,0.0,0.0,0.0,0.0,0.0,0.05952380952380952
0299,0737961,Adenocarcinoma high grade,0.18460814654827118,0.18460814654827118,56,0.9786352696260662,46,0,4,0,0,0,3,0,0,0,2,0,1,0.8214285714285714,0.0,0.07142857142857142,0.0,0.0,0.0,0.05357142857142857,0.0,0.0,0.0,0.03571428571428571,0.0,0.017857142857142856
0299,0768292,Adenocarcinoma high grade,0.2001987099647522,0.2001987099647522,70,0.9961642034883362,61,0,9,0,0,0,0,0,0,0,0,0,0,0.8714285714285714,0.0,0.12857142857142856,0.0,0.0,0.0,0.0,0.0,0.0,0.0,0.0,0.0,0.0
0299,0805871,Adenocarcinoma high grade,0.22446908056735992,0.22446908056735992,48,0.9636323549529254,39,0,5,0,0,0,4,0,0,0,0,0,0,0.8125,0.0,0.10416666666666667,0.0,0.0,0.0,0.08333333333333333,0.0,0.0,0.0,0.0,0.0,0.0
0299,0821454,Adenocarcinoma high grade,0.20641541481018066,0.20641541481018066,66,0.9810451013325681,65,1,0,0,0,0,0,0,0,0,0,0,0,0.9848484848484849,0.015151515151515152,0.0,0.0,0.0,0.0,0.0,0.0,0.0,0.0,0.0,0.0,0.0
0299,0832386,Adenocarcinoma high grade,0.21833330392837524,0.21833330392837524,43,0.9624962630491586,33,1,5,0,0,0,2,0,1,0,0,0,1,0.7674418604651163,0.023255813953488372,0.11627906976744186,0.0,0.0,0.0,0.046511627906976744,0.0,0.023255813953488372,0.0,0.0,0.0,0.023255813953488372
0299,0840633,Adenocarcinoma high grade,0.17793284356594086,0.17793284356594086,61,0.9360046091157268,50,0,6,0,0,0,0,0,0,0,0,0,5,0.819672131147541,0.0,0.09836065573770492,0.0,0.0,0.0,0.0,0.0,0.0,0.0,0.0,0.0,0.08196721311475409
0299,0919862,Adenocarcinoma high grade,0.22566483914852142,0.22566483914852142,42,0.987482553295987,26,8,6,0,0,0,1,0,1,0,0,0,0,0.6190476190476191,0.19047619047619047,0.14285714285714285,0.0,0.0,0.0,0.023809523809523808,0.0,0.023809523809523808,0.0,0.0,0.0,0.0
0299,0927284,Adenocarcinoma high grade,0.22040137648582458,0.22040137648582458,59,0.954642808673992,57,0,0,0,0,0,0,0,0,0,0,0,2,0.9661016949152542,0.0,0.0,0.0,0.0,0.0,0.0,0.0,0.0,0.0,0.0,0.0,0.03389830508474576
0299,0933239,Adenocarcinoma high grade,0.21421653032302856,0.21421653032302856,68,0.9766514743627163,67,0,1,0,0,0,0,0,0,0,0,0,0,0.9852941176470589,0.0,0.014705882352941176,0.0,0.0,0.0,0.0,0.0,0.0,0.0,0.0,0.0,0.0
0299,0934095,Adenocarcinoma high grade,0.21907250583171844,0.21907250583171844,52,0.9871685711967795,47,0,4,0,0,0,0,0,0,0,0,0,1,0.9038461538461539,0.0,0.07692307692307693,0.0,0.0,0.0,0.0,0.0,0.0,0.0,0.0,0.0,0.019230769230769232
0299,0944945,Adenocarcinoma high grade,0.2124381959438324,0.2124381959438324,77,0.9697999719300923,74,1,1,0,0,0,0,0,0,0,0,0,1,0.961038961038961,0.012987012987012988,0.012987012987012988,0.0,0.0,0.0,0.0,0.0,0.0,0.0,0.0,0.0,0.012987012987012988
0299,1001714,Adenocarcinoma high grade,0.2128429114818573,0.2128429114818573,76,0.9900793093555632,73,0,3,0,0,0,0,0,0,0,0,0,0,0.9605263157894737,0.0,0.039473684210526314,0.0,0.0,0.0,0.0,0.0,0.0,0.0,0.0,0.0,0.0
0299,1012560,Adenocarcinoma high grade,0.19497251510620117,0.19497251510620117,37,0.9677338297839866,17,10,3,0,0,0,5,0,0,0,0,0,2,0.4594594594594595,0.2702702702702703,0.08108108108108109,0.0,0.0,0.0,0.13513513513513514,0.0,0.0,0.0,0.0,0.0,0.05405405405405406
0341,0601724,Adenocarcinoma high grade,0.14909742772579193,0.14909742772579193,10,0.9559326795030744,10,0,0,0,0,0,0,0,0,0,0,0,0,1.0,0.0,0.0,0.0,0.0,0.0,0.0,0.0,0.0,0.0,0.0,0.0,0.0
0346,0251346,Adenocarcinoma high grade,0.17174041271209717,0.17174041271209717,35,0.9885585093626202,35,0,0,0,0,0,0,0,0,0,0,0,0,1.0,0.0,0.0,0.0,0.0,0.0,0.0,0.0,0.0,0.0,0.0,0.0,0.0
0357,0006291,Adenocarcinoma high grade,0.3978617787361145,0.3978617787361145,40,0.9670470286389345,33,0,3,0,0,1,2,0,0,0,0,0,1,0.825,0.0,0.075,0.0,0.0,0.025,0.05,0.0,0.0,0.0,0.0,0.0,0.025
0357,0649613,Adenocarcinoma high grade,0.42128458619117737,0.42128458619117737,45,0.9269858873219489,30,0,2,0,0,7,4,0,0,0,0,0,2,0.6666666666666666,0.0,0.044444444444444446,0.0,0.0,0.15555555555555556,0.08888888888888889,0.0,0.0,0.0,0.0,0.0,0.044444444444444446
0357,0779671,Adenocarcinoma high grade,0.4098729193210602,0.4098729193210602,32,0.9815371185772368,18,4,6,0,0,1,1,0,0,0,1,0,1,0.5625,0.125,0.1875,0.0,0.0,0.03125,0.03125,0.0,0.0,0.0,0.03125,0.0,0.03125
0365,0006612,Adenocarcinoma high grade,0.3830409646034241,0.3830409646034241,53,0.9879923378648604,52,0,0,0,0,0,0,0,1,0,0,0,0,0.9811320754716981,0.0,0.0,0.0,0.0,0.0,0.0,0.0,0.018867924528301886,0.0,0.0,0.0,0.0
0365,0036660,Adenocarcinoma high grade,0.3963591456413269,0.3963591456413269,53,0.9687015506947857,48,0,3,0,0,0,2,0,0,0,0,0,0,0.9056603773584906,0.0,0.05660377358490566,0.0,0.0,0.0,0.03773584905660377,0.0,0.0,0.0,0.0,0.0,0.0
0365,0036958,Adenocarcinoma high grade,0.4059619903564453,0.4059619903564453,58,0.9928561416660832,55,0,3,0,0,0,0,0,0,0,0,0,0,0.9482758620689655,0.0,0.05172413793103448,0.0,0.0,0.0,0.0,0.0,0.0,0.0,0.0,0.0,0.0
0365,0049948,Adenocarcinoma high grade,0.41207218170166016,0.41207218170166016,52,0.9894824629308059,42,0,0,0,0,2,1,0,0,0,0,0,7,0.8076923076923077,0.0,0.0,0.0,0.0,0.038461538461538464,0.019230769230769232,0.0,0.0,0.0,0.0,0.0,0.1346153846153846
0365,0054197,Adenocarcinoma high grade,0.36664244532585144,0.36664244532585144,64,0.9911173780632982,54,0,5,0,0,0,0,0,0,0,0,0,5,0.84375,0.0,0.078125,0.0,0.0,0.0,0.0,0.0,0.0,0.0,0.0,0.0,0.078125
0365,0063823,Adenocarcinoma high grade,0.4121238887310028,0.4121238887310028,67,0.9822492073252266,63,0,0,0,0,0,4,0,0,0,0,0,0,0.9402985074626866,0.0,0.0,0.0,0.0,0.0,0.05970149253731343,0.0,0.0,0.0,0.0,0.0,0.0
0365,0091329,Adenocarcinoma high grade,0.4024340808391571,0.4024340808391571,71,0.9687852518662198,60,0,6,0,0,0,2,0,2,0,0,1,0,0.8450704225352113,0.0,0.08450704225352113,0.0,0.0,0.0,0.028169014084507043,0.0,0.028169014084507043,0.0,0.0,0.014084507042253521,0.0
0365,0106808,Adenocarcinoma high grade,0.3890153467655182,0.3890153467655182,58,0.9784351253007586,51,0,5,1,0,0,1,0,0,0,0,0,0,0.8793103448275862,0.0,0.08620689655172414,0.017241379310344827,0.0,0.0,0.017241379310344827,0.0,0.0,0.0,0.0,0.0,0.0
0365,0141730,Adenocarcinoma high grade,0.3816346526145935,0.3816346526145935,52,0.9861571636145589,47,1,3,0,0,0,1,0,0,0,0,0,0,0.9038461538461539,0.019230769230769232,0.057692307692307696,0.0,0.0,0.0,0.019230769230769232,0.0,0.0,0.0,0.0,0.0,0.0
0365,0199642,Adenocarcinoma high grade,0.38977640867233276,0.38977640867233276,64,0.9926801742383936,61,1,1,0,0,0,1,0,0,0,0,0,0,0.953125,0.015625,0.015625,0.0,0.0,0.0,0.015625,0.0,0.0,0.0,0.0,0.0,0.0
0365,0241292,Adenocarcinoma high grade,0.3462134599685669,0.3462134599685669,63,0.998236584932467,56,0,3,0,0,0,4,0,0,0,0,0,0,0.8888888888888888,0.0,0.047619047619047616,0.0,0.0,0.0,0.06349206349206349,0.0,0.0,0.0,0.0,0.0,0.0
0365,0242600,Adenocarcinoma high grade,0.38661834597587585,0.38661834597587585,63,0.9897693217554964,52,2,8,0,0,0,1,0,0,0,0,0,0,0.8253968253968254,0.031746031746031744,0.12698412698412698,0.0,0.0,0.0,0.015873015873015872,0.0,0.0,0.0,0.0,0.0,0.0
0365,0247469,Adenocarcinoma high grade,0.3797837197780609,0.3797837197780609,47,0.9908957701685575,45,0,0,0,0,0,1,0,0,0,0,0,1,0.9574468085106383,0.0,0.0,0.0,0.0,0.0,0.02127659574468085,0.0,0.0,0.0,0.0,0.0,0.02127659574468085
0365,0247932,Adenocarcinoma high grade,0.4022955298423767,0.4022955298423767,59,0.9641300058641497,44,2,2,0,0,5,4,0,0,0,0,0,2,0.7457627118644068,0.03389830508474576,0.03389830508474576,0.0,0.0,0.0847457627118644,0.06779661016949153,0.0,0.0,0.0,0.0,0.0,0.03389830508474576
0365,0278154,Adenocarcinoma high grade,0.3818933069705963,0.3818933069705963,59,0.9348512802785505,44,2,4,1,0,1,6,0,0,0,0,0,1,0.7457627118644068,0.03389830508474576,0.06779661016949153,0.01694915254237288,0.0,0.01694915254237288,0.1016949152542373,0.0,0.0,0.0,0.0,0.0,0.01694915254237288
0365,0302197,Adenocarcinoma high grade,0.3734084963798523,0.3734084963798523,74,0.9957402433310492,71,0,2,0,0,0,0,0,0,0,0,0,1,0.9594594594594594,0.0,0.02702702702702703,0.0,0.0,0.0,0.0,0.0,0.0,0.0,0.0,0.0,0.013513513513513514
0365,0302470,Adenocarcinoma high grade,0.392316997051239,0.392316997051239,58,0.9682502387637538,48,2,5,0,0,0,1,0,1,0,0,0,1,0.8275862068965517,0.034482758620689655,0.08620689655172414,0.0,0.0,0.0,0.017241379310344827,0.0,0.017241379310344827,0.0,0.0,0.0,0.017241379310344827
0365,0349402,Adenocarcinoma high grade,0.3943106532096863,0.3943106532096863,74,0.9561464809032854,64,6,2,0,0,0,2,0,0,0,0,0,0,0.8648648648648649,0.08108108108108109,0.02702702702702703,0.0,0.0,0.0,0.02702702702702703,0.0,0.0,0.0,0.0,0.0,0.0
0365,0372540,Adenocarcinoma high grade,0.38882991671562195,0.38882991671562195,44,0.9990577641377733,39,0,1,1,0,0,3,0,0,0,0,0,0,0.8863636363636364,0.0,0.022727272727272728,0.022727272727272728,0.0,0.0,0.06818181818181818,0.0,0.0,0.0,0.0,0.0,0.0
0365,0385630,Adenocarcinoma high grade,0.3949320316314697,0.3949320316314697,60,0.9881617920326581,51,0,2,0,0,0,0,0,0,0,0,0,7,0.85,0.0,0.03333333333333333,0.0,0.0,0.0,0.0,0.0,0.0,0.0,0.0,0.0,0.11666666666666667
0365,0407719,Adenocarcinoma high grade,0.3923441767692566,0.3923441767692566,48,0.9730071465842395,37,0,3,1,0,0,5,0,0,0,0,0,2,0.7708333333333334,0.0,0.0625,0.020833333333333332,0.0,0.0,0.10416666666666667,0.0,0.0,0.0,0.0,0.0,0.041666666666666664
0365,0420420,Adenocarcinoma high grade,0.38845258951187134,0.38845258951187134,55,0.9942712387808877,52,0,1,0,0,0,1,0,0,0,0,0,1,0.9454545454545454,0.0,0.01818181818181818,0.0,0.0,0.0,0.01818181818181818,0.0,0.0,0.0,0.0,0.0,0.01818181818181818
0365,0437777,Adenocarcinoma high grade,0.3977285623550415,0.3977285623550415,59,0.9938677981446629,57,0,1,0,0,0,1,0,0,0,0,0,0,0.9661016949152542,0.0,0.01694915254237288,0.0,0.0,0.0,0.01694915254237288,0.0,0.0,0.0,0.0,0.0,0.0
0365,0453613,Adenocarcinoma high grade,0.38103070855140686,0.38103070855140686,56,0.9915065333597983,48,0,3,0,0,0,5,0,0,0,0,0,0,0.8571428571428571,0.0,0.05357142857142857,0.0,0.0,0.0,0.08928571428571429,0.0,0.0,0.0,0.0,0.0,0.0
0365,0457354,Adenocarcinoma high grade,0.39263859391212463,0.39263859391212463,63,0.9232421668304628,41,10,0,2,0,1,6,1,0,0,1,0,1,0.6507936507936508,0.15873015873015872,0.0,0.031746031746031744,0.0,0.015873015873015872,0.09523809523809523,0.015873015873015872,0.0,0.0,0.015873015873015872,0.0,0.015873015873015872
0365,0530777,Adenocarcinoma high grade,0.4010070562362671,0.4010070562362671,75,0.9765288324273165,68,0,3,0,0,0,3,0,0,0,0,0,1,0.9066666666666666,0.0,0.04,0.0,0.0,0.0,0.04,0.0,0.0,0.0,0.0,0.0,0.013333333333333334
0365,0535357,Adenocarcinoma high grade,0.38925644755363464,0.38925644755363464,72,0.9993890654518123,69,0,0,0,0,0,2,0,0,0,0,0,1,0.9583333333333334,0.0,0.0,0.0,0.0,0.0,0.027777777777777776,0.0,0.0,0.0,0.0,0.0,0.013888888888888888
0365,0539556,Adenocarcinoma high grade,0.397287517786026,0.397287517786026,53,0.9752005159982234,47,0,2,0,0,2,2,0,0,0,0,0,0,0.8867924528301887,0.0,0.03773584905660377,0.0,0.0,0.03773584905660377,0.03773584905660377,0.0,0.0,0.0,0.0,0.0,0.0
0365,0545096,Adenocarcinoma high grade,0.3822861611843109,0.3822861611843109,57,0.922852584591679,34,3,11,6,0,0,3,0,0,0,0,0,0,0.5964912280701754,0.05263157894736842,0.19298245614035087,0.10526315789473684,0.0,0.0,0.05263157894736842,0.0,0.0,0.0,0.0,0.0,0.0
0365,0548363,Adenocarcinoma high grade,0.39934682846069336,0.39934682846069336,66,0.9925496689853993,63,0,0,0,0,0,2,0,0,0,0,0,1,0.9545454545454546,0.0,0.0,0.0,0.0,0.0,0.030303030303030304,0.0,0.0,0.0,0.0,0.0,0.015151515151515152
0365,0576610,Adenocarcinoma high grade,0.38546714186668396,0.38546714186668396,70,0.9563477987466795,54,4,0,1,0,1,1,0,0,0,1,0,8,0.7714285714285715,0.05714285714285714,0.0,0.014285714285714285,0.0,0.014285714285714285,0.014285714285714285,0.0,0.0,0.0,0.014285714285714285,0.0,0.11428571428571428
0365,0586666,Adenocarcinoma high grade,0.39658042788505554,0.39658042788505554,61,0.9966332780893357,61,0,0,0,0,0,0,0,0,0,0,0,0,1.0,0.0,0.0,0.0,0.0,0.0,0.0,0.0,0.0,0.0,0.0,0.0,0.0
0365,0623799,Adenocarcinoma high grade,0.3774802088737488,0.3774802088737488,46,0.9828361971823777,35,1,6,0,0,0,2,0,1,0,0,0,1,0.7608695652173914,0.021739130434782608,0.13043478260869565,0.0,0.0,0.0,0.043478260869565216,0.0,0.021739130434782608,0.0,0.0,0.0,0.021739130434782608
0365,0666842,Adenocarcinoma high grade,0.39043155312538147,0.39043155312538147,51,0.9525327366340426,46,0,1,0,0,0,2,0,1,0,0,0,1,0.9019607843137255,0.0,0.0196078431372549,0.0,0.0,0.0,0.0392156862745098,0.0,0.0196078431372549,0.0,0.0,0.0,0.0196078431372549
0365,0695808,Adenocarcinoma high grade,0.4036464989185333,0.4036464989185333,62,0.9415351931808716,53,1,2,0,0,0,1,2,0,0,0,0,3,0.8548387096774194,0.016129032258064516,0.03225806451612903,0.0,0.0,0.0,0.016129032258064516,0.03225806451612903,0.0,0.0,0.0,0.0,0.04838709677419355
0365,0698766,Adenocarcinoma high grade,0.3875989317893982,0.3875989317893982,48,0.9615487721721733,39,1,1,0,0,1,1,0,0,0,0,0,5,0.8125,0.020833333333333332,0.020833333333333332,0.0,0.0,0.020833333333333332,0.020833333333333332,0.0,0.0,0.0,0.0,0.0,0.10416666666666667
0365,0705841,Adenocarcinoma high grade,0.3877131938934326,0.3877131938934326,51,0.9760994712735414,45,0,2,0,0,0,3,0,0,0,0,1,0,0.8823529411764706,0.0,0.0392156862745098,0.0,0.0,0.0,0.058823529411764705,0.0,0.0,0.0,0.0,0.0196078431372549,0.0
0365,0713343,Adenocarcinoma high grade,0.41174712777137756,0.41174712777137756,62,0.9888862976650019,55,0,3,0,0,1,2,0,0,0,0,0,1,0.8870967741935484,0.0,0.04838709677419355,0.0,0.0,0.016129032258064516,0.03225806451612903,0.0,0.0,0.0,0.0,0.0,0.016129032258064516
0365,0748358,Adenocarcinoma high grade,0.4033074975013733,0.4033074975013733,57,0.9444536526903379,43,6,3,0,0,1,3,0,0,0,0,0,1,0.7543859649122807,0.10526315789473684,0.05263157894736842,0.0,0.0,0.017543859649122806,0.05263157894736842,0.0,0.0,0.0,0.0,0.0,0.017543859649122806
0365,0770536,Adenocarcinoma high grade,0.38464292883872986,0.38464292883872986,74,0.9674141662587274,66,1,5,0,0,0,2,0,0,0,0,0,0,0.8918918918918919,0.013513513513513514,0.06756756756756757,0.0,0.0,0.0,0.02702702702702703,0.0,0.0,0.0,0.0,0.0,0.0
0365,0832572,Adenocarcinoma high grade,0.3913499116897583,0.3913499116897583,65,0.9795176708633799,62,0,1,0,0,0,2,0,0,0,0,0,0,0.9538461538461539,0.0,0.015384615384615385,0.0,0.0,0.0,0.03076923076923077,0.0,0.0,0.0,0.0,0.0,0.0
0365,0848777,Adenocarcinoma high grade,0.33952248096466064,0.33952248096466064,56,0.955256443684955,53,0,0,0,0,1,2,0,0,0,0,0,0,0.9464285714285714,0.0,0.0,0.0,0.0,0.017857142857142856,0.03571428571428571,0.0,0.0,0.0,0.0,0.0,0.0
0365,0924395,Adenocarcinoma high grade,0.3740842044353485,0.3740842044353485,82,0.9885646427116139,79,0,2,0,0,0,0,0,1,0,0,0,0,0.9634146341463414,0.0,0.024390243902439025,0.0,0.0,0.0,0.0,0.0,0.012195121951219513,0.0,0.0,0.0,0.0
0365,0931472,Adenocarcinoma high grade,0.39331480860710144,0.39331480860710144,51,0.8811899443107565,30,2,2,0,0,3,13,0,0,0,0,0,1,0.5882352941176471,0.0392156862745098,0.0392156862745098,0.0,0.0,0.058823529411764705,0.2549019607843137,0.0,0.0,0.0,0.0,0.0,0.0196078431372549
0365,0936431,Adenocarcinoma high grade,0.38810908794403076,0.38810908794403076,44,0.9850967859335937,38,0,3,0,0,0,2,0,1,0,0,0,0,0.8636363636363636,0.0,0.06818181818181818,0.0,0.0,0.0,0.045454545454545456,0.0,0.022727272727272728,0.0,0.0,0.0,0.0
0365,0941915,Adenocarcinoma high grade,0.3714388608932495,0.3714388608932495,70,0.9675218466674789,64,0,3,0,0,0,3,0,0,0,0,0,0,0.9142857142857143,0.0,0.04285714285714286,0.0,0.0,0.0,0.04285714285714286,0.0,0.0,0.0,0.0,0.0,0.0
0365,0958638,Adenocarcinoma high grade,0.40053996443748474,0.40053996443748474,48,0.9659136493405613,37,1,5,0,0,0,3,0,0,0,0,0,2,0.7708333333333334,0.020833333333333332,0.10416666666666667,0.0,0.0,0.0,0.0625,0.0,0.0,0.0,0.0,0.0,0.041666666666666664
0365,0965882,Adenocarcinoma high grade,0.3768877387046814,0.3768877387046814,63,0.9635813611733617,42,3,5,1,0,5,4,0,0,0,0,0,3,0.6666666666666666,0.047619047619047616,0.07936507936507936,0.015873015873015872,0.0,0.07936507936507936,0.06349206349206349,0.0,0.0,0.0,0.0,0.0,0.047619047619047616
0365,0994018,Adenocarcinoma high grade,0.4088859558105469,0.4088859558105469,68,0.9015723126985303,33,11,10,0,0,0,10,0,0,0,2,0,2,0.4852941176470588,0.16176470588235295,0.14705882352941177,0.0,0.0,0.0,0.14705882352941177,0.0,0.0,0.0,0.029411764705882353,0.0,0.029411764705882353
0365,1001021,Adenocarcinoma high grade,0.40850698947906494,0.40850698947906494,50,0.9813352980064827,45,0,1,0,0,1,2,0,0,0,0,0,1,0.9,0.0,0.02,0.0,0.0,0.02,0.04,0.0,0.0,0.0,0.0,0.0,0.02
0373,0881128,Adenocarcinoma high grade,0.2212289571762085,0.2212289571762085,164,0.9710167138255499,7,149,4,0,0,0,4,0,0,0,0,0,0,0.042682926829268296,0.9085365853658537,0.024390243902439025,0.0,0.0,0.0,0.024390243902439025,0.0,0.0,0.0,0.0,0.0,0.0
0377,0265308,Adenocarcinoma high grade,0.17881697416305542,0.17881697416305542,66,0.873779400064035,34,0,4,1,0,4,3,1,3,0,0,0,16,0.5151515151515151,0.0,0.06060606060606061,0.015151515151515152,0.0,0.06060606060606061,0.045454545454545456,0.015151515151515152,0.045454545454545456,0.0,0.0,0.0,0.24242424242424243
0388,0051064,Adenocarcinoma high grade,0.12057960033416748,0.12057960033416748,48,0.9986951616618164,47,1,0,0,0,0,0,0,0,0,0,0,0,0.9791666666666666,0.020833333333333332,0.0,0.0,0.0,0.0,0.0,0.0,0.0,0.0,0.0,0.0,0.0
0401,0552998,Adenocarcinoma high grade,0.22313058376312256,0.22313058376312256,67,0.973745153209396,63,1,1,0,0,0,0,0,0,0,0,0,2,0.9402985074626866,0.014925373134328358,0.014925373134328358,0.0,0.0,0.0,0.0,0.0,0.0,0.0,0.0,0.0,0.029850746268656716
0404,0674495,Adenocarcinoma high grade,0.24550728499889374,0.24550728499889374,47,0.9989790267780891,46,0,0,0,0,0,1,0,0,0,0,0,0,0.9787234042553191,0.0,0.0,0.0,0.0,0.0,0.02127659574468085,0.0,0.0,0.0,0.0,0.0,0.0
0421,0731607,Adenocarcinoma high grade,0.44158807396888733,0.44158807396888733,60,0.9872550774519128,58,2,0,0,0,0,0,0,0,0,0,0,0,0.9666666666666667,0.03333333333333333,0.0,0.0,0.0,0.0,0.0,0.0,0.0,0.0,0.0,0.0,0.0
0450,1026145,Adenocarcinoma high grade,0.1604650765657425,0.1604650765657425,57,0.9733492185337637,26,8,6,2,0,6,5,0,4,0,0,0,0,0.45614035087719296,0.14035087719298245,0.10526315789473684,0.03508771929824561,0.0,0.10526315789473684,0.08771929824561403,0.0,0.07017543859649122,0.0,0.0,0.0,0.0
0455,0013226,Adenocarcinoma high grade,0.3909762501716614,0.3909762501716614,53,0.9787865116246764,49,1,3,0,0,0,0,0,0,0,0,0,0,0.9245283018867925,0.018867924528301886,0.05660377358490566,0.0,0.0,0.0,0.0,0.0,0.0,0.0,0.0,0.0,0.0
0455,0027059,Adenocarcinoma high grade,0.38896092772483826,0.38896092772483826,17,0.9716823241182634,15,1,1,0,0,0,0,0,0,0,0,0,0,0.8823529411764706,0.058823529411764705,0.058823529411764705,0.0,0.0,0.0,0.0,0.0,0.0,0.0,0.0,0.0,0.0
0455,0110270,Adenocarcinoma high grade,0.36232808232307434,0.36232808232307434,49,0.9904663570308383,49,0,0,0,0,0,0,0,0,0,0,0,0,1.0,0.0,0.0,0.0,0.0,0.0,0.0,0.0,0.0,0.0,0.0,0.0,0.0
0455,0194577,Adenocarcinoma high grade,0.39620473980903625,0.39620473980903625,40,0.9342868065318253,17,12,8,2,0,0,1,0,0,0,0,0,0,0.425,0.3,0.2,0.05,0.0,0.0,0.025,0.0,0.0,0.0,0.0,0.0,0.0
0455,0222940,Adenocarcinoma high grade,0.3717420697212219,0.3717420697212219,48,0.9157692841373003,22,4,8,2,0,0,10,0,0,0,0,0,2,0.4583333333333333,0.08333333333333333,0.16666666666666666,0.041666666666666664,0.0,0.0,0.20833333333333334,0.0,0.0,0.0,0.0,0.0,0.041666666666666664
0455,0222963,Adenocarcinoma high grade,0.40571221709251404,0.40571221709251404,46,0.9663801467376597,33,6,3,3,0,0,0,0,0,0,0,0,1,0.717391304347826,0.13043478260869565,0.06521739130434782,0.06521739130434782,0.0,0.0,0.0,0.0,0.0,0.0,0.0,0.0,0.021739130434782608
0455,0231279,Adenocarcinoma high grade,0.37504270672798157,0.37504270672798157,25,0.9849366461250985,24,0,1,0,0,0,0,0,0,0,0,0,0,0.96,0.0,0.04,0.0,0.0,0.0,0.0,0.0,0.0,0.0,0.0,0.0,0.0
0455,0247548,Adenocarcinoma high grade,0.3420080244541168,0.3420080244541168,35,0.9610847943301077,34,0,0,1,0,0,0,0,0,0,0,0,0,0.9714285714285714,0.0,0.0,0.02857142857142857,0.0,0.0,0.0,0.0,0.0,0.0,0.0,0.0,0.0
0455,0265989,Adenocarcinoma high grade,0.3941749930381775,0.3941749930381775,33,0.9581398419297091,29,1,3,0,0,0,0,0,0,0,0,0,0,0.8787878787878788,0.030303030303030304,0.09090909090909091,0.0,0.0,0.0,0.0,0.0,0.0,0.0,0.0,0.0,0.0
0455,0284516,Adenocarcinoma high grade,0.367638498544693,0.367638498544693,50,0.9798952145145802,46,4,0,0,0,0,0,0,0,0,0,0,0,0.92,0.08,0.0,0.0,0.0,0.0,0.0,0.0,0.0,0.0,0.0,0.0,0.0
0455,0301192,Adenocarcinoma high grade,0.3788953423500061,0.3788953423500061,29,0.968378657690562,28,0,1,0,0,0,0,0,0,0,0,0,0,0.9655172413793104,0.0,0.034482758620689655,0.0,0.0,0.0,0.0,0.0,0.0,0.0,0.0,0.0,0.0
0455,0304040,Adenocarcinoma high grade,0.4269747734069824,0.4269747734069824,62,0.9559700551730692,56,4,2,0,0,0,0,0,0,0,0,0,0,0.9032258064516129,0.06451612903225806,0.03225806451612903,0.0,0.0,0.0,0.0,0.0,0.0,0.0,0.0,0.0,0.0
0455,0320009,Adenocarcinoma high grade,0.3646080195903778,0.3646080195903778,50,0.9805142161776831,46,1,2,1,0,0,0,0,0,0,0,0,0,0.92,0.02,0.04,0.02,0.0,0.0,0.0,0.0,0.0,0.0,0.0,0.0,0.0
0455,0337004,Adenocarcinoma high grade,0.38778525590896606,0.38778525590896606,26,0.9682047531105126,25,0,0,0,0,0,0,0,1,0,0,0,0,0.9615384615384616,0.0,0.0,0.0,0.0,0.0,0.0,0.0,0.038461538461538464,0.0,0.0,0.0,0.0
0455,0361798,Adenocarcinoma high grade,0.39181339740753174,0.39181339740753174,45,0.9514223091731624,36,6,3,0,0,0,0,0,0,0,0,0,0,0.8,0.13333333333333333,0.06666666666666667,0.0,0.0,0.0,0.0,0.0,0.0,0.0,0.0,0.0,0.0
0455,0363838,Adenocarcinoma high grade,0.3938523530960083,0.3938523530960083,37,0.978125359269941,37,0,0,0,0,0,0,0,0,0,0,0,0,1.0,0.0,0.0,0.0,0.0,0.0,0.0,0.0,0.0,0.0,0.0,0.0,0.0
0455,0414860,Adenocarcinoma high grade,0.41407373547554016,0.41407373547554016,55,0.9946216069202344,54,0,0,0,0,0,0,0,0,0,0,0,1,0.9818181818181818,0.0,0.0,0.0,0.0,0.0,0.0,0.0,0.0,0.0,0.0,0.0,0.01818181818181818
0455,0422073,Adenocarcinoma high grade,0.37889355421066284,0.37889355421066284,39,0.924799404557421,36,0,0,1,0,0,0,0,0,0,0,0,2,0.9230769230769231,0.0,0.0,0.02564102564102564,0.0,0.0,0.0,0.0,0.0,0.0,0.0,0.0,0.05128205128205128
0455,0434949,Adenocarcinoma high grade,0.29826876521110535,0.29826876521110535,39,0.9993760755508848,39,0,0,0,0,0,0,0,0,0,0,0,0,1.0,0.0,0.0,0.0,0.0,0.0,0.0,0.0,0.0,0.0,0.0,0.0,0.0
0455,0444936,Adenocarcinoma high grade,0.3802295923233032,0.3802295923233032,53,0.9687067956996053,48,1,4,0,0,0,0,0,0,0,0,0,0,0.9056603773584906,0.018867924528301886,0.07547169811320754,0.0,0.0,0.0,0.0,0.0,0.0,0.0,0.0,0.0,0.0
0455,0454231,Adenocarcinoma high grade,0.38121870160102844,0.38121870160102844,32,0.9587251742581989,31,0,0,1,0,0,0,0,0,0,0,0,0,0.96875,0.0,0.0,0.03125,0.0,0.0,0.0,0.0,0.0,0.0,0.0,0.0,0.0
0455,0459933,Adenocarcinoma high grade,0.3916764557361603,0.3916764557361603,54,0.9534502480008767,49,0,5,0,0,0,0,0,0,0,0,0,0,0.9074074074074074,0.0,0.09259259259259259,0.0,0.0,0.0,0.0,0.0,0.0,0.0,0.0,0.0,0.0
0455,0485997,Adenocarcinoma high grade,0.3889046013355255,0.3889046013355255,38,0.9553159346950872,26,4,4,0,0,0,1,0,2,0,1,0,0,0.6842105263157895,0.10526315789473684,0.10526315789473684,0.0,0.0,0.0,0.02631578947368421,0.0,0.05263157894736842,0.0,0.02631578947368421,0.0,0.0
0455,0508090,Adenocarcinoma high grade,0.39219313859939575,0.39219313859939575,47,0.9240921761883302,24,9,3,2,0,0,8,0,0,0,0,0,1,0.5106382978723404,0.19148936170212766,0.06382978723404255,0.0425531914893617,0.0,0.0,0.1702127659574468,0.0,0.0,0.0,0.0,0.0,0.02127659574468085
0455,0540921,Adenocarcinoma high grade,0.38827672600746155,0.38827672600746155,34,0.9573000412424463,34,0,0,0,0,0,0,0,0,0,0,0,0,1.0,0.0,0.0,0.0,0.0,0.0,0.0,0.0,0.0,0.0,0.0,0.0,0.0
0455,0593152,Adenocarcinoma high grade,0.4033419191837311,0.4033419191837311,37,0.9566269456583306,31,3,1,0,0,0,2,0,0,0,0,0,0,0.8378378378378378,0.08108108108108109,0.02702702702702703,0.0,0.0,0.0,0.05405405405405406,0.0,0.0,0.0,0.0,0.0,0.0
0455,0608752,Adenocarcinoma high grade,0.3626334071159363,0.3626334071159363,39,0.9991261359225728,38,1,0,0,0,0,0,0,0,0,0,0,0,0.9743589743589743,0.02564102564102564,0.0,0.0,0.0,0.0,0.0,0.0,0.0,0.0,0.0,0.0,0.0
0455,0652436,Adenocarcinoma high grade,0.3821903169155121,0.3821903169155121,41,0.9459381039874765,39,0,1,1,0,0,0,0,0,0,0,0,0,0.9512195121951219,0.0,0.024390243902439025,0.024390243902439025,0.0,0.0,0.0,0.0,0.0,0.0,0.0,0.0,0.0
0455,0679037,Adenocarcinoma high grade,0.3645118772983551,0.3645118772983551,50,0.9765947980573796,48,0,2,0,0,0,0,0,0,0,0,0,0,0.96,0.0,0.04,0.0,0.0,0.0,0.0,0.0,0.0,0.0,0.0,0.0,0.0
0455,0682850,Adenocarcinoma high grade,0.3739066421985626,0.3739066421985626,31,0.9431231902604721,24,2,5,0,0,0,0,0,0,0,0,0,0,0.7741935483870968,0.06451612903225806,0.16129032258064516,0.0,0.0,0.0,0.0,0.0,0.0,0.0,0.0,0.0,0.0
0455,0688923,Adenocarcinoma high grade,0.4133184850215912,0.4133184850215912,45,0.9445695206310324,39,0,4,0,0,0,2,0,0,0,0,0,0,0.8666666666666667,0.0,0.08888888888888889,0.0,0.0,0.0,0.044444444444444446,0.0,0.0,0.0,0.0,0.0,0.0
0455,0723027,Adenocarcinoma high grade,0.39524564146995544,0.39524564146995544,117,0.962845774952217,19,91,6,1,0,0,0,0,0,0,0,0,0,0.1623931623931624,0.7777777777777778,0.05128205128205128,0.008547008547008548,0.0,0.0,0.0,0.0,0.0,0.0,0.0,0.0,0.0
0455,0746607,Adenocarcinoma high grade,0.3833773136138916,0.3833773136138916,43,0.9368620383864873,35,0,3,0,0,0,3,0,0,0,0,0,2,0.813953488372093,0.0,0.06976744186046512,0.0,0.0,0.0,0.06976744186046512,0.0,0.0,0.0,0.0,0.0,0.046511627906976744
0455,0763374,Adenocarcinoma high grade,0.35144808888435364,0.35144808888435364,39,0.9858450375768052,39,0,0,0,0,0,0,0,0,0,0,0,0,1.0,0.0,0.0,0.0,0.0,0.0,0.0,0.0,0.0,0.0,0.0,0.0,0.0
0455,0768811,Adenocarcinoma high grade,0.3792142868041992,0.3792142868041992,27,0.9226460554085391,22,2,0,0,0,0,1,0,0,0,0,0,2,0.8148148148148148,0.07407407407407407,0.0,0.0,0.0,0.0,0.037037037037037035,0.0,0.0,0.0,0.0,0.0,0.07407407407407407
0455,0771690,Adenocarcinoma high grade,0.38370299339294434,0.38370299339294434,32,0.9620585760248155,31,0,1,0,0,0,0,0,0,0,0,0,0,0.96875,0.0,0.03125,0.0,0.0,0.0,0.0,0.0,0.0,0.0,0.0,0.0,0.0
0455,0786377,Adenocarcinoma high grade,0.3669912815093994,0.3669912815093994,34,0.9743197079876469,29,1,3,0,0,0,0,0,1,0,0,0,0,0.8529411764705882,0.029411764705882353,0.08823529411764706,0.0,0.0,0.0,0.0,0.0,0.029411764705882353,0.0,0.0,0.0,0.0
0455,0933434,Adenocarcinoma high grade,0.3775164783000946,0.3775164783000946,33,0.9863419849571071,32,0,1,0,0,0,0,0,0,0,0,0,0,0.9696969696969697,0.0,0.030303030303030304,0.0,0.0,0.0,0.0,0.0,0.0,0.0,0.0,0.0,0.0
0455,0941138,Adenocarcinoma high grade,0.372090220451355,0.372090220451355,28,0.9653561360396159,26,0,0,0,0,0,1,0,0,0,0,0,1,0.9285714285714286,0.0,0.0,0.0,0.0,0.0,0.03571428571428571,0.0,0.0,0.0,0.0,0.0,0.03571428571428571
0455,0944683,Adenocarcinoma high grade,0.3997207581996918,0.3997207581996918,33,0.903084004377592,23,2,4,0,0,0,2,0,0,0,0,0,2,0.696969696969697,0.06060606060606061,0.12121212121212122,0.0,0.0,0.0,0.06060606060606061,0.0,0.0,0.0,0.0,0.0,0.06060606060606061
0455,0948062,Adenocarcinoma high grade,0.34284621477127075,0.34284621477127075,40,0.9948666661348723,39,0,1,0,0,0,0,0,0,0,0,0,0,0.975,0.0,0.025,0.0,0.0,0.0,0.0,0.0,0.0,0.0,0.0,0.0,0.0
0455,0963725,Adenocarcinoma high grade,0.35961323976516724,0.35961323976516724,46,0.9832413413838866,39,0,3,0,0,0,4,0,0,0,0,0,0,0.8478260869565217,0.0,0.06521739130434782,0.0,0.0,0.0,0.08695652173913043,0.0,0.0,0.0,0.0,0.0,0.0
0455,0973218,Adenocarcinoma high grade,0.39552974700927734,0.39552974700927734,45,0.9824997143431058,41,0,1,0,0,0,3,0,0,0,0,0,0,0.9111111111111111,0.0,0.022222222222222223,0.0,0.0,0.0,0.06666666666666667,0.0,0.0,0.0,0.0,0.0,0.0
0455,0974956,Adenocarcinoma high grade,0.3582674264907837,0.3582674264907837,38,0.9617071766020929,36,0,1,0,0,0,0,0,0,0,0,0,1,0.9473684210526315,0.0,0.02631578947368421,0.0,0.0,0.0,0.0,0.0,0.0,0.0,0.0,0.0,0.02631578947368421
0455,0982660,Adenocarcinoma high grade,0.36641135811805725,0.36641135811805725,27,0.9735661339533174,26,0,0,0,0,0,1,0,0,0,0,0,0,0.9629629629629629,0.0,0.0,0.0,0.0,0.0,0.037037037037037035,0.0,0.0,0.0,0.0,0.0,0.0
0455,1012276,Adenocarcinoma high grade,0.287983238697052,0.287983238697052,41,0.9991915068435699,39,2,0,0,0,0,0,0,0,0,0,0,0,0.9512195121951219,0.04878048780487805,0.0,0.0,0.0,0.0,0.0,0.0,0.0,0.0,0.0,0.0,0.0
0455,1017988,Adenocarcinoma high grade,0.4075915217399597,0.4075915217399597,28,0.9639254702209016,21,1,6,0,0,0,0,0,0,0,0,0,0,0.75,0.03571428571428571,0.21428571428571427,0.0,0.0,0.0,0.0,0.0,0.0,0.0,0.0,0.0,0.0
0455,1020099,Adenocarcinoma high grade,0.42072102427482605,0.42072102427482605,60,0.9717883216558328,58,0,0,1,0,0,0,0,0,0,0,1,0,0.9666666666666667,0.0,0.0,0.016666666666666666,0.0,0.0,0.0,0.0,0.0,0.0,0.0,0.016666666666666666,0.0
0455,1020104,Adenocarcinoma high grade,0.40107086300849915,0.40107086300849915,41,0.9924204885186488,40,1,0,0,0,0,0,0,0,0,0,0,0,0.975609756097561,0.024390243902439025,0.0,0.0,0.0,0.0,0.0,0.0,0.0,0.0,0.0,0.0,0.0
0455,1021020,Adenocarcinoma high grade,0.3471859395503998,0.3471859395503998,45,0.9272094362213295,10,13,13,2,0,0,4,0,0,0,0,0,3,0.2222222222222222,0.28888888888888886,0.28888888888888886,0.044444444444444446,0.0,0.0,0.08888888888888889,0.0,0.0,0.0,0.0,0.0,0.06666666666666667
0485,0004680,Adenocarcinoma high grade,0.21521547436714172,0.21521547436714172,40,0.9693230339880051,39,0,0,0,0,0,0,0,0,0,0,0,1,0.975,0.0,0.0,0.0,0.0,0.0,0.0,0.0,0.0,0.0,0.0,0.0,0.025
0485,0173639,Adenocarcinoma high grade,0.21500200033187866,0.21500200033187866,43,0.9143483583552251,36,0,5,0,0,0,1,0,0,0,0,0,1,0.8372093023255814,0.0,0.11627906976744186,0.0,0.0,0.0,0.023255813953488372,0.0,0.0,0.0,0.0,0.0,0.023255813953488372
0485,0216678,Adenocarcinoma high grade,0.220269113779068,0.220269113779068,36,0.9480345444449798,26,5,1,1,0,0,0,0,0,0,0,0,3,0.7222222222222222,0.1388888888888889,0.027777777777777776,0.027777777777777776,0.0,0.0,0.0,0.0,0.0,0.0,0.0,0.0,0.08333333333333333
0485,0331589,Adenocarcinoma high grade,0.2233646661043167,0.2233646661043167,49,0.9662757350023345,39,1,0,0,0,1,1,0,3,0,0,0,4,0.7959183673469388,0.02040816326530612,0.0,0.0,0.0,0.02040816326530612,0.02040816326530612,0.0,0.061224489795918366,0.0,0.0,0.0,0.08163265306122448
0485,0417483,Adenocarcinoma high grade,0.21351918578147888,0.21351918578147888,46,0.9914718430066772,44,0,1,0,0,0,1,0,0,0,0,0,0,0.9565217391304348,0.0,0.021739130434782608,0.0,0.0,0.0,0.021739130434782608,0.0,0.0,0.0,0.0,0.0,0.0
0485,0489514,Adenocarcinoma high grade,0.2110966145992279,0.2110966145992279,45,0.971020308648644,42,0,1,0,0,0,1,0,0,0,0,0,1,0.9333333333333333,0.0,0.022222222222222223,0.0,0.0,0.0,0.022222222222222223,0.0,0.0,0.0,0.0,0.0,0.022222222222222223
0485,0555185,Adenocarcinoma high grade,0.25310763716697693,0.25310763716697693,42,0.9806126830089026,33,0,0,0,0,0,3,0,5,0,0,0,1,0.7857142857142857,0.0,0.0,0.0,0.0,0.0,0.07142857142857142,0.0,0.11904761904761904,0.0,0.0,0.0,0.023809523809523808
0485,0589810,Adenocarcinoma high grade,0.22452519834041595,0.22452519834041595,60,0.9837739315324174,44,0,7,0,0,2,5,0,0,0,0,0,2,0.7333333333333333,0.0,0.11666666666666667,0.0,0.0,0.03333333333333333,0.08333333333333333,0.0,0.0,0.0,0.0,0.0,0.03333333333333333
0485,0659589,Adenocarcinoma high grade,0.26282015442848206,0.26282015442848206,46,0.9610813179054244,42,1,1,0,0,0,0,0,1,0,0,0,1,0.9130434782608695,0.021739130434782608,0.021739130434782608,0.0,0.0,0.0,0.0,0.0,0.021739130434782608,0.0,0.0,0.0,0.021739130434782608
0485,0738750,Adenocarcinoma high grade,0.21023471653461456,0.21023471653461456,61,0.998042380165154,57,0,2,0,0,0,0,0,0,0,0,0,2,0.9344262295081968,0.0,0.03278688524590164,0.0,0.0,0.0,0.0,0.0,0.0,0.0,0.0,0.0,0.03278688524590164
0485,0753154,Adenocarcinoma high grade,0.20170411467552185,0.20170411467552185,65,0.9697565837953114,58,0,7,0,0,0,0,0,0,0,0,0,0,0.8923076923076924,0.0,0.1076923076923077,0.0,0.0,0.0,0.0,0.0,0.0,0.0,0.0,0.0,0.0
0485,0756357,Adenocarcinoma high grade,0.2944573163986206,0.2944573163986206,43,0.9943097421843753,42,0,1,0,0,0,0,0,0,0,0,0,0,0.9767441860465116,0.0,0.023255813953488372,0.0,0.0,0.0,0.0,0.0,0.0,0.0,0.0,0.0,0.0
0485,0799983,Adenocarcinoma high grade,0.2169787734746933,0.2169787734746933,55,0.929520929363903,47,0,6,0,0,0,0,0,0,0,0,0,2,0.8545454545454545,0.0,0.10909090909090909,0.0,0.0,0.0,0.0,0.0,0.0,0.0,0.0,0.0,0.03636363636363636
0485,0882902,Adenocarcinoma high grade,0.24758851528167725,0.24758851528167725,24,0.9593200758025103,5,7,8,0,0,0,4,0,0,0,0,0,0,0.20833333333333334,0.2916666666666667,0.3333333333333333,0.0,0.0,0.0,0.16666666666666666,0.0,0.0,0.0,0.0,0.0,0.0
0485,0944196,Adenocarcinoma high grade,0.25110068917274475,0.25110068917274475,53,0.9694309500472521,47,2,1,0,0,0,2,0,0,0,0,0,1,0.8867924528301887,0.03773584905660377,0.018867924528301886,0.0,0.0,0.0,0.03773584905660377,0.0,0.0,0.0,0.0,0.0,0.018867924528301886
0485,0959862,Adenocarcinoma high grade,0.22027923166751862,0.22027923166751862,61,0.9389235344694234,54,0,2,0,0,0,3,0,0,0,0,0,2,0.8852459016393442,0.0,0.03278688524590164,0.0,0.0,0.0,0.04918032786885246,0.0,0.0,0.0,0.0,0.0,0.03278688524590164
0485,0973680,Adenocarcinoma high grade,0.21379606425762177,0.21379606425762177,45,0.9392549702813997,27,3,5,0,0,0,4,0,0,0,0,0,6,0.6,0.06666666666666667,0.1111111111111111,0.0,0.0,0.0,0.08888888888888889,0.0,0.0,0.0,0.0,0.0,0.13333333333333333
0485,1025822,Adenocarcinoma high grade,0.20846574008464813,0.20846574008464813,42,0.9621843086346974,34,0,2,0,0,0,0,0,0,0,0,0,6,0.8095238095238095,0.0,0.047619047619047616,0.0,0.0,0.0,0.0,0.0,0.0,0.0,0.0,0.0,0.14285714285714285
0493,0877720,Adenocarcinoma high grade,0.23857255280017853,0.23857255280017853,49,0.9985186903204479,36,0,0,0,0,0,0,0,0,0,0,0,13,0.7346938775510204,0.0,0.0,0.0,0.0,0.0,0.0,0.0,0.0,0.0,0.0,0.0,0.2653061224489796
0493,0926919,Adenocarcinoma high grade,0.23690339922904968,0.23690339922904968,57,0.9925811085875986,48,1,0,0,0,0,0,0,0,0,0,0,8,0.8421052631578947,0.017543859649122806,0.0,0.0,0.0,0.0,0.0,0.0,0.0,0.0,0.0,0.0,0.14035087719298245
0513,0619421,Adenocarcinoma high grade,0.4254029095172882,0.4254029095172882,50,0.9750979894162245,50,0,0,0,0,0,0,0,0,0,0,0,0,1.0,0.0,0.0,0.0,0.0,0.0,0.0,0.0,0.0,0.0,0.0,0.0,0.0
0513,1005817,Adenocarcinoma high grade,0.35854533314704895,0.35854533314704895,50,0.9930368175296722,43,0,0,0,0,0,0,0,0,0,0,0,7,0.86,0.0,0.0,0.0,0.0,0.0,0.0,0.0,0.0,0.0,0.0,0.0,0.14
0525,0171576,Adenocarcinoma high grade,0.15996436774730682,0.15996436774730682,74,0.9889583240417015,64,3,5,0,0,0,0,0,2,0,0,0,0,0.8648648648648649,0.04054054054054054,0.06756756756756757,0.0,0.0,0.0,0.0,0.0,0.02702702702702703,0.0,0.0,0.0,0.0
0525,0247865,Adenocarcinoma high grade,0.19582492113113403,0.19582492113113403,41,0.9705023006109311,39,0,0,0,0,0,0,0,0,0,0,0,2,0.9512195121951219,0.0,0.0,0.0,0.0,0.0,0.0,0.0,0.0,0.0,0.0,0.0,0.04878048780487805
0525,0324374,Adenocarcinoma high grade,0.17589373886585236,0.17589373886585236,96,0.8822429610257833,15,35,8,1,0,2,5,0,30,0,0,0,0,0.15625,0.3645833333333333,0.08333333333333333,0.010416666666666666,0.0,0.020833333333333332,0.052083333333333336,0.0,0.3125,0.0,0.0,0.0,0.0
0525,0460665,Adenocarcinoma high grade,0.19754566252231598,0.19754566252231598,72,0.9494508066526386,23,27,2,5,0,0,2,0,12,0,1,0,0,0.3194444444444444,0.375,0.027777777777777776,0.06944444444444445,0.0,0.0,0.027777777777777776,0.0,0.16666666666666666,0.0,0.013888888888888888,0.0,0.0
0541,0487637,Adenocarcinoma high grade,0.5096895098686218,0.5096895098686218,32,0.9421753296234275,27,0,0,0,0,0,0,0,0,0,0,0,5,0.84375,0.0,0.0,0.0,0.0,0.0,0.0,0.0,0.0,0.0,0.0,0.0,0.15625
0541,0577179,Adenocarcinoma high grade,0.5038493275642395,0.5038493275642395,29,0.9316408968928238,28,0,0,1,0,0,0,0,0,0,0,0,0,0.9655172413793104,0.0,0.0,0.034482758620689655,0.0,0.0,0.0,0.0,0.0,0.0,0.0,0.0,0.0
0554,0013316,Adenocarcinoma high grade,0.49793046712875366,0.49793046712875366,70,0.9927786153068002,65,2,3,0,0,0,0,0,0,0,0,0,0,0.9285714285714286,0.02857142857142857,0.04285714285714286,0.0,0.0,0.0,0.0,0.0,0.0,0.0,0.0,0.0,0.0
0554,0033389,Adenocarcinoma high grade,0.5142735242843628,0.5142735242843628,70,0.9910708024528461,69,0,0,0,0,0,0,0,0,0,0,1,0,0.9857142857142858,0.0,0.0,0.0,0.0,0.0,0.0,0.0,0.0,0.0,0.0,0.014285714285714285,0.0
0554,0037678,Adenocarcinoma high grade,0.506378173828125,0.506378173828125,80,0.8604440295653492,37,17,11,3,0,7,4,0,0,0,0,0,1,0.4625,0.2125,0.1375,0.0375,0.0,0.0875,0.05,0.0,0.0,0.0,0.0,0.0,0.0125
0554,0043398,Adenocarcinoma high grade,0.513992965221405,0.513992965221405,90,0.8746654194313769,38,8,12,2,0,22,3,0,0,0,0,0,5,0.4222222222222222,0.08888888888888889,0.13333333333333333,0.022222222222222223,0.0,0.24444444444444444,0.03333333333333333,0.0,0.0,0.0,0.0,0.0,0.05555555555555555
0554,0130295,Adenocarcinoma high grade,0.5236670970916748,0.5236670970916748,87,0.9801877018042497,77,1,1,1,0,6,0,0,0,0,0,0,1,0.8850574712643678,0.011494252873563218,0.011494252873563218,0.011494252873563218,0.0,0.06896551724137931,0.0,0.0,0.0,0.0,0.0,0.0,0.011494252873563218
0554,0133607,Adenocarcinoma high grade,0.5148436427116394,0.5148436427116394,37,0.9899734174476759,34,3,0,0,0,0,0,0,0,0,0,0,0,0.918918918918919,0.08108108108108109,0.0,0.0,0.0,0.0,0.0,0.0,0.0,0.0,0.0,0.0,0.0
0554,0164496,Adenocarcinoma high grade,0.5215940475463867,0.5215940475463867,79,0.919363612853182,53,15,1,4,1,4,0,0,0,0,0,0,1,0.6708860759493671,0.189873417721519,0.012658227848101266,0.05063291139240506,0.012658227848101266,0.05063291139240506,0.0,0.0,0.0,0.0,0.0,0.0,0.012658227848101266
0554,0172481,Adenocarcinoma high grade,0.516851007938385,0.516851007938385,68,0.9476756362624189,59,5,1,2,0,0,1,0,0,0,0,0,0,0.8676470588235294,0.07352941176470588,0.014705882352941176,0.029411764705882353,0.0,0.0,0.014705882352941176,0.0,0.0,0.0,0.0,0.0,0.0
0554,0186249,Adenocarcinoma high grade,0.43485143780708313,0.43485143780708313,17,0.9859764926542506,17,0,0,0,0,0,0,0,0,0,0,0,0,1.0,0.0,0.0,0.0,0.0,0.0,0.0,0.0,0.0,0.0,0.0,0.0,0.0
0554,0191466,Adenocarcinoma high grade,0.5126957893371582,0.5126957893371582,34,0.8717670541331428,33,0,0,1,0,0,0,0,0,0,0,0,0,0.9705882352941176,0.0,0.0,0.029411764705882353,0.0,0.0,0.0,0.0,0.0,0.0,0.0,0.0,0.0
0554,0237381,Adenocarcinoma high grade,0.5097912549972534,0.5097912549972534,62,0.9172601367185735,60,1,0,0,0,0,0,0,0,0,0,0,1,0.967741935483871,0.016129032258064516,0.0,0.0,0.0,0.0,0.0,0.0,0.0,0.0,0.0,0.0,0.016129032258064516
0554,0240557,Adenocarcinoma high grade,0.49270984530448914,0.49270984530448914,91,0.9702075156669576,71,6,0,2,0,7,1,0,0,0,1,0,3,0.7802197802197802,0.06593406593406594,0.0,0.02197802197802198,0.0,0.07692307692307693,0.01098901098901099,0.0,0.0,0.0,0.01098901098901099,0.0,0.03296703296703297
0554,0256662,Adenocarcinoma high grade,0.5123352408409119,0.5123352408409119,52,0.9912362739771731,51,0,0,0,0,0,0,0,1,0,0,0,0,0.9807692307692307,0.0,0.0,0.0,0.0,0.0,0.0,0.0,0.019230769230769232,0.0,0.0,0.0,0.0
0554,0266280,Adenocarcinoma high grade,0.5114253759384155,0.5114253759384155,74,0.9940295659361048,72,2,0,0,0,0,0,0,0,0,0,0,0,0.972972972972973,0.02702702702702703,0.0,0.0,0.0,0.0,0.0,0.0,0.0,0.0,0.0,0.0,0.0
0554,0274890,Adenocarcinoma high grade,0.5190419554710388,0.5190419554710388,91,0.8918669472906557,65,7,2,1,1,15,0,0,0,0,0,0,0,0.7142857142857143,0.07692307692307693,0.02197802197802198,0.01098901098901099,0.01098901098901099,0.16483516483516483,0.0,0.0,0.0,0.0,0.0,0.0,0.0
0554,0304246,Adenocarcinoma high grade,0.5169305801391602,0.5169305801391602,86,0.9293346038637168,53,4,3,2,0,23,0,0,0,0,0,0,1,0.6162790697674418,0.046511627906976744,0.03488372093023256,0.023255813953488372,0.0,0.26744186046511625,0.0,0.0,0.0,0.0,0.0,0.0,0.011627906976744186
0554,0312017,Adenocarcinoma high grade,0.5041853189468384,0.5041853189468384,33,0.8964615455178286,32,0,0,1,0,0,0,0,0,0,0,0,0,0.9696969696969697,0.0,0.0,0.030303030303030304,0.0,0.0,0.0,0.0,0.0,0.0,0.0,0.0,0.0
0554,0331422,Adenocarcinoma high grade,0.5188064575195312,0.5188064575195312,81,0.9700825457476302,74,6,0,1,0,0,0,0,0,0,0,0,0,0.9135802469135802,0.07407407407407407,0.0,0.012345679012345678,0.0,0.0,0.0,0.0,0.0,0.0,0.0,0.0,0.0
0554,0331796,Adenocarcinoma high grade,0.5301640629768372,0.5301640629768372,91,0.9315594160006141,54,1,4,0,0,30,0,0,2,0,0,0,0,0.5934065934065934,0.01098901098901099,0.04395604395604396,0.0,0.0,0.32967032967032966,0.0,0.0,0.02197802197802198,0.0,0.0,0.0,0.0
0554,0349587,Adenocarcinoma high grade,0.5205382108688354,0.5205382108688354,101,0.8997521251665165,40,19,4,9,1,20,3,1,0,0,0,0,4,0.39603960396039606,0.18811881188118812,0.039603960396039604,0.0891089108910891,0.009900990099009901,0.19801980198019803,0.0297029702970297,0.009900990099009901,0.0,0.0,0.0,0.0,0.039603960396039604
0554,0397707,Adenocarcinoma high grade,0.5109922885894775,0.5109922885894775,74,0.9305243362491167,50,0,3,3,0,16,0,0,0,0,1,0,1,0.6756756756756757,0.0,0.04054054054054054,0.04054054054054054,0.0,0.21621621621621623,0.0,0.0,0.0,0.0,0.013513513513513514,0.0,0.013513513513513514
0554,0417514,Adenocarcinoma high grade,0.5167458057403564,0.5167458057403564,68,0.9890264440171362,61,1,0,0,0,0,0,0,6,0,0,0,0,0.8970588235294118,0.014705882352941176,0.0,0.0,0.0,0.0,0.0,0.0,0.08823529411764706,0.0,0.0,0.0,0.0
0554,0429071,Adenocarcinoma high grade,0.5222684144973755,0.5222684144973755,46,0.9949465970304557,45,1,0,0,0,0,0,0,0,0,0,0,0,0.9782608695652174,0.021739130434782608,0.0,0.0,0.0,0.0,0.0,0.0,0.0,0.0,0.0,0.0,0.0
0554,0430559,Adenocarcinoma high grade,0.5203613638877869,0.5203613638877869,62,0.9720358904419754,57,3,1,0,0,0,0,0,0,0,0,0,1,0.9193548387096774,0.04838709677419355,0.016129032258064516,0.0,0.0,0.0,0.0,0.0,0.0,0.0,0.0,0.0,0.016129032258064516
0554,0440289,Adenocarcinoma high grade,0.5175991058349609,0.5175991058349609,73,0.9536045255742982,52,13,5,0,0,0,2,0,0,0,0,0,1,0.7123287671232876,0.1780821917808219,0.0684931506849315,0.0,0.0,0.0,0.0273972602739726,0.0,0.0,0.0,0.0,0.0,0.0136986301369863
0554,0444805,Adenocarcinoma high grade,0.5121623873710632,0.5121623873710632,84,0.9618508978990044,62,14,1,3,0,2,0,0,2,0,0,0,0,0.7380952380952381,0.16666666666666666,0.011904761904761904,0.03571428571428571,0.0,0.023809523809523808,0.0,0.0,0.023809523809523808,0.0,0.0,0.0,0.0
0554,0521642,Adenocarcinoma high grade,0.5198154449462891,0.5198154449462891,65,0.9789982626508625,59,0,3,0,0,0,0,0,2,0,0,0,1,0.9076923076923077,0.0,0.046153846153846156,0.0,0.0,0.0,0.0,0.0,0.03076923076923077,0.0,0.0,0.0,0.015384615384615385
0554,0542564,Adenocarcinoma high grade,0.5124949216842651,0.5124949216842651,103,0.8864166499695072,49,13,5,5,0,26,5,0,0,0,0,0,0,0.47572815533980584,0.1262135922330097,0.04854368932038835,0.04854368932038835,0.0,0.2524271844660194,0.04854368932038835,0.0,0.0,0.0,0.0,0.0,0.0
0554,0627869,Adenocarcinoma high grade,0.5234657526016235,0.5234657526016235,90,0.9413791934349311,12,73,1,1,0,0,3,0,0,0,0,0,0,0.13333333333333333,0.8111111111111111,0.011111111111111112,0.011111111111111112,0.0,0.0,0.03333333333333333,0.0,0.0,0.0,0.0,0.0,0.0
0554,0704253,Adenocarcinoma high grade,0.5217231512069702,0.5217231512069702,48,0.9308618621230084,28,19,0,1,0,0,0,0,0,0,0,0,0,0.5833333333333334,0.3958333333333333,0.0,0.020833333333333332,0.0,0.0,0.0,0.0,0.0,0.0,0.0,0.0,0.0
0554,0729446,Adenocarcinoma high grade,0.5261694192886353,0.5261694192886353,88,0.8345696977580531,41,19,4,4,0,15,5,0,0,0,0,0,0,0.4659090909090909,0.2159090909090909,0.045454545454545456,0.045454545454545456,0.0,0.17045454545454544,0.056818181818181816,0.0,0.0,0.0,0.0,0.0,0.0
0554,0736030,Adenocarcinoma high grade,0.4553382694721222,0.4553382694721222,63,0.8832740108050904,22,18,7,3,0,1,9,0,2,0,0,0,1,0.3492063492063492,0.2857142857142857,0.1111111111111111,0.047619047619047616,0.0,0.015873015873015872,0.14285714285714285,0.0,0.031746031746031744,0.0,0.0,0.0,0.015873015873015872
0554,0761150,Adenocarcinoma high grade,0.4993754029273987,0.4993754029273987,59,0.9842551994610752,56,2,1,0,0,0,0,0,0,0,0,0,0,0.9491525423728814,0.03389830508474576,0.01694915254237288,0.0,0.0,0.0,0.0,0.0,0.0,0.0,0.0,0.0,0.0
0554,0771923,Adenocarcinoma high grade,0.5100377202033997,0.5100377202033997,101,0.9409056473854083,61,10,8,3,0,15,2,0,0,0,1,0,1,0.6039603960396039,0.09900990099009901,0.07920792079207921,0.0297029702970297,0.0,0.1485148514851485,0.019801980198019802,0.0,0.0,0.0,0.009900990099009901,0.0,0.009900990099009901
0554,0826129,Adenocarcinoma high grade,0.5219644904136658,0.5219644904136658,92,0.9790798754945599,73,3,3,0,0,12,0,0,0,0,0,0,1,0.7934782608695652,0.03260869565217391,0.03260869565217391,0.0,0.0,0.13043478260869565,0.0,0.0,0.0,0.0,0.0,0.0,0.010869565217391304
0554,0827071,Adenocarcinoma high grade,0.5115257501602173,0.5115257501602173,77,0.994043448089579,72,1,2,0,0,0,0,0,0,0,0,0,2,0.935064935064935,0.012987012987012988,0.025974025974025976,0.0,0.0,0.0,0.0,0.0,0.0,0.0,0.0,0.0,0.025974025974025976
0554,0829264,Adenocarcinoma high grade,0.4960740804672241,0.4960740804672241,78,0.9551640223115994,63,6,1,0,0,4,1,0,0,0,0,0,3,0.8076923076923077,0.07692307692307693,0.01282051282051282,0.0,0.0,0.05128205128205128,0.01282051282051282,0.0,0.0,0.0,0.0,0.0,0.038461538461538464
0554,0843336,Adenocarcinoma high grade,0.5297008752822876,0.5297008752822876,64,0.9372400520117711,18,36,5,2,0,0,1,0,1,0,0,0,1,0.28125,0.5625,0.078125,0.03125,0.0,0.0,0.015625,0.0,0.015625,0.0,0.0,0.0,0.015625
0554,0846088,Adenocarcinoma high grade,0.526849091053009,0.526849091053009,70,0.8692583018152438,31,10,6,7,0,7,5,0,2,0,1,0,1,0.44285714285714284,0.14285714285714285,0.08571428571428572,0.1,0.0,0.1,0.07142857142857142,0.0,0.02857142857142857,0.0,0.014285714285714285,0.0,0.014285714285714285
0554,0847245,Adenocarcinoma high grade,0.4829348027706146,0.4829348027706146,70,0.9748290818450114,54,1,8,0,0,0,4,0,1,0,0,0,2,0.7714285714285715,0.014285714285714285,0.11428571428571428,0.0,0.0,0.0,0.05714285714285714,0.0,0.014285714285714285,0.0,0.0,0.0,0.02857142857142857
0554,0851262,Adenocarcinoma high grade,0.522455096244812,0.522455096244812,53,0.9992538021000318,53,0,0,0,0,0,0,0,0,0,0,0,0,1.0,0.0,0.0,0.0,0.0,0.0,0.0,0.0,0.0,0.0,0.0,0.0,0.0
0554,0864755,Adenocarcinoma high grade,0.5211844444274902,0.5211844444274902,83,0.9978128100276029,79,1,1,0,0,0,0,0,0,0,0,0,2,0.9518072289156626,0.012048192771084338,0.012048192771084338,0.0,0.0,0.0,0.0,0.0,0.0,0.0,0.0,0.0,0.024096385542168676
0554,0869706,Adenocarcinoma high grade,0.4909033179283142,0.4909033179283142,80,0.9617283168384552,54,12,2,0,0,10,1,0,0,0,0,0,1,0.675,0.15,0.025,0.0,0.0,0.125,0.0125,0.0,0.0,0.0,0.0,0.0,0.0125
0554,0889537,Adenocarcinoma high grade,0.508454442024231,0.508454442024231,70,0.9308811235160617,43,17,2,2,0,2,3,0,0,0,0,0,1,0.6142857142857143,0.24285714285714285,0.02857142857142857,0.02857142857142857,0.0,0.02857142857142857,0.04285714285714286,0.0,0.0,0.0,0.0,0.0,0.014285714285714285
0554,0897782,Adenocarcinoma high grade,0.5122040510177612,0.5122040510177612,71,0.8676425243844464,52,14,2,1,0,0,2,0,0,0,0,0,0,0.7323943661971831,0.19718309859154928,0.028169014084507043,0.014084507042253521,0.0,0.0,0.028169014084507043,0.0,0.0,0.0,0.0,0.0,0.0
0554,0946970,Adenocarcinoma high grade,0.4890768527984619,0.4890768527984619,64,0.9413397909056851,46,0,4,0,0,5,0,1,0,0,0,0,8,0.71875,0.0,0.0625,0.0,0.0,0.078125,0.0,0.015625,0.0,0.0,0.0,0.0,0.125
0554,0962495,Adenocarcinoma high grade,0.5177950859069824,0.5177950859069824,55,0.9817311795610953,53,0,1,0,0,0,0,0,0,0,0,0,1,0.9636363636363636,0.0,0.01818181818181818,0.0,0.0,0.0,0.0,0.0,0.0,0.0,0.0,0.0,0.01818181818181818
0554,0971074,Adenocarcinoma high grade,0.5124163627624512,0.5124163627624512,57,0.9219982202920852,56,0,0,1,0,0,0,0,0,0,0,0,0,0.9824561403508771,0.0,0.0,0.017543859649122806,0.0,0.0,0.0,0.0,0.0,0.0,0.0,0.0,0.0
0554,0973839,Adenocarcinoma high grade,0.5352826714515686,0.5352826714515686,99,0.9379273176051676,45,14,9,11,0,11,5,0,0,0,0,0,4,0.45454545454545453,0.1414141414141414,0.09090909090909091,0.1111111111111111,0.0,0.1111111111111111,0.050505050505050504,0.0,0.0,0.0,0.0,0.0,0.04040404040404041
0554,0983587,Adenocarcinoma high grade,0.5066992044448853,0.5066992044448853,62,0.9879804615965998,60,1,0,0,0,0,0,0,1,0,0,0,0,0.967741935483871,0.016129032258064516,0.0,0.0,0.0,0.0,0.0,0.0,0.016129032258064516,0.0,0.0,0.0,0.0
0569,0138296,Adenocarcinoma high grade,0.19627323746681213,0.19627323746681213,56,0.990357842835695,52,0,1,0,0,0,1,0,0,0,0,0,2,0.9285714285714286,0.0,0.017857142857142856,0.0,0.0,0.0,0.017857142857142856,0.0,0.0,0.0,0.0,0.0,0.03571428571428571
0569,0164570,Adenocarcinoma high grade,0.17986144125461578,0.17986144125461578,66,0.9729267526085178,61,0,1,0,0,0,2,0,0,0,0,0,2,0.9242424242424242,0.0,0.015151515151515152,0.0,0.0,0.0,0.030303030303030304,0.0,0.0,0.0,0.0,0.0,0.030303030303030304
0569,0193614,Adenocarcinoma high grade,0.15571513772010803,0.15571513772010803,41,0.94939578800691,27,4,0,0,0,0,5,0,2,0,2,0,1,0.6585365853658537,0.0975609756097561,0.0,0.0,0.0,0.0,0.12195121951219512,0.0,0.04878048780487805,0.0,0.04878048780487805,0.0,0.024390243902439025
0569,0207203,Adenocarcinoma high grade,0.16527512669563293,0.16527512669563293,66,0.9874429693483048,57,1,1,0,0,0,1,0,3,1,0,0,2,0.8636363636363636,0.015151515151515152,0.015151515151515152,0.0,0.0,0.0,0.015151515151515152,0.0,0.045454545454545456,0.015151515151515152,0.0,0.0,0.030303030303030304
0569,0249713,Adenocarcinoma high grade,0.20120352506637573,0.20120352506637573,31,0.9999999959914966,31,0,0,0,0,0,0,0,0,0,0,0,0,1.0,0.0,0.0,0.0,0.0,0.0,0.0,0.0,0.0,0.0,0.0,0.0,0.0
0569,0262611,Adenocarcinoma high grade,0.17878392338752747,0.17878392338752747,56,0.9856967117113647,48,2,0,1,0,0,2,0,1,0,0,0,2,0.8571428571428571,0.03571428571428571,0.0,0.017857142857142856,0.0,0.0,0.03571428571428571,0.0,0.017857142857142856,0.0,0.0,0.0,0.03571428571428571
0569,0321449,Adenocarcinoma high grade,0.17322807013988495,0.17322807013988495,52,0.9449113812681558,36,0,4,1,0,1,5,0,4,0,0,1,0,0.6923076923076923,0.0,0.07692307692307693,0.019230769230769232,0.0,0.019230769230769232,0.09615384615384616,0.0,0.07692307692307693,0.0,0.0,0.019230769230769232,0.0
0569,0365226,Adenocarcinoma high grade,0.1785290390253067,0.1785290390253067,52,0.9889030265190678,49,0,1,0,0,0,1,0,1,0,0,0,0,0.9423076923076923,0.0,0.019230769230769232,0.0,0.0,0.0,0.019230769230769232,0.0,0.019230769230769232,0.0,0.0,0.0,0.0
0569,0368056,Adenocarcinoma high grade,0.17326219379901886,0.17326219379901886,30,0.9780141131314917,30,0,0,0,0,0,0,0,0,0,0,0,0,1.0,0.0,0.0,0.0,0.0,0.0,0.0,0.0,0.0,0.0,0.0,0.0,0.0
0569,0448160,Adenocarcinoma high grade,0.1918133795261383,0.1918133795261383,51,0.9399209424927495,41,1,0,0,1,0,1,0,0,0,0,0,7,0.803921568627451,0.0196078431372549,0.0,0.0,0.0196078431372549,0.0,0.0196078431372549,0.0,0.0,0.0,0.0,0.0,0.13725490196078433
0569,0511820,Adenocarcinoma high grade,0.18357719480991364,0.18357719480991364,54,0.9782339679237294,37,2,1,0,0,0,9,0,0,0,0,0,5,0.6851851851851852,0.037037037037037035,0.018518518518518517,0.0,0.0,0.0,0.16666666666666666,0.0,0.0,0.0,0.0,0.0,0.09259259259259259
0569,0533193,Adenocarcinoma high grade,0.15820270776748657,0.15820270776748657,59,0.9783734088849423,44,2,1,0,0,0,10,0,1,0,0,0,1,0.7457627118644068,0.03389830508474576,0.01694915254237288,0.0,0.0,0.0,0.1694915254237288,0.0,0.01694915254237288,0.0,0.0,0.0,0.01694915254237288
0569,0674747,Adenocarcinoma high grade,0.18145237863063812,0.18145237863063812,51,0.9781098778831808,43,2,1,0,0,0,2,0,0,0,0,0,3,0.8431372549019608,0.0392156862745098,0.0196078431372549,0.0,0.0,0.0,0.0392156862745098,0.0,0.0,0.0,0.0,0.0,0.058823529411764705
0569,0677635,Adenocarcinoma high grade,0.18500348925590515,0.18500348925590515,26,0.9711635002193467,19,1,0,0,0,0,1,0,2,0,0,0,3,0.7307692307692307,0.038461538461538464,0.0,0.0,0.0,0.0,0.038461538461538464,0.0,0.07692307692307693,0.0,0.0,0.0,0.11538461538461539
0569,0704825,Adenocarcinoma high grade,0.1816144585609436,0.1816144585609436,41,0.9832981822766294,31,0,2,1,0,0,2,0,0,0,0,0,5,0.7560975609756098,0.0,0.04878048780487805,0.024390243902439025,0.0,0.0,0.04878048780487805,0.0,0.0,0.0,0.0,0.0,0.12195121951219512
0569,0721866,Adenocarcinoma high grade,0.19022923707962036,0.19022923707962036,32,0.9910180211720061,29,0,2,0,0,0,1,0,0,0,0,0,0,0.90625,0.0,0.0625,0.0,0.0,0.0,0.03125,0.0,0.0,0.0,0.0,0.0,0.0
0569,0768663,Adenocarcinoma high grade,0.1604502648115158,0.1604502648115158,86,0.9902605139242148,79,2,4,0,0,0,1,0,0,0,0,0,0,0.9186046511627907,0.023255813953488372,0.046511627906976744,0.0,0.0,0.0,0.011627906976744186,0.0,0.0,0.0,0.0,0.0,0.0
0569,0814116,Adenocarcinoma high grade,0.16326121985912323,0.16326121985912323,53,0.9821299782724917,33,3,7,0,0,1,2,0,1,0,0,0,6,0.6226415094339622,0.05660377358490566,0.1320754716981132,0.0,0.0,0.018867924528301886,0.03773584905660377,0.0,0.018867924528301886,0.0,0.0,0.0,0.11320754716981132
0569,0825559,Adenocarcinoma high grade,0.16376204788684845,0.16376204788684845,56,0.9742688946265544,47,1,2,0,0,0,6,0,0,0,0,0,0,0.8392857142857143,0.017857142857142856,0.03571428571428571,0.0,0.0,0.0,0.10714285714285714,0.0,0.0,0.0,0.0,0.0,0.0
0569,0830120,Adenocarcinoma high grade,0.2023555040359497,0.2023555040359497,41,0.9447617211735704,24,0,0,0,0,1,6,0,0,0,1,0,9,0.5853658536585366,0.0,0.0,0.0,0.0,0.024390243902439025,0.14634146341463414,0.0,0.0,0.0,0.024390243902439025,0.0,0.21951219512195122
0569,0839701,Adenocarcinoma high grade,0.15943969786167145,0.15943969786167145,59,0.9847403925391659,58,0,0,0,0,0,1,0,0,0,0,0,0,0.9830508474576272,0.0,0.0,0.0,0.0,0.0,0.01694915254237288,0.0,0.0,0.0,0.0,0.0,0.0
0569,0871987,Adenocarcinoma high grade,0.1726706176996231,0.1726706176996231,41,0.9975688137832621,39,0,0,0,0,0,0,0,0,0,0,0,2,0.9512195121951219,0.0,0.0,0.0,0.0,0.0,0.0,0.0,0.0,0.0,0.0,0.0,0.04878048780487805
0569,0944329,Adenocarcinoma high grade,0.18993501365184784,0.18993501365184784,57,0.9553600599625707,34,1,3,0,0,0,7,0,0,0,0,0,12,0.5964912280701754,0.017543859649122806,0.05263157894736842,0.0,0.0,0.0,0.12280701754385964,0.0,0.0,0.0,0.0,0.0,0.21052631578947367
0569,0980795,Adenocarcinoma high grade,0.19504372775554657,0.19504372775554657,31,0.9995112359094556,30,0,0,0,0,0,0,0,0,0,0,0,1,0.967741935483871,0.0,0.0,0.0,0.0,0.0,0.0,0.0,0.0,0.0,0.0,0.0,0.03225806451612903
0569,1025939,Adenocarcinoma high grade,0.1742919683456421,0.1742919683456421,43,0.973144409843178,35,2,3,0,0,0,2,0,0,0,0,0,1,0.813953488372093,0.046511627906976744,0.06976744186046512,0.0,0.0,0.0,0.046511627906976744,0.0,0.0,0.0,0.0,0.0,0.023255813953488372
0577,0100264,Adenocarcinoma high grade,0.18762996792793274,0.18762996792793274,91,0.9500901250711575,59,20,3,4,0,0,2,0,2,0,0,0,1,0.6483516483516484,0.21978021978021978,0.03296703296703297,0.04395604395604396,0.0,0.0,0.02197802197802198,0.0,0.02197802197802198,0.0,0.0,0.0,0.01098901098901099
0577,0149968,Adenocarcinoma high grade,0.20649245381355286,0.20649245381355286,78,0.902501200595263,17,35,5,9,0,0,9,0,3,0,0,0,0,0.21794871794871795,0.44871794871794873,0.0641025641025641,0.11538461538461539,0.0,0.0,0.11538461538461539,0.0,0.038461538461538464,0.0,0.0,0.0,0.0
0577,0251507,Adenocarcinoma high grade,0.20043691992759705,0.20043691992759705,60,0.9271543501721589,30,8,8,4,0,0,10,0,0,0,0,0,0,0.5,0.13333333333333333,0.13333333333333333,0.06666666666666667,0.0,0.0,0.16666666666666666,0.0,0.0,0.0,0.0,0.0,0.0
0577,0406565,Adenocarcinoma high grade,0.17875269055366516,0.17875269055366516,47,0.9291498541053433,27,0,12,0,0,0,5,0,1,0,0,0,2,0.574468085106383,0.0,0.2553191489361702,0.0,0.0,0.0,0.10638297872340426,0.0,0.02127659574468085,0.0,0.0,0.0,0.0425531914893617
0577,0445483,Adenocarcinoma high grade,0.20478542149066925,0.20478542149066925,67,0.9786560056455079,58,0,4,0,0,0,2,0,0,0,0,0,3,0.8656716417910447,0.0,0.05970149253731343,0.0,0.0,0.0,0.029850746268656716,0.0,0.0,0.0,0.0,0.0,0.04477611940298507
0577,0485756,Adenocarcinoma high grade,0.21023905277252197,0.21023905277252197,81,0.9808483146696065,69,1,7,0,0,0,0,0,0,0,0,0,4,0.8518518518518519,0.012345679012345678,0.08641975308641975,0.0,0.0,0.0,0.0,0.0,0.0,0.0,0.0,0.0,0.04938271604938271
0577,0491975,Adenocarcinoma high grade,0.17464959621429443,0.17464959621429443,68,0.9510305578563072,48,4,5,1,0,0,7,0,1,0,0,0,2,0.7058823529411765,0.058823529411764705,0.07352941176470588,0.014705882352941176,0.0,0.0,0.10294117647058823,0.0,0.014705882352941176,0.0,0.0,0.0,0.029411764705882353
0577,0761271,Adenocarcinoma high grade,0.19936484098434448,0.19936484098434448,73,0.931649883038223,42,11,4,2,0,1,12,0,1,0,0,0,0,0.5753424657534246,0.1506849315068493,0.0547945205479452,0.0273972602739726,0.0,0.0136986301369863,0.1643835616438356,0.0,0.0136986301369863,0.0,0.0,0.0,0.0
0577,0837568,Adenocarcinoma high grade,0.17958366870880127,0.17958366870880127,73,0.944086263889026,51,3,7,0,0,2,0,0,6,0,0,0,4,0.6986301369863014,0.0410958904109589,0.0958904109589041,0.0,0.0,0.0273972602739726,0.0,0.0,0.0821917808219178,0.0,0.0,0.0,0.0547945205479452
0577,0869258,Adenocarcinoma high grade,0.15673300623893738,0.15673300623893738,70,0.9452172530536032,52,6,8,1,0,0,2,0,1,0,0,0,0,0.7428571428571429,0.08571428571428572,0.11428571428571428,0.014285714285714285,0.0,0.0,0.02857142857142857,0.0,0.014285714285714285,0.0,0.0,0.0,0.0
0577,0882124,Adenocarcinoma high grade,0.17861558496952057,0.17861558496952057,63,0.9706165051213451,50,2,1,0,0,0,2,0,0,0,0,0,8,0.7936507936507936,0.031746031746031744,0.015873015873015872,0.0,0.0,0.0,0.031746031746031744,0.0,0.0,0.0,0.0,0.0,0.12698412698412698
0577,0902484,Adenocarcinoma high grade,0.1516578495502472,0.1516578495502472,93,0.9238963701953441,32,33,8,14,0,0,6,0,0,0,0,0,0,0.34408602150537637,0.3548387096774194,0.08602150537634409,0.15053763440860216,0.0,0.0,0.06451612903225806,0.0,0.0,0.0,0.0,0.0,0.0
0628,0373789,Adenocarcinoma high grade,0.4683571457862854,0.4683571457862854,78,0.9940413979631992,77,0,0,0,0,0,0,0,0,0,1,0,0,0.9871794871794872,0.0,0.0,0.0,0.0,0.0,0.0,0.0,0.0,0.0,0.01282051282051282,0.0,0.0
0628,0889582,Adenocarcinoma high grade,0.45403364300727844,0.45403364300727844,71,0.974058821996516,48,11,2,7,1,0,2,0,0,0,0,0,0,0.676056338028169,0.15492957746478872,0.028169014084507043,0.09859154929577464,0.014084507042253521,0.0,0.028169014084507043,0.0,0.0,0.0,0.0,0.0,0.0
0629,0441364,Adenocarcinoma high grade,0.16543959081172943,0.16543959081172943,44,0.9780334794347567,36,1,1,0,0,0,0,0,6,0,0,0,0,0.8181818181818182,0.022727272727272728,0.022727272727272728,0.0,0.0,0.0,0.0,0.0,0.13636363636363635,0.0,0.0,0.0,0.0
0694,0112325,Adenocarcinoma high grade,0.17137691378593445,0.17137691378593445,46,0.9548592738116072,45,0,0,1,0,0,0,0,0,0,0,0,0,0.9782608695652174,0.0,0.0,0.021739130434782608,0.0,0.0,0.0,0.0,0.0,0.0,0.0,0.0,0.0
0694,0232097,Adenocarcinoma high grade,0.16146376729011536,0.16146376729011536,48,0.9942300514035184,48,0,0,0,0,0,0,0,0,0,0,0,0,1.0,0.0,0.0,0.0,0.0,0.0,0.0,0.0,0.0,0.0,0.0,0.0,0.0
0694,0249746,Adenocarcinoma high grade,0.17038589715957642,0.17038589715957642,45,0.9976904153094013,45,0,0,0,0,0,0,0,0,0,0,0,0,1.0,0.0,0.0,0.0,0.0,0.0,0.0,0.0,0.0,0.0,0.0,0.0,0.0
0694,0307141,Adenocarcinoma high grade,0.1688222587108612,0.1688222587108612,28,0.9931048585428123,28,0,0,0,0,0,0,0,0,0,0,0,0,1.0,0.0,0.0,0.0,0.0,0.0,0.0,0.0,0.0,0.0,0.0,0.0,0.0
0694,0315890,Adenocarcinoma high grade,0.16427209973335266,0.16427209973335266,50,0.9958469710604381,49,0,0,0,0,0,0,0,0,0,0,0,1,0.98,0.0,0.0,0.0,0.0,0.0,0.0,0.0,0.0,0.0,0.0,0.0,0.02
0694,0570758,Adenocarcinoma high grade,0.16681984066963196,0.16681984066963196,45,0.9798804302215053,45,0,0,0,0,0,0,0,0,0,0,0,0,1.0,0.0,0.0,0.0,0.0,0.0,0.0,0.0,0.0,0.0,0.0,0.0,0.0
0694,0577506,Adenocarcinoma high grade,0.16953004896640778,0.16953004896640778,56,0.9834351086164264,55,0,0,0,0,0,0,0,0,0,0,0,1,0.9821428571428571,0.0,0.0,0.0,0.0,0.0,0.0,0.0,0.0,0.0,0.0,0.0,0.017857142857142856
0694,0714056,Adenocarcinoma high grade,0.1697893589735031,0.1697893589735031,35,0.9783290231113463,35,0,0,0,0,0,0,0,0,0,0,0,0,1.0,0.0,0.0,0.0,0.0,0.0,0.0,0.0,0.0,0.0,0.0,0.0,0.0
0708,0544210,Adenocarcinoma high grade,0.15305152535438538,0.15305152535438538,42,0.9639144630563049,41,0,0,0,0,0,1,0,0,0,0,0,0,0.9761904761904762,0.0,0.0,0.0,0.0,0.0,0.023809523809523808,0.0,0.0,0.0,0.0,0.0,0.0
0720,0033171,Adenocarcinoma high grade,0.36182790994644165,0.36182790994644165,49,0.9393952331142212,49,0,0,0,0,0,0,0,0,0,0,0,0,1.0,0.0,0.0,0.0,0.0,0.0,0.0,0.0,0.0,0.0,0.0,0.0,0.0
0720,0331915,Adenocarcinoma high grade,0.3686691224575043,0.3686691224575043,60,0.9800291045649739,51,0,1,0,0,1,2,0,0,0,0,0,5,0.85,0.0,0.016666666666666666,0.0,0.0,0.016666666666666666,0.03333333333333333,0.0,0.0,0.0,0.0,0.0,0.08333333333333333
0720,0746742,Adenocarcinoma high grade,0.35538530349731445,0.35538530349731445,79,0.9392516256314074,53,1,2,4,0,3,2,0,0,0,1,0,13,0.6708860759493671,0.012658227848101266,0.02531645569620253,0.05063291139240506,0.0,0.0379746835443038,0.02531645569620253,0.0,0.0,0.0,0.012658227848101266,0.0,0.16455696202531644
0720,0861672,Adenocarcinoma high grade,0.3890708386898041,0.3890708386898041,64,0.958864837631471,62,0,1,0,0,0,0,0,1,0,0,0,0,0.96875,0.0,0.015625,0.0,0.0,0.0,0.0,0.0,0.015625,0.0,0.0,0.0,0.0
0720,1016866,Adenocarcinoma high grade,0.40779584646224976,0.40779584646224976,52,0.9958710900512883,51,0,1,0,0,0,0,0,0,0,0,0,0,0.9807692307692307,0.0,0.019230769230769232,0.0,0.0,0.0,0.0,0.0,0.0,0.0,0.0,0.0,0.0
0721,0177619,Adenocarcinoma high grade,0.211957648396492,0.211957648396492,50,0.9238685471984475,26,2,20,0,0,0,1,0,0,0,0,0,1,0.52,0.04,0.4,0.0,0.0,0.0,0.02,0.0,0.0,0.0,0.0,0.0,0.02
0721,0383497,Adenocarcinoma high grade,0.19954147934913635,0.19954147934913635,57,0.9713857709460887,38,1,8,1,0,0,1,0,8,0,0,0,0,0.6666666666666666,0.017543859649122806,0.14035087719298245,0.017543859649122806,0.0,0.0,0.017543859649122806,0.0,0.14035087719298245,0.0,0.0,0.0,0.0
0721,0699346,Adenocarcinoma high grade,0.1826760619878769,0.1826760619878769,56,0.9773534979243342,56,0,0,0,0,0,0,0,0,0,0,0,0,1.0,0.0,0.0,0.0,0.0,0.0,0.0,0.0,0.0,0.0,0.0,0.0,0.0
0732,0996249,Adenocarcinoma high grade,0.42777425050735474,0.42777425050735474,75,0.9238810897773755,26,30,1,1,0,5,5,0,1,0,0,0,6,0.3466666666666667,0.4,0.013333333333333334,0.013333333333333334,0.0,0.06666666666666667,0.06666666666666667,0.0,0.013333333333333334,0.0,0.0,0.0,0.08
0740,1020789,Adenocarcinoma high grade,0.1823636144399643,0.1823636144399643,59,0.990813233129979,58,0,0,0,0,0,0,0,0,0,0,0,1,0.9830508474576272,0.0,0.0,0.0,0.0,0.0,0.0,0.0,0.0,0.0,0.0,0.0,0.01694915254237288
0749,0044093,Adenocarcinoma high grade,0.2219056487083435,0.2219056487083435,51,0.9344634392823885,14,2,11,0,0,1,19,0,0,0,0,0,4,0.27450980392156865,0.0392156862745098,0.21568627450980393,0.0,0.0,0.0196078431372549,0.37254901960784315,0.0,0.0,0.0,0.0,0.0,0.0784313725490196
0749,0113066,Adenocarcinoma high grade,0.21929803490638733,0.21929803490638733,63,0.9291349432123941,45,0,8,0,0,0,6,0,0,0,0,0,4,0.7142857142857143,0.0,0.12698412698412698,0.0,0.0,0.0,0.09523809523809523,0.0,0.0,0.0,0.0,0.0,0.06349206349206349
0749,0133562,Adenocarcinoma high grade,0.2411803901195526,0.2411803901195526,47,0.9511977297657508,38,1,2,0,0,0,5,0,0,0,0,0,1,0.8085106382978723,0.02127659574468085,0.0425531914893617,0.0,0.0,0.0,0.10638297872340426,0.0,0.0,0.0,0.0,0.0,0.02127659574468085
0749,0143710,Adenocarcinoma high grade,0.16554147005081177,0.16554147005081177,54,0.9326562740489358,34,4,10,0,0,0,0,0,6,0,0,0,0,0.6296296296296297,0.07407407407407407,0.18518518518518517,0.0,0.0,0.0,0.0,0.0,0.1111111111111111,0.0,0.0,0.0,0.0
0749,0163484,Adenocarcinoma high grade,0.20647120475769043,0.20647120475769043,63,0.9423228896353586,30,0,30,0,0,0,2,0,0,0,0,0,1,0.47619047619047616,0.0,0.47619047619047616,0.0,0.0,0.0,0.031746031746031744,0.0,0.0,0.0,0.0,0.0,0.015873015873015872
0749,0199845,Adenocarcinoma high grade,0.20030617713928223,0.20030617713928223,48,0.919545336639533,14,1,30,0,0,0,2,0,1,0,0,0,0,0.2916666666666667,0.020833333333333332,0.625,0.0,0.0,0.0,0.041666666666666664,0.0,0.020833333333333332,0.0,0.0,0.0,0.0
0749,0200476,Adenocarcinoma high grade,0.20797596871852875,0.20797596871852875,56,0.9592920198429596,37,3,15,0,0,0,0,0,1,0,0,0,0,0.6607142857142857,0.05357142857142857,0.26785714285714285,0.0,0.0,0.0,0.0,0.0,0.017857142857142856,0.0,0.0,0.0,0.0
0749,0210157,Adenocarcinoma high grade,0.24134713411331177,0.24134713411331177,62,0.903926745094471,36,1,13,0,0,0,3,0,0,0,0,0,9,0.5806451612903226,0.016129032258064516,0.20967741935483872,0.0,0.0,0.0,0.04838709677419355,0.0,0.0,0.0,0.0,0.0,0.14516129032258066
0749,0252674,Adenocarcinoma high grade,0.2465304285287857,0.2465304285287857,43,0.9375676036964324,23,1,15,0,0,0,1,0,2,0,0,0,1,0.5348837209302325,0.023255813953488372,0.3488372093023256,0.0,0.0,0.0,0.023255813953488372,0.0,0.046511627906976744,0.0,0.0,0.0,0.023255813953488372
0749,0295767,Adenocarcinoma high grade,0.2094404548406601,0.2094404548406601,60,0.9365245252716156,34,1,20,0,0,0,4,0,0,0,0,0,1,0.5666666666666667,0.016666666666666666,0.3333333333333333,0.0,0.0,0.0,0.06666666666666667,0.0,0.0,0.0,0.0,0.0,0.016666666666666666
0749,0427212,Adenocarcinoma high grade,0.23187239468097687,0.23187239468097687,36,0.942945084183198,16,0,17,0,0,0,1,0,1,0,0,0,1,0.4444444444444444,0.0,0.4722222222222222,0.0,0.0,0.0,0.027777777777777776,0.0,0.027777777777777776,0.0,0.0,0.0,0.027777777777777776
0749,0461058,Adenocarcinoma high grade,0.20009289681911469,0.20009289681911469,41,0.9705437068130218,31,1,5,0,0,0,1,0,0,0,0,0,3,0.7560975609756098,0.024390243902439025,0.12195121951219512,0.0,0.0,0.0,0.024390243902439025,0.0,0.0,0.0,0.0,0.0,0.07317073170731707
0749,0477402,Adenocarcinoma high grade,0.2152501791715622,0.2152501791715622,45,0.9435668047362998,22,1,15,0,0,1,2,0,2,0,0,0,2,0.4888888888888889,0.022222222222222223,0.3333333333333333,0.0,0.0,0.022222222222222223,0.044444444444444446,0.0,0.044444444444444446,0.0,0.0,0.0,0.044444444444444446
0749,0577688,Adenocarcinoma high grade,0.23500800132751465,0.23500800132751465,26,0.995003219953158,5,0,19,0,0,0,1,0,1,0,0,0,0,0.19230769230769232,0.0,0.7307692307692307,0.0,0.0,0.0,0.038461538461538464,0.0,0.038461538461538464,0.0,0.0,0.0,0.0
0749,0646517,Adenocarcinoma high grade,0.23381072282791138,0.23381072282791138,64,0.9403959996635065,22,3,22,2,0,0,3,0,0,0,0,0,12,0.34375,0.046875,0.34375,0.03125,0.0,0.0,0.046875,0.0,0.0,0.0,0.0,0.0,0.1875
0749,0660270,Adenocarcinoma high grade,0.19702941179275513,0.19702941179275513,64,0.9631630341306603,62,0,0,1,0,0,0,0,1,0,0,0,0,0.96875,0.0,0.0,0.015625,0.0,0.0,0.0,0.0,0.015625,0.0,0.0,0.0,0.0
0749,0699623,Adenocarcinoma high grade,0.21253708004951477,0.21253708004951477,69,0.9770185461611126,62,0,6,0,0,0,0,0,1,0,0,0,0,0.8985507246376812,0.0,0.08695652173913043,0.0,0.0,0.0,0.0,0.0,0.014492753623188406,0.0,0.0,0.0,0.0
0749,0721808,Adenocarcinoma high grade,0.23234823346138,0.23234823346138,41,0.9054657542233536,3,3,24,1,0,0,6,0,3,0,0,0,1,0.07317073170731707,0.07317073170731707,0.5853658536585366,0.024390243902439025,0.0,0.0,0.14634146341463414,0.0,0.07317073170731707,0.0,0.0,0.0,0.024390243902439025
0749,0844197,Adenocarcinoma high grade,0.21190010011196136,0.21190010011196136,55,0.9636033671250902,22,2,23,0,0,1,5,0,0,0,0,0,2,0.4,0.03636363636363636,0.41818181818181815,0.0,0.0,0.01818181818181818,0.09090909090909091,0.0,0.0,0.0,0.0,0.0,0.03636363636363636
0749,0895858,Adenocarcinoma high grade,0.2334001213312149,0.2334001213312149,49,0.979888749653483,38,0,8,0,0,0,1,0,0,0,0,0,2,0.7755102040816326,0.0,0.16326530612244897,0.0,0.0,0.0,0.02040816326530612,0.0,0.0,0.0,0.0,0.0,0.04081632653061224
0749,0924706,Adenocarcinoma high grade,0.23664385080337524,0.23664385080337524,45,0.8618531434612198,8,5,24,0,0,1,4,0,1,0,0,0,2,0.17777777777777778,0.1111111111111111,0.5333333333333333,0.0,0.0,0.022222222222222223,0.08888888888888889,0.0,0.022222222222222223,0.0,0.0,0.0,0.044444444444444446
0749,1016588,Adenocarcinoma high grade,0.21480654180049896,0.21480654180049896,51,0.9400611041018005,31,4,8,0,0,0,1,0,2,0,0,0,5,0.6078431372549019,0.0784313725490196,0.1568627450980392,0.0,0.0,0.0,0.0196078431372549,0.0,0.0392156862745098,0.0,0.0,0.0,0.09803921568627451
0753,0312454,Adenocarcinoma high grade,0.2117181271314621,0.2117181271314621,36,0.859391885799605,18,5,2,0,0,0,5,0,3,0,0,0,3,0.5,0.1388888888888889,0.05555555555555555,0.0,0.0,0.0,0.1388888888888889,0.0,0.08333333333333333,0.0,0.0,0.0,0.08333333333333333
0773,0105385,Adenocarcinoma high grade,0.20639142394065857,0.20639142394065857,44,0.9315425318867709,27,0,2,0,0,0,11,0,0,0,0,0,4,0.6136363636363636,0.0,0.045454545454545456,0.0,0.0,0.0,0.25,0.0,0.0,0.0,0.0,0.0,0.09090909090909091
0773,0249675,Adenocarcinoma high grade,0.2230307012796402,0.2230307012796402,75,0.8944406940455686,22,6,5,5,0,0,10,0,0,0,0,0,27,0.29333333333333333,0.08,0.06666666666666667,0.06666666666666667,0.0,0.0,0.13333333333333333,0.0,0.0,0.0,0.0,0.0,0.36
0773,0337218,Adenocarcinoma high grade,0.20709215104579926,0.20709215104579926,63,0.9485974521044173,52,1,8,0,0,0,0,0,1,0,0,0,1,0.8253968253968254,0.015873015873015872,0.12698412698412698,0.0,0.0,0.0,0.0,0.0,0.015873015873015872,0.0,0.0,0.0,0.015873015873015872
0773,0380619,Adenocarcinoma high grade,0.21332532167434692,0.21332532167434692,60,0.9634342715230584,57,1,2,0,0,0,0,0,0,0,0,0,0,0.95,0.016666666666666666,0.03333333333333333,0.0,0.0,0.0,0.0,0.0,0.0,0.0,0.0,0.0,0.0
0773,0410655,Adenocarcinoma high grade,0.2143608182668686,0.2143608182668686,54,0.9880540922164271,53,1,0,0,0,0,0,0,0,0,0,0,0,0.9814814814814815,0.018518518518518517,0.0,0.0,0.0,0.0,0.0,0.0,0.0,0.0,0.0,0.0,0.0
0773,0424314,Adenocarcinoma high grade,0.22085851430892944,0.22085851430892944,58,0.9367090389967875,54,0,3,0,0,0,0,0,0,0,0,0,1,0.9310344827586207,0.0,0.05172413793103448,0.0,0.0,0.0,0.0,0.0,0.0,0.0,0.0,0.0,0.017241379310344827
0773,0573629,Adenocarcinoma high grade,0.22121720016002655,0.22121720016002655,44,0.9511559710366911,37,0,0,0,0,0,2,0,1,0,0,0,4,0.8409090909090909,0.0,0.0,0.0,0.0,0.0,0.045454545454545456,0.0,0.022727272727272728,0.0,0.0,0.0,0.09090909090909091
0773,0577574,Adenocarcinoma high grade,0.2134462594985962,0.2134462594985962,34,0.9299141250180926,34,0,0,0,0,0,0,0,0,0,0,0,0,1.0,0.0,0.0,0.0,0.0,0.0,0.0,0.0,0.0,0.0,0.0,0.0,0.0
0773,0837800,Adenocarcinoma high grade,0.17365768551826477,0.17365768551826477,78,0.9622230360419399,54,6,15,2,0,1,0,0,0,0,0,0,0,0.6923076923076923,0.07692307692307693,0.19230769230769232,0.02564102564102564,0.0,0.01282051282051282,0.0,0.0,0.0,0.0,0.0,0.0,0.0
0773,0928299,Adenocarcinoma high grade,0.2204963117837906,0.2204963117837906,55,0.9638563559595592,51,1,1,1,0,0,1,0,0,0,0,0,0,0.9272727272727272,0.01818181818181818,0.01818181818181818,0.01818181818181818,0.0,0.0,0.01818181818181818,0.0,0.0,0.0,0.0,0.0,0.0
0773,0961165,Adenocarcinoma high grade,0.22044409811496735,0.22044409811496735,56,0.9513101173743888,54,0,1,0,0,0,1,0,0,0,0,0,0,0.9642857142857143,0.0,0.017857142857142856,0.0,0.0,0.0,0.017857142857142856,0.0,0.0,0.0,0.0,0.0,0.0
0775,0034961,Adenocarcinoma high grade,0.4886045753955841,0.4886045753955841,53,0.9066069420910491,22,8,16,1,0,2,0,0,0,0,0,0,4,0.41509433962264153,0.1509433962264151,0.3018867924528302,0.018867924528301886,0.0,0.03773584905660377,0.0,0.0,0.0,0.0,0.0,0.0,0.07547169811320754
0775,0127446,Adenocarcinoma high grade,0.49638694524765015,0.49638694524765015,49,0.9792099138451225,43,0,3,0,0,0,1,0,0,0,0,0,2,0.8775510204081632,0.0,0.061224489795918366,0.0,0.0,0.0,0.02040816326530612,0.0,0.0,0.0,0.0,0.0,0.04081632653061224
0775,0140682,Adenocarcinoma high grade,0.4460482597351074,0.4460482597351074,53,0.9643686070453772,36,12,2,0,0,1,2,0,0,0,0,0,0,0.6792452830188679,0.22641509433962265,0.03773584905660377,0.0,0.0,0.018867924528301886,0.03773584905660377,0.0,0.0,0.0,0.0,0.0,0.0
0775,0262962,Adenocarcinoma high grade,0.47010496258735657,0.47010496258735657,62,0.9590660322536724,41,3,0,1,0,5,3,0,0,0,0,0,9,0.6612903225806451,0.04838709677419355,0.0,0.016129032258064516,0.0,0.08064516129032258,0.04838709677419355,0.0,0.0,0.0,0.0,0.0,0.14516129032258066
0775,0300033,Adenocarcinoma high grade,0.4671769142150879,0.4671769142150879,48,0.9490933940807157,26,11,3,1,0,2,2,0,1,0,1,0,1,0.5416666666666666,0.22916666666666666,0.0625,0.020833333333333332,0.0,0.041666666666666664,0.041666666666666664,0.0,0.020833333333333332,0.0,0.020833333333333332,0.0,0.020833333333333332
0775,0306005,Adenocarcinoma high grade,0.48662126064300537,0.48662126064300537,68,0.9584701540360541,47,14,2,2,0,1,0,0,0,0,0,0,2,0.6911764705882353,0.20588235294117646,0.029411764705882353,0.029411764705882353,0.0,0.014705882352941176,0.0,0.0,0.0,0.0,0.0,0.0,0.029411764705882353
0775,0329518,Adenocarcinoma high grade,0.46847081184387207,0.46847081184387207,74,0.9431369926892161,50,12,3,1,0,3,4,0,0,0,1,0,0,0.6756756756756757,0.16216216216216217,0.04054054054054054,0.013513513513513514,0.0,0.04054054054054054,0.05405405405405406,0.0,0.0,0.0,0.013513513513513514,0.0,0.0
0775,0345719,Adenocarcinoma high grade,0.47650840878486633,0.47650840878486633,66,0.9605652672359296,49,9,2,1,0,0,2,0,0,0,1,0,2,0.7424242424242424,0.13636363636363635,0.030303030303030304,0.015151515151515152,0.0,0.0,0.030303030303030304,0.0,0.0,0.0,0.015151515151515152,0.0,0.030303030303030304
0775,0352816,Adenocarcinoma high grade,0.460416704416275,0.460416704416275,71,0.9674158509689564,49,10,2,1,0,1,5,0,0,0,0,0,3,0.6901408450704225,0.14084507042253522,0.028169014084507043,0.014084507042253521,0.0,0.014084507042253521,0.07042253521126761,0.0,0.0,0.0,0.0,0.0,0.04225352112676056
0775,0361625,Adenocarcinoma high grade,0.4683316648006439,0.4683316648006439,46,0.956493451316215,30,2,4,2,0,3,1,0,0,0,0,0,4,0.6521739130434783,0.043478260869565216,0.08695652173913043,0.043478260869565216,0.0,0.06521739130434782,0.021739130434782608,0.0,0.0,0.0,0.0,0.0,0.08695652173913043
0775,0378185,Adenocarcinoma high grade,0.4693666994571686,0.4693666994571686,79,0.9102893170882337,53,11,2,1,0,6,3,0,0,0,0,0,3,0.6708860759493671,0.13924050632911392,0.02531645569620253,0.012658227848101266,0.0,0.0759493670886076,0.0379746835443038,0.0,0.0,0.0,0.0,0.0,0.0379746835443038
0775,0381086,Adenocarcinoma high grade,0.4776812791824341,0.4776812791824341,67,0.9492881501973492,50,11,0,0,0,0,1,0,1,0,0,0,4,0.746268656716418,0.16417910447761194,0.0,0.0,0.0,0.0,0.014925373134328358,0.0,0.014925373134328358,0.0,0.0,0.0,0.05970149253731343
0775,0508412,Adenocarcinoma high grade,0.4773831069469452,0.4773831069469452,56,0.9609716518533958,49,1,1,1,0,1,0,0,0,0,0,0,3,0.875,0.017857142857142856,0.017857142857142856,0.017857142857142856,0.0,0.017857142857142856,0.0,0.0,0.0,0.0,0.0,0.0,0.05357142857142857
0775,0510610,Adenocarcinoma high grade,0.44754868745803833,0.44754868745803833,50,0.9676057132325862,32,9,4,1,0,1,2,1,0,0,0,0,0,0.64,0.18,0.08,0.02,0.0,0.02,0.04,0.02,0.0,0.0,0.0,0.0,0.0
0775,0520162,Adenocarcinoma high grade,0.47636330127716064,0.47636330127716064,61,0.9390422080636214,49,3,6,0,0,0,2,0,0,0,0,0,1,0.8032786885245902,0.04918032786885246,0.09836065573770492,0.0,0.0,0.0,0.03278688524590164,0.0,0.0,0.0,0.0,0.0,0.01639344262295082
0775,0562106,Adenocarcinoma high grade,0.47041240334510803,0.47041240334510803,75,0.9547881706974043,53,12,5,0,0,0,5,0,0,0,0,0,0,0.7066666666666667,0.16,0.06666666666666667,0.0,0.0,0.0,0.06666666666666667,0.0,0.0,0.0,0.0,0.0,0.0
0775,0569650,Adenocarcinoma high grade,0.46812495589256287,0.46812495589256287,59,0.9500468464351928,32,21,3,0,0,0,2,0,0,0,0,0,1,0.5423728813559322,0.3559322033898305,0.05084745762711865,0.0,0.0,0.0,0.03389830508474576,0.0,0.0,0.0,0.0,0.0,0.01694915254237288
0775,0575382,Adenocarcinoma high grade,0.4568275809288025,0.4568275809288025,51,0.9669429113663641,40,2,5,0,0,1,2,0,1,0,0,0,0,0.7843137254901961,0.0392156862745098,0.09803921568627451,0.0,0.0,0.0196078431372549,0.0392156862745098,0.0,0.0196078431372549,0.0,0.0,0.0,0.0
0775,0618375,Adenocarcinoma high grade,0.41970622539520264,0.41970622539520264,56,0.9065291988490929,13,12,14,5,0,1,3,0,0,0,1,0,7,0.23214285714285715,0.21428571428571427,0.25,0.08928571428571429,0.0,0.017857142857142856,0.05357142857142857,0.0,0.0,0.0,0.017857142857142856,0.0,0.125
0775,0632271,Adenocarcinoma high grade,0.4666697084903717,0.4666697084903717,67,0.9330088094848131,47,10,4,2,0,0,3,0,0,0,0,0,1,0.7014925373134329,0.14925373134328357,0.05970149253731343,0.029850746268656716,0.0,0.0,0.04477611940298507,0.0,0.0,0.0,0.0,0.0,0.014925373134328358
0775,0659041,Adenocarcinoma high grade,0.4789823889732361,0.4789823889732361,64,0.939291199277426,55,2,1,0,0,0,3,0,1,0,0,0,2,0.859375,0.03125,0.015625,0.0,0.0,0.0,0.046875,0.0,0.015625,0.0,0.0,0.0,0.03125
0775,0669241,Adenocarcinoma high grade,0.4448128640651703,0.4448128640651703,52,0.981549471262594,40,1,5,0,0,1,4,0,1,0,0,0,0,0.7692307692307693,0.019230769230769232,0.09615384615384616,0.0,0.0,0.019230769230769232,0.07692307692307693,0.0,0.019230769230769232,0.0,0.0,0.0,0.0
0775,0719885,Adenocarcinoma high grade,0.4501529037952423,0.4501529037952423,57,0.9430621410127642,15,16,14,1,0,3,2,0,1,0,0,0,5,0.2631578947368421,0.2807017543859649,0.24561403508771928,0.017543859649122806,0.0,0.05263157894736842,0.03508771929824561,0.0,0.017543859649122806,0.0,0.0,0.0,0.08771929824561403
0775,0723159,Adenocarcinoma high grade,0.47951048612594604,0.47951048612594604,70,0.9387597724673857,47,14,0,0,0,4,2,0,0,0,0,0,3,0.6714285714285714,0.2,0.0,0.0,0.0,0.05714285714285714,0.02857142857142857,0.0,0.0,0.0,0.0,0.0,0.04285714285714286
0775,0809059,Adenocarcinoma high grade,0.4122871458530426,0.4122871458530426,42,0.9429084080698248,14,11,3,3,0,1,4,0,5,0,0,0,1,0.3333333333333333,0.2619047619047619,0.07142857142857142,0.07142857142857142,0.0,0.023809523809523808,0.09523809523809523,0.0,0.11904761904761904,0.0,0.0,0.0,0.023809523809523808
0775,0816598,Adenocarcinoma high grade,0.4612232744693756,0.4612232744693756,49,0.9786485837783685,43,1,5,0,0,0,0,0,0,0,0,0,0,0.8775510204081632,0.02040816326530612,0.10204081632653061,0.0,0.0,0.0,0.0,0.0,0.0,0.0,0.0,0.0,0.0
0775,0840459,Adenocarcinoma high grade,0.4461139142513275,0.4461139142513275,75,0.9228865653046641,38,11,1,4,0,9,2,0,0,0,0,0,10,0.5066666666666667,0.14666666666666667,0.013333333333333334,0.05333333333333334,0.0,0.12,0.02666666666666667,0.0,0.0,0.0,0.0,0.0,0.13333333333333333
0775,0842524,Adenocarcinoma high grade,0.4775567352771759,0.4775567352771759,79,0.9486987827130395,56,5,2,3,0,8,1,0,1,0,0,0,3,0.7088607594936709,0.06329113924050633,0.02531645569620253,0.0379746835443038,0.0,0.10126582278481013,0.012658227848101266,0.0,0.012658227848101266,0.0,0.0,0.0,0.0379746835443038
0775,0986772,Adenocarcinoma high grade,0.44408732652664185,0.44408732652664185,45,0.9740075442111181,34,3,0,2,0,0,3,0,1,0,0,0,2,0.7555555555555555,0.06666666666666667,0.0,0.044444444444444446,0.0,0.0,0.06666666666666667,0.0,0.022222222222222223,0.0,0.0,0.0,0.044444444444444446
0825,0002074,Adenocarcinoma high grade,0.37971168756484985,0.37971168756484985,37,0.9370290383660597,31,1,0,0,0,0,3,0,1,0,0,0,1,0.8378378378378378,0.02702702702702703,0.0,0.0,0.0,0.0,0.08108108108108109,0.0,0.02702702702702703,0.0,0.0,0.0,0.02702702702702703
0825,0012526,Adenocarcinoma high grade,0.38933032751083374,0.38933032751083374,57,0.9638169167098944,56,0,1,0,0,0,0,0,0,0,0,0,0,0.9824561403508771,0.0,0.017543859649122806,0.0,0.0,0.0,0.0,0.0,0.0,0.0,0.0,0.0,0.0
0825,0033446,Adenocarcinoma high grade,0.3816852867603302,0.3816852867603302,58,0.9866158577229981,58,0,0,0,0,0,0,0,0,0,0,0,0,1.0,0.0,0.0,0.0,0.0,0.0,0.0,0.0,0.0,0.0,0.0,0.0,0.0
0825,0049609,Adenocarcinoma high grade,0.39999687671661377,0.39999687671661377,62,0.9156602519202571,28,22,0,4,0,0,6,0,1,0,0,0,1,0.45161290322580644,0.3548387096774194,0.0,0.06451612903225806,0.0,0.0,0.0967741935483871,0.0,0.016129032258064516,0.0,0.0,0.0,0.016129032258064516
0825,0092273,Adenocarcinoma high grade,0.3771187663078308,0.3771187663078308,41,0.9696548162539846,35,0,3,0,0,0,2,0,1,0,0,0,0,0.8536585365853658,0.0,0.07317073170731707,0.0,0.0,0.0,0.04878048780487805,0.0,0.024390243902439025,0.0,0.0,0.0,0.0
0825,0149690,Adenocarcinoma high grade,0.37454479932785034,0.37454479932785034,29,0.9282054644153477,28,0,1,0,0,0,0,0,0,0,0,0,0,0.9655172413793104,0.0,0.034482758620689655,0.0,0.0,0.0,0.0,0.0,0.0,0.0,0.0,0.0,0.0
0825,0150316,Adenocarcinoma high grade,0.39868152141571045,0.39868152141571045,44,0.9558119820859489,42,0,1,0,0,0,0,0,0,0,0,0,1,0.9545454545454546,0.0,0.022727272727272728,0.0,0.0,0.0,0.0,0.0,0.0,0.0,0.0,0.0,0.022727272727272728
0825,0158024,Adenocarcinoma high grade,0.436963826417923,0.436963826417923,97,0.9785516550831581,11,85,0,0,0,0,1,0,0,0,0,0,0,0.1134020618556701,0.8762886597938144,0.0,0.0,0.0,0.0,0.010309278350515464,0.0,0.0,0.0,0.0,0.0,0.0
0825,0185276,Adenocarcinoma high grade,0.3449380695819855,0.3449380695819855,40,0.9456531581401437,37,0,1,0,0,0,1,0,0,0,0,1,0,0.925,0.0,0.025,0.0,0.0,0.0,0.025,0.0,0.0,0.0,0.0,0.025,0.0
0825,0190998,Adenocarcinoma high grade,0.39494723081588745,0.39494723081588745,70,0.9759348766665507,26,41,1,1,0,0,0,0,0,0,0,0,1,0.37142857142857144,0.5857142857142857,0.014285714285714285,0.014285714285714285,0.0,0.0,0.0,0.0,0.0,0.0,0.0,0.0,0.014285714285714285
0825,0219084,Adenocarcinoma high grade,0.37081220746040344,0.37081220746040344,38,0.867524006881105,36,0,1,0,0,0,0,0,1,0,0,0,0,0.9473684210526315,0.0,0.02631578947368421,0.0,0.0,0.0,0.0,0.0,0.02631578947368421,0.0,0.0,0.0,0.0
0825,0231247,Adenocarcinoma high grade,0.3752864599227905,0.3752864599227905,50,0.9268399070574447,33,2,8,4,0,0,3,0,0,0,0,0,0,0.66,0.04,0.16,0.08,0.0,0.0,0.06,0.0,0.0,0.0,0.0,0.0,0.0
0825,0239044,Adenocarcinoma high grade,0.39096900820732117,0.39096900820732117,55,0.9113328315977802,20,4,7,5,0,0,15,0,4,0,0,0,0,0.36363636363636365,0.07272727272727272,0.12727272727272726,0.09090909090909091,0.0,0.0,0.2727272727272727,0.0,0.07272727272727272,0.0,0.0,0.0,0.0
0825,0283984,Adenocarcinoma high grade,0.3212752938270569,0.3212752938270569,43,0.9785731362855296,43,0,0,0,0,0,0,0,0,0,0,0,0,1.0,0.0,0.0,0.0,0.0,0.0,0.0,0.0,0.0,0.0,0.0,0.0,0.0
0825,0320870,Adenocarcinoma high grade,0.402760773897171,0.402760773897171,35,0.974601109269451,34,0,0,0,0,0,0,0,1,0,0,0,0,0.9714285714285714,0.0,0.0,0.0,0.0,0.0,0.0,0.0,0.02857142857142857,0.0,0.0,0.0,0.0
0825,0321556,Adenocarcinoma high grade,0.3760190010070801,0.3760190010070801,39,0.915792861213614,34,1,3,0,0,0,0,0,1,0,0,0,0,0.8717948717948718,0.02564102564102564,0.07692307692307693,0.0,0.0,0.0,0.0,0.0,0.02564102564102564,0.0,0.0,0.0,0.0
0825,0360377,Adenocarcinoma high grade,0.37320488691329956,0.37320488691329956,35,0.9086034860647538,28,0,4,0,0,0,2,0,1,0,0,0,0,0.8,0.0,0.11428571428571428,0.0,0.0,0.0,0.05714285714285714,0.0,0.02857142857142857,0.0,0.0,0.0,0.0
0825,0381377,Adenocarcinoma high grade,0.40543460845947266,0.40543460845947266,47,0.9462870292673649,44,0,0,0,0,0,0,0,2,0,0,1,0,0.9361702127659575,0.0,0.0,0.0,0.0,0.0,0.0,0.0,0.0425531914893617,0.0,0.0,0.02127659574468085,0.0
0825,0384994,Adenocarcinoma high grade,0.3689241111278534,0.3689241111278534,49,0.9496200702825446,42,3,3,0,0,0,0,0,1,0,0,0,0,0.8571428571428571,0.061224489795918366,0.061224489795918366,0.0,0.0,0.0,0.0,0.0,0.02040816326530612,0.0,0.0,0.0,0.0
0825,0401244,Adenocarcinoma high grade,0.3814382553100586,0.3814382553100586,29,0.9776570244271788,27,0,1,0,0,0,0,0,0,0,0,1,0,0.9310344827586207,0.0,0.034482758620689655,0.0,0.0,0.0,0.0,0.0,0.0,0.0,0.0,0.034482758620689655,0.0
0825,0405105,Adenocarcinoma high grade,0.3728819787502289,0.3728819787502289,22,0.9621368729585694,11,1,6,0,0,0,3,0,1,0,0,0,0,0.5,0.045454545454545456,0.2727272727272727,0.0,0.0,0.0,0.13636363636363635,0.0,0.045454545454545456,0.0,0.0,0.0,0.0
0825,0410885,Adenocarcinoma high grade,0.42484891414642334,0.42484891414642334,82,0.9372731508275642,26,43,11,1,0,0,0,0,1,0,0,0,0,0.3170731707317073,0.524390243902439,0.13414634146341464,0.012195121951219513,0.0,0.0,0.0,0.0,0.012195121951219513,0.0,0.0,0.0,0.0
0825,0446165,Adenocarcinoma high grade,0.37672725319862366,0.37672725319862366,36,0.9763603787669294,35,0,0,0,0,0,1,0,0,0,0,0,0,0.9722222222222222,0.0,0.0,0.0,0.0,0.0,0.027777777777777776,0.0,0.0,0.0,0.0,0.0,0.0
0825,0466502,Adenocarcinoma high grade,0.3826567828655243,0.3826567828655243,51,0.977474940344959,49,0,0,0,0,0,0,0,0,0,0,2,0,0.9607843137254902,0.0,0.0,0.0,0.0,0.0,0.0,0.0,0.0,0.0,0.0,0.0392156862745098,0.0
0825,0526466,Adenocarcinoma high grade,0.36379697918891907,0.36379697918891907,47,0.9866309146556123,46,0,0,0,0,0,0,0,0,0,0,0,1,0.9787234042553191,0.0,0.0,0.0,0.0,0.0,0.0,0.0,0.0,0.0,0.0,0.0,0.02127659574468085
0825,0544720,Adenocarcinoma high grade,0.3855455219745636,0.3855455219745636,37,0.9871768368652438,34,0,3,0,0,0,0,0,0,0,0,0,0,0.918918918918919,0.0,0.08108108108108109,0.0,0.0,0.0,0.0,0.0,0.0,0.0,0.0,0.0,0.0
0825,0557807,Adenocarcinoma high grade,0.391330748796463,0.391330748796463,37,0.9762052095204655,36,0,0,0,0,0,1,0,0,0,0,0,0,0.972972972972973,0.0,0.0,0.0,0.0,0.0,0.02702702702702703,0.0,0.0,0.0,0.0,0.0,0.0
0825,0595897,Adenocarcinoma high grade,0.344856858253479,0.344856858253479,60,0.9977737297409639,60,0,0,0,0,0,0,0,0,0,0,0,0,1.0,0.0,0.0,0.0,0.0,0.0,0.0,0.0,0.0,0.0,0.0,0.0,0.0
0825,0622642,Adenocarcinoma high grade,0.40814271569252014,0.40814271569252014,89,0.9789617434971292,29,57,1,0,0,0,2,0,0,0,0,0,0,0.3258426966292135,0.6404494382022472,0.011235955056179775,0.0,0.0,0.0,0.02247191011235955,0.0,0.0,0.0,0.0,0.0,0.0
0825,0634779,Adenocarcinoma high grade,0.3555215299129486,0.3555215299129486,55,0.8956906769900977,23,6,6,6,0,0,13,0,0,1,0,0,0,0.41818181818181815,0.10909090909090909,0.10909090909090909,0.10909090909090909,0.0,0.0,0.23636363636363636,0.0,0.0,0.01818181818181818,0.0,0.0,0.0
0825,0640887,Adenocarcinoma high grade,0.3034503757953644,0.3034503757953644,50,0.9804638379919115,50,0,0,0,0,0,0,0,0,0,0,0,0,1.0,0.0,0.0,0.0,0.0,0.0,0.0,0.0,0.0,0.0,0.0,0.0,0.0
0825,0660950,Adenocarcinoma high grade,0.3942023813724518,0.3942023813724518,44,0.967277983259003,42,0,0,1,0,0,0,0,0,0,0,1,0,0.9545454545454546,0.0,0.0,0.022727272727272728,0.0,0.0,0.0,0.0,0.0,0.0,0.0,0.022727272727272728,0.0
0825,0662029,Adenocarcinoma high grade,0.40259307622909546,0.40259307622909546,47,0.9818364044750828,47,0,0,0,0,0,0,0,0,0,0,0,0,1.0,0.0,0.0,0.0,0.0,0.0,0.0,0.0,0.0,0.0,0.0,0.0,0.0
0825,0667563,Adenocarcinoma high grade,0.32199206948280334,0.32199206948280334,53,0.9962130947645587,47,0,4,0,0,0,2,0,0,0,0,0,0,0.8867924528301887,0.0,0.07547169811320754,0.0,0.0,0.0,0.03773584905660377,0.0,0.0,0.0,0.0,0.0,0.0
0825,0687904,Adenocarcinoma high grade,0.395182728767395,0.395182728767395,31,0.9933297992674643,19,2,3,1,0,0,6,0,0,0,0,0,0,0.6129032258064516,0.06451612903225806,0.0967741935483871,0.03225806451612903,0.0,0.0,0.1935483870967742,0.0,0.0,0.0,0.0,0.0,0.0
0825,0727982,Adenocarcinoma high grade,0.3621675968170166,0.3621675968170166,52,0.972297842223318,34,0,13,0,0,0,4,0,0,0,0,0,1,0.6538461538461539,0.0,0.25,0.0,0.0,0.0,0.07692307692307693,0.0,0.0,0.0,0.0,0.0,0.019230769230769232
0825,0737879,Adenocarcinoma high grade,0.37199321389198303,0.37199321389198303,37,0.9557810562521001,32,1,3,0,0,0,0,0,0,0,0,0,1,0.8648648648648649,0.02702702702702703,0.08108108108108109,0.0,0.0,0.0,0.0,0.0,0.0,0.0,0.0,0.0,0.02702702702702703
0825,0745816,Adenocarcinoma high grade,0.4100838303565979,0.4100838303565979,92,0.9237499070767534,17,69,0,2,0,0,3,0,1,0,0,0,0,0.18478260869565216,0.75,0.0,0.021739130434782608,0.0,0.0,0.03260869565217391,0.0,0.010869565217391304,0.0,0.0,0.0,0.0
0825,0747004,Adenocarcinoma high grade,0.40079033374786377,0.40079033374786377,50,0.9944147304095222,50,0,0,0,0,0,0,0,0,0,0,0,0,1.0,0.0,0.0,0.0,0.0,0.0,0.0,0.0,0.0,0.0,0.0,0.0,0.0
0825,0767652,Adenocarcinoma high grade,0.3638021945953369,0.3638021945953369,44,0.9757432647245476,31,1,8,0,0,0,4,0,0,0,0,0,0,0.7045454545454546,0.022727272727272728,0.18181818181818182,0.0,0.0,0.0,0.09090909090909091,0.0,0.0,0.0,0.0,0.0,0.0
0825,0769241,Adenocarcinoma high grade,0.3956758677959442,0.3956758677959442,49,0.977876495043176,46,0,3,0,0,0,0,0,0,0,0,0,0,0.9387755102040817,0.0,0.061224489795918366,0.0,0.0,0.0,0.0,0.0,0.0,0.0,0.0,0.0,0.0
0825,0796133,Adenocarcinoma high grade,0.384132444858551,0.384132444858551,77,0.9259546551172341,26,40,4,1,0,0,4,0,2,0,0,0,0,0.33766233766233766,0.5194805194805194,0.05194805194805195,0.012987012987012988,0.0,0.0,0.05194805194805195,0.0,0.025974025974025976,0.0,0.0,0.0,0.0
0825,0812548,Adenocarcinoma high grade,0.3402448296546936,0.3402448296546936,53,0.9691660119841209,47,0,2,0,0,0,2,0,1,0,0,0,1,0.8867924528301887,0.0,0.03773584905660377,0.0,0.0,0.0,0.03773584905660377,0.0,0.018867924528301886,0.0,0.0,0.0,0.018867924528301886
0825,0830462,Adenocarcinoma high grade,0.379466712474823,0.379466712474823,54,0.956582035824536,45,0,3,0,0,0,3,0,3,0,0,0,0,0.8333333333333334,0.0,0.05555555555555555,0.0,0.0,0.0,0.05555555555555555,0.0,0.05555555555555555,0.0,0.0,0.0,0.0
0825,0843049,Adenocarcinoma high grade,0.39594346284866333,0.39594346284866333,59,0.9387212116285162,30,23,0,2,0,0,4,0,0,0,0,0,0,0.5084745762711864,0.3898305084745763,0.0,0.03389830508474576,0.0,0.0,0.06779661016949153,0.0,0.0,0.0,0.0,0.0,0.0
0825,0906545,Adenocarcinoma high grade,0.3846231698989868,0.3846231698989868,33,0.9433252926280237,20,0,11,1,0,0,1,0,0,0,0,0,0,0.6060606060606061,0.0,0.3333333333333333,0.030303030303030304,0.0,0.0,0.030303030303030304,0.0,0.0,0.0,0.0,0.0,0.0
0825,0916325,Adenocarcinoma high grade,0.35960185527801514,0.35960185527801514,35,0.9344617069886523,30,2,3,0,0,0,0,0,0,0,0,0,0,0.8571428571428571,0.05714285714285714,0.08571428571428572,0.0,0.0,0.0,0.0,0.0,0.0,0.0,0.0,0.0,0.0
0825,0997254,Adenocarcinoma high grade,0.38060566782951355,0.38060566782951355,35,0.9171284610864688,32,0,2,0,0,0,1,0,0,0,0,0,0,0.9142857142857143,0.0,0.05714285714285714,0.0,0.0,0.0,0.02857142857142857,0.0,0.0,0.0,0.0,0.0,0.0
0825,1010743,Adenocarcinoma high grade,0.4190964996814728,0.4190964996814728,41,0.9395458081521277,18,22,0,0,0,0,0,0,0,0,0,0,1,0.43902439024390244,0.5365853658536586,0.0,0.0,0.0,0.0,0.0,0.0,0.0,0.0,0.0,0.0,0.024390243902439025
0825,1025340,Adenocarcinoma high grade,0.3712303042411804,0.3712303042411804,52,0.9551019673534623,41,1,4,0,0,0,5,0,0,0,0,0,1,0.7884615384615384,0.019230769230769232,0.07692307692307693,0.0,0.0,0.0,0.09615384615384616,0.0,0.0,0.0,0.0,0.0,0.019230769230769232
0855,0086370,Adenocarcinoma high grade,0.16900628805160522,0.16900628805160522,63,0.9322427768773497,51,5,0,0,0,2,0,0,2,0,0,0,3,0.8095238095238095,0.07936507936507936,0.0,0.0,0.0,0.031746031746031744,0.0,0.0,0.031746031746031744,0.0,0.0,0.0,0.047619047619047616
0855,0393208,Adenocarcinoma high grade,0.19903390109539032,0.19903390109539032,68,0.9555310079287167,45,1,13,0,0,0,3,0,4,0,0,0,2,0.6617647058823529,0.014705882352941176,0.19117647058823528,0.0,0.0,0.0,0.04411764705882353,0.0,0.058823529411764705,0.0,0.0,0.0,0.029411764705882353
0855,0395914,Adenocarcinoma high grade,0.19826385378837585,0.19826385378837585,79,0.9588191393395333,67,0,1,0,0,0,2,0,0,0,0,0,9,0.8481012658227848,0.0,0.012658227848101266,0.0,0.0,0.0,0.02531645569620253,0.0,0.0,0.0,0.0,0.0,0.11392405063291139
0855,0576499,Adenocarcinoma high grade,0.1585860401391983,0.1585860401391983,81,0.9896575011689118,80,0,0,1,0,0,0,0,0,0,0,0,0,0.9876543209876543,0.0,0.0,0.012345679012345678,0.0,0.0,0.0,0.0,0.0,0.0,0.0,0.0,0.0
0855,0579408,Adenocarcinoma high grade,0.18667921423912048,0.18667921423912048,79,0.9209625380868883,55,7,7,0,0,0,3,0,3,0,0,0,4,0.6962025316455697,0.08860759493670886,0.08860759493670886,0.0,0.0,0.0,0.0379746835443038,0.0,0.0379746835443038,0.0,0.0,0.0,0.05063291139240506
0855,0686582,Adenocarcinoma high grade,0.16813871264457703,0.16813871264457703,83,0.9651473712920191,41,5,31,0,0,0,6,0,0,0,0,0,0,0.4939759036144578,0.060240963855421686,0.37349397590361444,0.0,0.0,0.0,0.07228915662650602,0.0,0.0,0.0,0.0,0.0,0.0
0855,0777722,Adenocarcinoma high grade,0.17472195625305176,0.17472195625305176,80,0.9822369264045113,70,8,1,0,0,0,0,0,0,0,0,0,1,0.875,0.1,0.0125,0.0,0.0,0.0,0.0,0.0,0.0,0.0,0.0,0.0,0.0125
0855,0807380,Adenocarcinoma high grade,0.16498713195323944,0.16498713195323944,32,0.9981115169496702,32,0,0,0,0,0,0,0,0,0,0,0,0,1.0,0.0,0.0,0.0,0.0,0.0,0.0,0.0,0.0,0.0,0.0,0.0,0.0
0855,0897555,Adenocarcinoma high grade,0.18903829157352448,0.18903829157352448,74,0.9264090659738319,53,1,9,0,0,0,0,0,0,0,0,0,11,0.7162162162162162,0.013513513513513514,0.12162162162162163,0.0,0.0,0.0,0.0,0.0,0.0,0.0,0.0,0.0,0.14864864864864866
0878,0009461,Adenocarcinoma high grade,0.15966056287288666,0.15966056287288666,63,0.9510496921048851,44,0,12,1,0,2,3,0,1,0,0,0,0,0.6984126984126984,0.0,0.19047619047619047,0.015873015873015872,0.0,0.031746031746031744,0.047619047619047616,0.0,0.015873015873015872,0.0,0.0,0.0,0.0
0878,0667332,Adenocarcinoma high grade,0.22181016206741333,0.22181016206741333,29,0.921770123921304,15,0,0,0,0,0,1,0,0,0,0,0,13,0.5172413793103449,0.0,0.0,0.0,0.0,0.0,0.034482758620689655,0.0,0.0,0.0,0.0,0.0,0.4482758620689655
0878,0938228,Adenocarcinoma high grade,0.21769802272319794,0.21769802272319794,55,0.9588851371763161,45,0,4,1,0,0,1,0,0,0,0,0,4,0.8181818181818182,0.0,0.07272727272727272,0.01818181818181818,0.0,0.0,0.01818181818181818,0.0,0.0,0.0,0.0,0.0,0.07272727272727272
0880,0111571,Adenocarcinoma high grade,0.48017746210098267,0.48017746210098267,75,0.9250697294945339,56,0,1,5,0,3,0,0,0,0,0,0,10,0.7466666666666667,0.0,0.013333333333333334,0.06666666666666667,0.0,0.04,0.0,0.0,0.0,0.0,0.0,0.0,0.13333333333333333
0880,0122810,Adenocarcinoma high grade,0.49005287885665894,0.49005287885665894,87,0.8809067385595025,58,4,1,3,0,16,0,0,0,0,2,0,3,0.6666666666666666,0.04597701149425287,0.011494252873563218,0.034482758620689655,0.0,0.1839080459770115,0.0,0.0,0.0,0.0,0.022988505747126436,0.0,0.034482758620689655
0880,0271545,Adenocarcinoma high grade,0.49467265605926514,0.49467265605926514,88,0.9543900816911669,63,17,1,3,0,1,0,0,0,0,0,0,3,0.7159090909090909,0.19318181818181818,0.011363636363636364,0.03409090909090909,0.0,0.011363636363636364,0.0,0.0,0.0,0.0,0.0,0.0,0.03409090909090909
0880,0410320,Adenocarcinoma high grade,0.5079758763313293,0.5079758763313293,91,0.9378836806798158,45,35,1,1,1,2,2,0,0,0,0,0,4,0.4945054945054945,0.38461538461538464,0.01098901098901099,0.01098901098901099,0.01098901098901099,0.02197802197802198,0.02197802197802198,0.0,0.0,0.0,0.0,0.0,0.04395604395604396
0890,0212532,Adenocarcinoma high grade,0.44871053099632263,0.44871053099632263,62,0.973944253558671,59,0,2,0,0,1,0,0,0,0,0,0,0,0.9516129032258065,0.0,0.03225806451612903,0.0,0.0,0.016129032258064516,0.0,0.0,0.0,0.0,0.0,0.0,0.0
0890,0561940,Adenocarcinoma high grade,0.4949778616428375,0.4949778616428375,72,0.8757836151552123,47,5,5,1,1,10,0,0,0,0,0,0,3,0.6527777777777778,0.06944444444444445,0.06944444444444445,0.013888888888888888,0.013888888888888888,0.1388888888888889,0.0,0.0,0.0,0.0,0.0,0.0,0.041666666666666664
0896,0118338,Adenocarcinoma high grade,0.4720750153064728,0.4720750153064728,70,0.9929659936323008,65,1,4,0,0,0,0,0,0,0,0,0,0,0.9285714285714286,0.014285714285714285,0.05714285714285714,0.0,0.0,0.0,0.0,0.0,0.0,0.0,0.0,0.0,0.0
0896,0132711,Adenocarcinoma high grade,0.48052775859832764,0.48052775859832764,72,0.9864725694409212,65,0,4,0,0,0,1,0,0,0,0,0,2,0.9027777777777778,0.0,0.05555555555555555,0.0,0.0,0.0,0.013888888888888888,0.0,0.0,0.0,0.0,0.0,0.027777777777777776
0896,0189791,Adenocarcinoma high grade,0.48632997274398804,0.48632997274398804,63,0.9838225454114223,57,4,0,0,0,1,0,0,0,0,0,0,1,0.9047619047619048,0.06349206349206349,0.0,0.0,0.0,0.015873015873015872,0.0,0.0,0.0,0.0,0.0,0.0,0.015873015873015872
0896,0215703,Adenocarcinoma high grade,0.49056604504585266,0.49056604504585266,45,0.990755546674209,43,1,0,0,0,0,0,0,0,0,0,0,1,0.9555555555555556,0.022222222222222223,0.0,0.0,0.0,0.0,0.0,0.0,0.0,0.0,0.0,0.0,0.022222222222222223
0896,0242508,Adenocarcinoma high grade,0.5020080208778381,0.5020080208778381,78,0.9161460427472494,48,11,1,3,1,5,5,0,0,0,0,1,3,0.6153846153846154,0.14102564102564102,0.01282051282051282,0.038461538461538464,0.01282051282051282,0.0641025641025641,0.0641025641025641,0.0,0.0,0.0,0.0,0.01282051282051282,0.038461538461538464
0896,0248140,Adenocarcinoma high grade,0.47773173451423645,0.47773173451423645,53,0.9338766809942567,43,0,1,0,0,3,2,0,0,0,0,0,4,0.8113207547169812,0.0,0.018867924528301886,0.0,0.0,0.05660377358490566,0.03773584905660377,0.0,0.0,0.0,0.0,0.0,0.07547169811320754
0896,0322747,Adenocarcinoma high grade,0.48453041911125183,0.48453041911125183,73,0.999999992400877,73,0,0,0,0,0,0,0,0,0,0,0,0,1.0,0.0,0.0,0.0,0.0,0.0,0.0,0.0,0.0,0.0,0.0,0.0,0.0
0896,0386009,Adenocarcinoma high grade,0.4960588812828064,0.4960588812828064,69,0.9827570874048907,62,4,1,0,0,0,0,0,0,0,0,1,1,0.8985507246376812,0.057971014492753624,0.014492753623188406,0.0,0.0,0.0,0.0,0.0,0.0,0.0,0.0,0.014492753623188406,0.014492753623188406
0896,0386034,Adenocarcinoma high grade,0.5082022547721863,0.5082022547721863,80,0.9100581257235149,56,7,6,0,0,6,1,1,0,0,0,1,2,0.7,0.0875,0.075,0.0,0.0,0.075,0.0125,0.0125,0.0,0.0,0.0,0.0125,0.025
0896,0401061,Adenocarcinoma high grade,0.4784591794013977,0.4784591794013977,37,0.9994728942767032,33,4,0,0,0,0,0,0,0,0,0,0,0,0.8918918918918919,0.10810810810810811,0.0,0.0,0.0,0.0,0.0,0.0,0.0,0.0,0.0,0.0,0.0
0896,0432907,Adenocarcinoma high grade,0.49387460947036743,0.49387460947036743,74,0.9918556853912133,66,1,3,2,0,0,0,0,0,0,0,1,1,0.8918918918918919,0.013513513513513514,0.04054054054054054,0.02702702702702703,0.0,0.0,0.0,0.0,0.0,0.0,0.0,0.013513513513513514,0.013513513513513514
0896,0435516,Adenocarcinoma high grade,0.4735404849052429,0.4735404849052429,53,0.9648151924460565,45,1,2,1,0,3,1,0,0,0,0,0,0,0.8490566037735849,0.018867924528301886,0.03773584905660377,0.018867924528301886,0.0,0.05660377358490566,0.018867924528301886,0.0,0.0,0.0,0.0,0.0,0.0
0896,0460260,Adenocarcinoma high grade,0.49838507175445557,0.49838507175445557,83,0.9269322717210199,50,11,5,1,0,8,4,1,0,0,1,1,1,0.6024096385542169,0.13253012048192772,0.060240963855421686,0.012048192771084338,0.0,0.0963855421686747,0.04819277108433735,0.012048192771084338,0.0,0.0,0.012048192771084338,0.012048192771084338,0.012048192771084338
0896,0462983,Adenocarcinoma high grade,0.48692113161087036,0.48692113161087036,74,0.9355475095478227,54,2,1,1,0,8,7,0,0,0,0,0,1,0.7297297297297297,0.02702702702702703,0.013513513513513514,0.013513513513513514,0.0,0.10810810810810811,0.0945945945945946,0.0,0.0,0.0,0.0,0.0,0.013513513513513514
0896,0468098,Adenocarcinoma high grade,0.4966784715652466,0.4966784715652466,87,0.9702060044080993,77,3,3,0,0,4,0,0,0,0,0,0,0,0.8850574712643678,0.034482758620689655,0.034482758620689655,0.0,0.0,0.04597701149425287,0.0,0.0,0.0,0.0,0.0,0.0,0.0
0896,0471397,Adenocarcinoma high grade,0.48332908749580383,0.48332908749580383,56,0.9817065813099755,48,1,2,0,0,3,1,0,0,0,0,1,0,0.8571428571428571,0.017857142857142856,0.03571428571428571,0.0,0.0,0.05357142857142857,0.017857142857142856,0.0,0.0,0.0,0.0,0.017857142857142856,0.0
0896,0508566,Adenocarcinoma high grade,0.49152061343193054,0.49152061343193054,63,0.9920634851131007,61,1,0,0,0,0,0,0,0,0,0,0,1,0.9682539682539683,0.015873015873015872,0.0,0.0,0.0,0.0,0.0,0.0,0.0,0.0,0.0,0.0,0.015873015873015872
0896,0542932,Adenocarcinoma high grade,0.5012574791908264,0.5012574791908264,52,0.99169445355116,49,2,0,0,0,1,0,0,0,0,0,0,0,0.9423076923076923,0.038461538461538464,0.0,0.0,0.0,0.019230769230769232,0.0,0.0,0.0,0.0,0.0,0.0,0.0
0896,0572650,Adenocarcinoma high grade,0.48338019847869873,0.48338019847869873,74,0.9821802714340959,54,12,5,0,0,0,1,0,0,0,0,0,2,0.7297297297297297,0.16216216216216217,0.06756756756756757,0.0,0.0,0.0,0.013513513513513514,0.0,0.0,0.0,0.0,0.0,0.02702702702702703
0896,0581567,Adenocarcinoma high grade,0.4652916193008423,0.4652916193008423,58,0.9850079130686337,55,1,1,1,0,0,0,0,0,0,0,0,0,0.9482758620689655,0.017241379310344827,0.017241379310344827,0.017241379310344827,0.0,0.0,0.0,0.0,0.0,0.0,0.0,0.0,0.0
0896,0584605,Adenocarcinoma high grade,0.452217161655426,0.452217161655426,52,0.9918947369448641,48,0,0,0,0,0,1,0,0,0,0,2,1,0.9230769230769231,0.0,0.0,0.0,0.0,0.0,0.019230769230769232,0.0,0.0,0.0,0.0,0.038461538461538464,0.019230769230769232
0896,0584716,Adenocarcinoma high grade,0.4815864562988281,0.4815864562988281,54,0.9565882743658043,44,2,4,2,0,0,2,0,0,0,0,0,0,0.8148148148148148,0.037037037037037035,0.07407407407407407,0.037037037037037035,0.0,0.0,0.037037037037037035,0.0,0.0,0.0,0.0,0.0,0.0
0896,0596747,Adenocarcinoma high grade,0.4700838625431061,0.4700838625431061,63,0.9908828718527442,59,2,0,1,0,0,1,0,0,0,0,0,0,0.9365079365079365,0.031746031746031744,0.0,0.015873015873015872,0.0,0.0,0.015873015873015872,0.0,0.0,0.0,0.0,0.0,0.0
0896,0668330,Adenocarcinoma high grade,0.4776895344257355,0.4776895344257355,29,0.9927781319191467,27,0,0,0,0,0,2,0,0,0,0,0,0,0.9310344827586207,0.0,0.0,0.0,0.0,0.0,0.06896551724137931,0.0,0.0,0.0,0.0,0.0,0.0
0896,0745321,Adenocarcinoma high grade,0.4730122685432434,0.4730122685432434,68,0.9891346670563523,63,0,2,0,0,0,1,0,0,0,0,0,2,0.9264705882352942,0.0,0.029411764705882353,0.0,0.0,0.0,0.014705882352941176,0.0,0.0,0.0,0.0,0.0,0.029411764705882353
0896,0748316,Adenocarcinoma high grade,0.4943649470806122,0.4943649470806122,81,0.9362733538811274,73,2,3,0,0,1,0,0,0,0,1,0,1,0.9012345679012346,0.024691358024691357,0.037037037037037035,0.0,0.0,0.012345679012345678,0.0,0.0,0.0,0.0,0.012345679012345678,0.0,0.012345679012345678
0896,0829237,Adenocarcinoma high grade,0.4594423770904541,0.4594423770904541,70,0.9885164350089765,66,2,1,0,0,0,1,0,0,0,0,0,0,0.9428571428571428,0.02857142857142857,0.014285714285714285,0.0,0.0,0.0,0.014285714285714285,0.0,0.0,0.0,0.0,0.0,0.0
0896,0829312,Adenocarcinoma high grade,0.4892686605453491,0.4892686605453491,65,0.9901889444116035,60,3,2,0,0,0,0,0,0,0,0,0,0,0.9230769230769231,0.046153846153846156,0.03076923076923077,0.0,0.0,0.0,0.0,0.0,0.0,0.0,0.0,0.0,0.0
0896,0857072,Adenocarcinoma high grade,0.46619153022766113,0.46619153022766113,40,0.9999999921854277,37,3,0,0,0,0,0,0,0,0,0,0,0,0.925,0.075,0.0,0.0,0.0,0.0,0.0,0.0,0.0,0.0,0.0,0.0,0.0
0896,0886580,Adenocarcinoma high grade,0.4725533127784729,0.4725533127784729,67,0.9952126098075357,66,1,0,0,0,0,0,0,0,0,0,0,0,0.9850746268656716,0.014925373134328358,0.0,0.0,0.0,0.0,0.0,0.0,0.0,0.0,0.0,0.0,0.0
0896,0981263,Adenocarcinoma high grade,0.48989105224609375,0.48989105224609375,63,0.9895597515237209,59,1,0,0,0,2,0,0,0,0,0,0,1,0.9365079365079365,0.015873015873015872,0.0,0.0,0.0,0.031746031746031744,0.0,0.0,0.0,0.0,0.0,0.0,0.015873015873015872
0896,0996360,Adenocarcinoma high grade,0.4952039420604706,0.4952039420604706,75,0.9957974288514695,72,2,1,0,0,0,0,0,0,0,0,0,0,0.96,0.02666666666666667,0.013333333333333334,0.0,0.0,0.0,0.0,0.0,0.0,0.0,0.0,0.0,0.0
0896,1035543,Adenocarcinoma high grade,0.5044662952423096,0.5044662952423096,71,0.9585236242988322,57,1,0,0,0,10,0,0,0,0,3,0,0,0.8028169014084507,0.014084507042253521,0.0,0.0,0.0,0.14084507042253522,0.0,0.0,0.0,0.0,0.04225352112676056,0.0,0.0
0921,0244536,Adenocarcinoma high grade,0.16652198135852814,0.16652198135852814,68,0.9820587729862084,53,1,4,0,0,0,5,0,5,0,0,0,0,0.7794117647058824,0.014705882352941176,0.058823529411764705,0.0,0.0,0.0,0.07352941176470588,0.0,0.07352941176470588,0.0,0.0,0.0,0.0
0921,0364856,Adenocarcinoma high grade,0.15111197531223297,0.15111197531223297,67,0.9934900453430203,67,0,0,0,0,0,0,0,0,0,0,0,0,1.0,0.0,0.0,0.0,0.0,0.0,0.0,0.0,0.0,0.0,0.0,0.0,0.0
0921,0498110,Adenocarcinoma high grade,0.12412771582603455,0.12412771582603455,66,0.9539163325076983,23,4,12,2,0,0,25,0,0,0,0,0,0,0.3484848484848485,0.06060606060606061,0.18181818181818182,0.030303030303030304,0.0,0.0,0.3787878787878788,0.0,0.0,0.0,0.0,0.0,0.0
0921,0558101,Adenocarcinoma high grade,0.1760525107383728,0.1760525107383728,86,0.9872065178167229,85,0,1,0,0,0,0,0,0,0,0,0,0,0.9883720930232558,0.0,0.011627906976744186,0.0,0.0,0.0,0.0,0.0,0.0,0.0,0.0,0.0,0.0
0921,0718586,Adenocarcinoma high grade,0.16957256197929382,0.16957256197929382,85,0.9481312197056816,40,8,11,0,0,0,21,0,5,0,0,0,0,0.47058823529411764,0.09411764705882353,0.12941176470588237,0.0,0.0,0.0,0.24705882352941178,0.0,0.058823529411764705,0.0,0.0,0.0,0.0
0921,0834855,Adenocarcinoma high grade,0.1718617081642151,0.1718617081642151,96,0.980669155423343,92,1,2,0,0,0,0,0,0,0,0,0,1,0.9583333333333334,0.010416666666666666,0.020833333333333332,0.0,0.0,0.0,0.0,0.0,0.0,0.0,0.0,0.0,0.010416666666666666
0921,0835408,Adenocarcinoma high grade,0.1563304364681244,0.1563304364681244,77,0.9775209123496749,71,0,3,0,0,0,3,0,0,0,0,0,0,0.922077922077922,0.0,0.03896103896103896,0.0,0.0,0.0,0.03896103896103896,0.0,0.0,0.0,0.0,0.0,0.0
0921,0880899,Adenocarcinoma high grade,0.14455896615982056,0.14455896615982056,68,0.9893631408646257,49,5,3,0,0,0,5,0,6,0,0,0,0,0.7205882352941176,0.07352941176470588,0.04411764705882353,0.0,0.0,0.0,0.07352941176470588,0.0,0.08823529411764706,0.0,0.0,0.0,0.0
0921,0907430,Adenocarcinoma high grade,0.15047165751457214,0.15047165751457214,48,0.9691630830206296,43,0,3,0,0,0,0,0,2,0,0,0,0,0.8958333333333334,0.0,0.0625,0.0,0.0,0.0,0.0,0.0,0.041666666666666664,0.0,0.0,0.0,0.0
0921,0959176,Adenocarcinoma high grade,0.15351398289203644,0.15351398289203644,44,0.9354591244762601,22,2,3,1,0,0,3,1,12,0,0,0,0,0.5,0.045454545454545456,0.06818181818181818,0.022727272727272728,0.0,0.0,0.06818181818181818,0.022727272727272728,0.2727272727272727,0.0,0.0,0.0,0.0
0932,0854723,Adenocarcinoma high grade,0.4092758595943451,0.4092758595943451,38,0.9484337487975453,18,0,17,0,0,0,3,0,0,0,0,0,0,0.47368421052631576,0.0,0.4473684210526316,0.0,0.0,0.0,0.07894736842105263,0.0,0.0,0.0,0.0,0.0,0.0
0951,0571535,Adenocarcinoma high grade,0.27355989813804626,0.27355989813804626,52,0.9259341758105031,29,4,7,1,0,0,3,0,5,0,0,0,3,0.5576923076923077,0.07692307692307693,0.1346153846153846,0.019230769230769232,0.0,0.0,0.057692307692307696,0.0,0.09615384615384616,0.0,0.0,0.0,0.057692307692307696
0968,0117941,Adenocarcinoma high grade,0.3540274500846863,0.3540274500846863,33,0.9792246361408046,31,0,2,0,0,0,0,0,0,0,0,0,0,0.9393939393939394,0.0,0.06060606060606061,0.0,0.0,0.0,0.0,0.0,0.0,0.0,0.0,0.0,0.0
0968,0217400,Adenocarcinoma high grade,0.1950046718120575,0.1950046718120575,40,0.996409907612389,38,0,0,0,0,0,1,0,0,0,0,1,0,0.95,0.0,0.0,0.0,0.0,0.0,0.025,0.0,0.0,0.0,0.0,0.025,0.0
0999,0402371,Adenocarcinoma high grade,0.13438983261585236,0.13438983261585236,83,0.9306073366982408,21,40,5,6,0,0,7,0,4,0,0,0,0,0.25301204819277107,0.4819277108433735,0.060240963855421686,0.07228915662650602,0.0,0.0,0.08433734939759036,0.0,0.04819277108433735,0.0,0.0,0.0,0.0
0999,0801323,Adenocarcinoma high grade,0.16024337708950043,0.16024337708950043,69,0.9375226949214813,12,10,18,4,0,0,14,0,4,0,0,0,7,0.17391304347826086,0.14492753623188406,0.2608695652173913,0.057971014492753624,0.0,0.0,0.2028985507246377,0.0,0.057971014492753624,0.0,0.0,0.0,0.10144927536231885
1004,0125763,Adenocarcinoma high grade,0.497530996799469,0.497530996799469,82,0.962034086639172,62,8,0,4,0,3,1,0,0,0,0,0,4,0.7560975609756098,0.0975609756097561,0.0,0.04878048780487805,0.0,0.036585365853658534,0.012195121951219513,0.0,0.0,0.0,0.0,0.0,0.04878048780487805
1004,0429553,Adenocarcinoma high grade,0.48239943385124207,0.48239943385124207,69,0.9999999923693289,69,0,0,0,0,0,0,0,0,0,0,0,0,1.0,0.0,0.0,0.0,0.0,0.0,0.0,0.0,0.0,0.0,0.0,0.0,0.0
1004,1003745,Adenocarcinoma high grade,0.4672183692455292,0.4672183692455292,67,0.97181319495132,61,4,0,0,0,1,0,0,0,0,0,0,1,0.9104477611940298,0.05970149253731343,0.0,0.0,0.0,0.014925373134328358,0.0,0.0,0.0,0.0,0.0,0.0,0.014925373134328358
1004,1017132,Adenocarcinoma high grade,0.46298977732658386,0.46298977732658386,56,0.9374900937457973,36,6,6,0,0,3,1,0,0,0,0,0,4,0.6428571428571429,0.10714285714285714,0.10714285714285714,0.0,0.0,0.05357142857142857,0.017857142857142856,0.0,0.0,0.0,0.0,0.0,0.07142857142857142
1081,0847046,Adenocarcinoma high grade,0.2446855753660202,0.2446855753660202,66,0.9515641900713845,43,20,2,0,0,0,1,0,0,0,0,0,0,0.6515151515151515,0.30303030303030304,0.030303030303030304,0.0,0.0,0.0,0.015151515151515152,0.0,0.0,0.0,0.0,0.0,0.0
1119,0574416,Adenocarcinoma high grade,0.19104820489883423,0.19104820489883423,67,0.9436673207219013,55,4,2,1,0,1,1,0,0,0,0,0,3,0.8208955223880597,0.05970149253731343,0.029850746268656716,0.014925373134328358,0.0,0.014925373134328358,0.014925373134328358,0.0,0.0,0.0,0.0,0.0,0.04477611940298507
1286,0499825,Adenocarcinoma high grade,0.19144409894943237,0.19144409894943237,59,0.910458223584631,10,5,26,5,0,0,7,0,6,0,0,0,0,0.1694915254237288,0.0847457627118644,0.4406779661016949,0.0847457627118644,0.0,0.0,0.11864406779661017,0.0,0.1016949152542373,0.0,0.0,0.0,0.0
1286,0526320,Adenocarcinoma high grade,0.16208726167678833,0.16208726167678833,52,0.9446527969486899,40,1,6,0,0,2,1,0,2,0,0,0,0,0.7692307692307693,0.019230769230769232,0.11538461538461539,0.0,0.0,0.038461538461538464,0.019230769230769232,0.0,0.038461538461538464,0.0,0.0,0.0,0.0
1286,0887742,Adenocarcinoma high grade,0.1774439811706543,0.1774439811706543,69,0.9582972380408062,49,11,0,0,0,1,0,0,7,0,0,0,1,0.7101449275362319,0.15942028985507245,0.0,0.0,0.0,0.014492753623188406,0.0,0.0,0.10144927536231885,0.0,0.0,0.0,0.014492753623188406
1355,0093039,Adenocarcinoma high grade,0.4636171758174896,0.4636171758174896,54,0.9833797385808276,46,5,1,0,0,0,0,0,0,0,0,0,2,0.8518518518518519,0.09259259259259259,0.018518518518518517,0.0,0.0,0.0,0.0,0.0,0.0,0.0,0.0,0.0,0.037037037037037035
1355,1037098,Adenocarcinoma high grade,0.47601306438446045,0.47601306438446045,60,0.9757106251658654,49,7,3,0,0,0,0,0,0,0,0,0,1,0.8166666666666667,0.11666666666666667,0.05,0.0,0.0,0.0,0.0,0.0,0.0,0.0,0.0,0.0,0.016666666666666666
1440,0076701,Adenocarcinoma high grade,0.5436369180679321,0.5436369180679321,75,0.8484638371281332,36,14,6,1,0,10,0,1,3,0,1,1,2,0.48,0.18666666666666668,0.08,0.013333333333333334,0.0,0.13333333333333333,0.0,0.013333333333333334,0.04,0.0,0.013333333333333334,0.013333333333333334,0.02666666666666667
1440,0134143,Adenocarcinoma high grade,0.5456901788711548,0.5456901788711548,72,0.9428106213605325,54,3,0,2,0,12,0,0,0,0,1,0,0,0.75,0.041666666666666664,0.0,0.027777777777777776,0.0,0.16666666666666666,0.0,0.0,0.0,0.0,0.013888888888888888,0.0,0.0
1440,0185977,Adenocarcinoma high grade,0.5490004420280457,0.5490004420280457,89,0.8809000149504549,25,31,5,8,0,16,0,0,0,0,0,0,4,0.2808988764044944,0.34831460674157305,0.056179775280898875,0.0898876404494382,0.0,0.1797752808988764,0.0,0.0,0.0,0.0,0.0,0.0,0.0449438202247191
1440,0259790,Adenocarcinoma high grade,0.5397986769676208,0.5397986769676208,89,0.881506402825777,51,12,7,0,0,6,10,0,0,0,0,0,3,0.5730337078651685,0.1348314606741573,0.07865168539325842,0.0,0.0,0.06741573033707865,0.11235955056179775,0.0,0.0,0.0,0.0,0.0,0.033707865168539325
1440,0263501,Adenocarcinoma high grade,0.543324887752533,0.543324887752533,79,0.9328410001960384,48,3,3,1,0,18,0,0,1,0,3,0,2,0.6075949367088608,0.0379746835443038,0.0379746835443038,0.012658227848101266,0.0,0.22784810126582278,0.0,0.0,0.012658227848101266,0.0,0.0379746835443038,0.0,0.02531645569620253
1440,0270352,Adenocarcinoma high grade,0.5387529730796814,0.5387529730796814,77,0.9140395149909031,58,5,1,0,0,6,2,0,0,0,0,0,5,0.7532467532467533,0.06493506493506493,0.012987012987012988,0.0,0.0,0.07792207792207792,0.025974025974025976,0.0,0.0,0.0,0.0,0.0,0.06493506493506493
1440,0291226,Adenocarcinoma high grade,0.5466086864471436,0.5466086864471436,101,0.8705627798030993,33,29,8,7,0,17,4,0,0,0,0,0,3,0.32673267326732675,0.2871287128712871,0.07920792079207921,0.06930693069306931,0.0,0.16831683168316833,0.039603960396039604,0.0,0.0,0.0,0.0,0.0,0.0297029702970297
1440,0359025,Adenocarcinoma high grade,0.5453424453735352,0.5453424453735352,86,0.8902826463498548,37,12,2,2,0,28,5,0,0,0,0,0,0,0.43023255813953487,0.13953488372093023,0.023255813953488372,0.023255813953488372,0.0,0.32558139534883723,0.05813953488372093,0.0,0.0,0.0,0.0,0.0,0.0
1440,0502062,Adenocarcinoma high grade,0.5451818108558655,0.5451818108558655,90,0.8802395260067092,53,10,4,2,0,12,4,0,0,0,1,0,4,0.5888888888888889,0.1111111111111111,0.044444444444444446,0.022222222222222223,0.0,0.13333333333333333,0.044444444444444446,0.0,0.0,0.0,0.011111111111111112,0.0,0.044444444444444446
1440,0502570,Adenocarcinoma high grade,0.5460633039474487,0.5460633039474487,76,0.891399968250678,43,7,8,2,0,13,1,0,0,0,1,0,1,0.5657894736842105,0.09210526315789473,0.10526315789473684,0.02631578947368421,0.0,0.17105263157894737,0.013157894736842105,0.0,0.0,0.0,0.013157894736842105,0.0,0.013157894736842105
1440,0514441,Adenocarcinoma high grade,0.5457541346549988,0.5457541346549988,66,0.9443573714920527,48,8,1,2,0,1,1,0,1,0,0,0,4,0.7272727272727273,0.12121212121212122,0.015151515151515152,0.030303030303030304,0.0,0.015151515151515152,0.015151515151515152,0.0,0.015151515151515152,0.0,0.0,0.0,0.06060606060606061
1440,0623044,Adenocarcinoma high grade,0.5447410941123962,0.5447410941123962,71,0.9620756437212908,60,2,1,1,0,6,0,0,0,0,1,0,0,0.8450704225352113,0.028169014084507043,0.014084507042253521,0.014084507042253521,0.0,0.08450704225352113,0.0,0.0,0.0,0.0,0.014084507042253521,0.0,0.0
1440,0639782,Adenocarcinoma high grade,0.5477534532546997,0.5477534532546997,63,0.8878074939097772,42,5,0,1,0,8,2,0,2,0,1,0,2,0.6666666666666666,0.07936507936507936,0.0,0.015873015873015872,0.0,0.12698412698412698,0.031746031746031744,0.0,0.031746031746031744,0.0,0.015873015873015872,0.0,0.031746031746031744
1440,0686264,Adenocarcinoma high grade,0.5481691956520081,0.5481691956520081,90,0.8732426263597864,26,37,3,6,0,7,9,0,0,0,1,0,1,0.28888888888888886,0.4111111111111111,0.03333333333333333,0.06666666666666667,0.0,0.07777777777777778,0.1,0.0,0.0,0.0,0.011111111111111112,0.0,0.011111111111111112
1440,0708181,Adenocarcinoma high grade,0.5455614924430847,0.5455614924430847,82,0.9056206442724738,45,4,5,4,0,17,2,0,0,0,1,0,4,0.5487804878048781,0.04878048780487805,0.06097560975609756,0.04878048780487805,0.0,0.2073170731707317,0.024390243902439025,0.0,0.0,0.0,0.012195121951219513,0.0,0.04878048780487805
1440,0712733,Adenocarcinoma high grade,0.5430735349655151,0.5430735349655151,68,0.9444729009895755,53,3,0,1,0,8,1,0,0,0,2,0,0,0.7794117647058824,0.04411764705882353,0.0,0.014705882352941176,0.0,0.11764705882352941,0.014705882352941176,0.0,0.0,0.0,0.029411764705882353,0.0,0.0
1440,0755387,Adenocarcinoma high grade,0.5377578139305115,0.5377578139305115,76,0.9539135912947959,57,1,2,1,0,10,3,0,0,0,0,0,2,0.75,0.013157894736842105,0.02631578947368421,0.013157894736842105,0.0,0.13157894736842105,0.039473684210526314,0.0,0.0,0.0,0.0,0.0,0.02631578947368421
1440,0846968,Adenocarcinoma high grade,0.5466615557670593,0.5466615557670593,79,0.9640929466647936,72,1,2,0,0,4,0,0,0,0,0,0,0,0.9113924050632911,0.012658227848101266,0.02531645569620253,0.0,0.0,0.05063291139240506,0.0,0.0,0.0,0.0,0.0,0.0,0.0
1440,0914093,Adenocarcinoma high grade,0.5437313914299011,0.5437313914299011,63,0.9394325171496305,46,2,2,1,0,6,1,0,1,0,1,0,3,0.7301587301587301,0.031746031746031744,0.031746031746031744,0.015873015873015872,0.0,0.09523809523809523,0.015873015873015872,0.0,0.015873015873015872,0.0,0.015873015873015872,0.0,0.047619047619047616
1440,0937309,Adenocarcinoma high grade,0.5493068695068359,0.5493068695068359,76,0.9627613337846173,64,1,3,1,0,5,0,0,0,0,0,0,2,0.8421052631578947,0.013157894736842105,0.039473684210526314,0.013157894736842105,0.0,0.06578947368421052,0.0,0.0,0.0,0.0,0.0,0.0,0.02631578947368421
1440,0943375,Adenocarcinoma high grade,0.5475634932518005,0.5475634932518005,71,0.907750202890802,40,6,4,1,0,14,0,1,0,0,0,1,4,0.5633802816901409,0.08450704225352113,0.056338028169014086,0.014084507042253521,0.0,0.19718309859154928,0.0,0.014084507042253521,0.0,0.0,0.0,0.014084507042253521,0.056338028169014086
1440,1025245,Adenocarcinoma high grade,0.5438494682312012,0.5438494682312012,84,0.9100373488770634,53,3,2,0,0,20,3,0,0,0,1,0,2,0.6309523809523809,0.03571428571428571,0.023809523809523808,0.0,0.0,0.23809523809523808,0.03571428571428571,0.0,0.0,0.0,0.011904761904761904,0.0,0.023809523809523808
1469,0606375,Adenocarcinoma high grade,0.41210949420928955,0.41210949420928955,89,0.9763229213227366,21,64,0,3,0,0,1,0,0,0,0,0,0,0.23595505617977527,0.7191011235955056,0.0,0.033707865168539325,0.0,0.0,0.011235955056179775,0.0,0.0,0.0,0.0,0.0,0.0
1505,0501172,Adenocarcinoma high grade,0.19063326716423035,0.19063326716423035,75,0.9780359194664942,72,1,1,0,0,0,0,0,0,0,0,0,1,0.96,0.013333333333333334,0.013333333333333334,0.0,0.0,0.0,0.0,0.0,0.0,0.0,0.0,0.0,0.013333333333333334
1620,0895581,Adenocarcinoma high grade,0.07761339098215103,0.07761339098215103,80,0.9271497985130214,59,0,7,1,0,0,10,0,1,0,2,0,0,0.7375,0.0,0.0875,0.0125,0.0,0.0,0.125,0.0,0.0125,0.0,0.025,0.0,0.0
